NA,NA,NA,NA,NA,NA,NA,NA,NA,NA,NA,NA,NA,NA,NA,NA,NA,NA,NA,NA,NA,NA,NA,NA,NA,NA,NA,NA,NA,NA,NA,NA,NA,NA,NA,NA,NA,NA,NA,NA,NA,NA,NA,NA,NA,NA,NA,NA,NA,NA,NA,NA,NA,NA,NA,NA,NA,NA,NA,NA,NA,NA,NA,NA,NA,
NA,NA,NA,NA,NA,NA,NA,NA,NA,NA,NA,NA,NA,NA,NA,NA,NA,NA,NA,NA,NA,NA,NA,NA,NA,NA,NA,NA,NA,NA,NA,NA,NA,NA,NA,NA,NA,NA,NA,NA,NA,NA,NA,NA,NA,NA,NA,NA,NA,NA,NA,NA,NA,NA,NA,NA,NA,NA,NA,NA,NA,NA,NA,NA,NA,
NA,NA,NA,NA,NA,NA,NA,NA,NA,NA,NA,NA,NA,NA,NA,NA,NA,NA,NA,NA,NA,NA,NA,NA,NA,NA,NA,NA,NA,NA,NA,NA,NA,NA,NA,NA,NA,NA,NA,NA,NA,NA,NA,NA,NA,NA,NA,NA,NA,NA,NA,NA,NA,NA,NA,NA,NA,NA,NA,NA,NA,NA,NA,NA,NA,
NA,NA,NA,NA,NA,NA,NA,NA,NA,NA,NA,NA,NA,NA,NA,NA,NA,NA,NA,NA,NA,NA,NA,NA,NA,NA,NA,NA,NA,NA,NA,NA,NA,NA,NA,NA,NA,NA,NA,NA,NA,NA,NA,NA,NA,NA,NA,NA,NA,NA,NA,NA,NA,NA,NA,NA,NA,NA,NA,NA,NA,NA,NA,NA,NA,
NA,NA,NA,NA,NA,NA,NA,NA,NA,NA,NA,NA,NA,NA,NA,NA,NA,NA,NA,NA,NA,NA,NA,NA,NA,NA,NA,NA,NA,NA,NA,NA,NA,NA,NA,NA,NA,NA,NA,NA,NA,NA,NA,NA,NA,NA,NA,NA,NA,NA,NA,NA,NA,NA,NA,NA,NA,NA,NA,NA,NA,NA,NA,NA,NA,
NA,NA,NA,NA,NA,NA,NA,NA,NA,NA,NA,NA,NA,NA,NA,NA,NA,NA,NA,NA,NA,NA,NA,NA,NA,NA,NA,NA,NA,NA,NA,NA,NA,NA,NA,NA,NA,NA,NA,NA,NA,NA,NA,NA,NA,NA,NA,NA,NA,NA,NA,NA,NA,NA,NA,NA,NA,NA,NA,NA,NA,NA,NA,NA,NA,
NA,NA,NA,NA,NA,NA,NA,NA,NA,NA,NA,NA,NA,NA,NA,NA,NA,NA,NA,NA,NA,NA,NA,NA,NA,NA,NA,NA,NA,NA,NA,NA,NA,NA,NA,NA,NA,NA,NA,NA,NA,NA,NA,NA,NA,NA,NA,NA,NA,NA,NA,NA,NA,NA,NA,NA,NA,NA,NA,NA,NA,NA,NA,NA,NA,
NA,NA,NA,NA,NA,NA,NA,NA,NA,NA,NA,NA,NA,NA,NA,NA,NA,NA,NA,NA,NA,NA,NA,NA,NA,NA,NA,NA,NA,NA,NA,NA,NA,NA,NA,NA,NA,NA,NA,NA,NA,NA,NA,NA,NA,NA,NA,NA,NA,NA,NA,NA,NA,NA,NA,NA,NA,NA,NA,NA,NA,NA,NA,NA,NA,
NA,NA,NA,NA,NA,NA,NA,NA,NA,NA,NA,NA,NA,NA,NA,NA,NA,NA,NA,NA,NA,NA,NA,NA,NA,NA,NA,NA,NA,NA,NA,NA,NA,NA,NA,NA,NA,NA,NA,NA,NA,NA,NA,NA,NA,NA,NA,NA,NA,NA,NA,NA,NA,NA,NA,NA,NA,NA,NA,NA,NA,NA,NA,NA,NA,
NA,NA,NA,NA,NA,NA,NA,NA,NA,NA,NA,NA,NA,NA,NA,NA,NA,NA,NA,NA,NA,NA,NA,NA,NA,NA,NA,NA,NA,NA,NA,NA,NA,NA,NA,NA,NA,NA,NA,NA,NA,NA,NA,NA,NA,NA,NA,NA,NA,NA,NA,NA,NA,NA,NA,NA,NA,NA,NA,NA,NA,NA,NA,NA,NA,
NA,NA,NA,NA,NA,NA,NA,NA,NA,NA,NA,NA,NA,NA,NA,NA,NA,NA,NA,NA,NA,NA,NA,NA,NA,NA,NA,NA,NA,NA,NA,NA,NA,NA,NA,NA,NA,NA,NA,NA,NA,NA,NA,NA,NA,NA,NA,NA,NA,NA,NA,NA,NA,NA,NA,NA,NA,NA,NA,NA,NA,NA,NA,NA,NA,
NA,NA,NA,NA,NA,NA,NA,NA,NA,NA,NA,NA,NA,NA,NA,NA,NA,NA,NA,NA,NA,NA,NA,NA,NA,NA,NA,NA,NA,NA,NA,NA,NA,NA,NA,NA,NA,NA,NA,NA,NA,NA,NA,NA,NA,NA,NA,NA,NA,NA,NA,NA,NA,NA,NA,NA,NA,NA,NA,NA,NA,NA,NA,NA,NA,
NA,NA,NA,NA,NA,NA,NA,NA,NA,NA,NA,NA,NA,NA,NA,NA,NA,NA,NA,NA,NA,NA,NA,NA,NA,NA,NA,NA,NA,NA,NA,NA,NA,NA,NA,NA,NA,NA,NA,NA,NA,NA,NA,NA,NA,NA,NA,NA,NA,NA,NA,NA,NA,NA,NA,NA,NA,NA,NA,NA,NA,NA,NA,NA,NA,
NA,NA,NA,NA,NA,NA,NA,NA,NA,NA,NA,NA,NA,NA,NA,NA,NA,NA,NA,NA,NA,NA,NA,NA,NA,NA,NA,NA,NA,NA,NA,NA,NA,NA,NA,NA,NA,NA,NA,NA,NA,NA,NA,NA,NA,NA,NA,NA,NA,NA,NA,NA,NA,NA,NA,NA,NA,NA,NA,NA,NA,NA,NA,NA,NA,
NA,NA,NA,NA,NA,NA,NA,NA,NA,NA,NA,NA,NA,NA,NA,NA,NA,NA,NA,NA,NA,NA,NA,NA,NA,NA,NA,NA,NA,NA,NA,NA,NA,NA,NA,NA,NA,NA,NA,NA,NA,NA,NA,NA,NA,NA,NA,NA,NA,NA,NA,NA,NA,NA,NA,NA,NA,NA,NA,NA,NA,NA,NA,NA,NA,
NA,NA,NA,NA,NA,NA,NA,NA,NA,NA,NA,NA,NA,NA,NA,NA,NA,NA,NA,NA,NA,NA,NA,NA,NA,NA,NA,NA,NA,NA,NA,NA,NA,NA,NA,NA,NA,NA,NA,NA,NA,NA,NA,NA,NA,NA,NA,NA,NA,NA,NA,NA,NA,NA,NA,NA,NA,NA,NA,NA,NA,NA,NA,NA,NA,
NA,NA,NA,NA,NA,NA,NA,NA,NA,NA,NA,NA,NA,NA,NA,NA,NA,NA,NA,NA,NA,NA,NA,NA,NA,NA,NA,NA,NA,NA,NA,NA,NA,NA,NA,NA,NA,NA,NA,NA,NA,NA,NA,NA,NA,NA,NA,NA,NA,NA,NA,NA,NA,NA,NA,NA,NA,NA,NA,NA,NA,NA,NA,NA,NA,
NA,NA,NA,NA,NA,NA,NA,NA,NA,NA,NA,NA,NA,NA,NA,NA,NA,NA,NA,NA,NA,NA,NA,NA,NA,NA,NA,NA,NA,NA,NA,NA,NA,NA,NA,NA,NA,NA,NA,NA,NA,NA,NA,NA,NA,NA,NA,NA,NA,NA,NA,NA,NA,NA,NA,NA,NA,NA,NA,NA,NA,NA,NA,NA,NA,
NA,NA,NA,NA,NA,NA,NA,NA,NA,NA,NA,NA,NA,NA,NA,NA,NA,NA,NA,NA,NA,NA,NA,NA,NA,NA,NA,NA,NA,NA,NA,NA,NA,NA,NA,NA,NA,NA,NA,NA,NA,NA,NA,NA,NA,NA,NA,NA,NA,NA,NA,NA,NA,NA,NA,NA,NA,NA,NA,NA,NA,NA,NA,NA,NA,
NA,NA,NA,NA,NA,NA,NA,NA,NA,NA,NA,NA,NA,NA,NA,NA,NA,NA,NA,NA,NA,NA,NA,NA,NA,NA,NA,NA,NA,NA,NA,NA,NA,NA,NA,NA,NA,NA,NA,NA,NA,NA,NA,NA,NA,NA,NA,NA,NA,NA,NA,NA,NA,NA,NA,NA,NA,NA,NA,NA,NA,NA,NA,NA,NA,
NA,NA,NA,NA,NA,NA,NA,NA,NA,NA,NA,NA,NA,NA,NA,NA,NA,NA,NA,NA,  4.85206E-03,NA,NA,NA,NA,NA,NA,NA,NA,NA,NA,NA,NA,NA,NA,NA,NA,NA,NA,NA,NA,NA,NA,NA,  4.83209E-03,NA,NA,NA,NA,NA,NA,NA,NA,NA,NA,NA,NA,NA,NA,NA,NA,NA,NA,NA,NA,
NA,NA,NA,NA,NA,NA,NA,NA,NA,NA,NA,NA,NA,NA,NA,NA,NA,NA,  6.57251E-04,  1.92611E-03,NA,NA,NA,NA,NA,NA,NA,NA,NA,NA,NA,NA,NA,NA,NA,NA,NA,NA,NA,NA,NA,NA,NA,NA,NA,  1.94369E-03,  7.01941E-04,NA,NA,NA,NA,NA,NA,NA,NA,NA,NA,NA,NA,NA,NA,NA,NA,NA,NA,
NA,NA,NA,NA,NA,NA,NA,NA,NA,NA,NA,NA,NA,NA,NA,NA, -2.23903E-03, -1.64792E-03, -7.49704E-04,NA,NA,NA,NA,NA,NA,NA,NA,NA,NA,NA,NA,NA,NA,NA,NA,NA,NA,NA,NA,NA,NA,NA,NA,NA,NA,NA, -6.93802E-04, -1.56829E-03, -2.14108E-03,NA,NA,NA,NA,NA,NA,NA,NA,NA,NA,NA,NA,NA,NA,NA,NA,
NA,NA,NA,NA,NA,NA,NA,NA,NA,NA,NA,NA,NA,NA, -3.99747E-03, -3.92119E-03, -3.64924E-03, -3.11562E-03,NA,NA,NA,NA,NA,NA,NA,NA,NA,NA,NA,NA,NA,NA,NA,NA,NA,NA,NA,NA,NA,NA,NA,NA,NA,NA,NA,NA, -2.17213E-03, -3.02150E-03, -3.53541E-03, -3.79303E-03, -3.85945E-03,NA,NA,NA,NA,NA,NA,NA,NA,NA,NA,NA,NA,NA,NA,
NA,NA,NA,NA,NA,NA,NA,NA,NA,NA,NA,NA,NA, -5.11615E-03, -5.28676E-03, -5.30955E-03, -5.12249E-03, -4.64771E-03,NA,NA,NA,NA,NA,NA,NA,NA,NA,NA,NA,NA,NA,NA,NA,NA,NA,NA,NA,NA,NA,NA,NA,NA,NA,NA,NA,NA,NA, -4.53785E-03, -4.99131E-03, -5.16326E-03, -5.13059E-03, -4.95411E-03,NA,NA,NA,NA,NA,NA,NA,NA,NA,NA,NA,NA,NA,
NA,NA,NA,NA,NA,NA,NA,NA,NA,NA,NA, -5.50870E-03, -5.94672E-03, -6.32661E-03, -6.60743E-03, -6.73441E-03, -6.63567E-03,NA,NA,NA,NA,NA,NA,NA,NA,NA,NA,NA,NA,NA,NA,NA,NA,NA,NA,NA,NA,NA,NA,NA,NA,NA,NA,NA,NA,NA,NA,NA, -6.48563E-03, -6.56860E-03, -6.43173E-03, -6.14566E-03, -5.76397E-03, -5.32681E-03,NA,NA,NA,NA,NA,NA,NA,NA,NA,NA,NA,
NA,NA,NA,NA,NA,NA,NA,NA,NA,NA, -5.93969E-03, -6.50523E-03, -7.05020E-03, -7.54226E-03, -7.93611E-03, -8.16989E-03, -8.15997E-03,NA,NA,NA,NA,NA,NA,NA,NA,NA,NA,NA,NA,NA,NA,NA,NA,NA,NA,NA,NA,NA,NA,NA,NA,NA,NA,NA,NA,NA,NA,NA, -7.98971E-03, -7.98308E-03, -7.73963E-03, -7.34116E-03, -6.84844E-03, -6.30564E-03, -5.74413E-03,NA,NA,NA,NA,NA,NA,NA,NA,NA,NA,
NA,NA,NA,NA,NA,NA,NA,NA,NA, -6.16855E-03, -6.82148E-03, -7.48499E-03, -8.13575E-03, -8.73910E-03, -9.24518E-03, -9.58408E-03, -9.65938E-03,NA,NA,NA,NA,NA,NA,NA,NA,NA,NA,NA,NA,NA,NA,NA,NA,NA,NA,NA,NA,NA,NA,NA,NA,NA,NA,NA,NA,NA,NA,NA, -9.46752E-03, -9.37494E-03, -9.02657E-03, -8.51687E-03, -7.91412E-03, -7.26697E-03, -6.60899E-03, -5.96293E-03,NA,NA,NA,NA,NA,NA,NA,NA,NA,
NA,NA,NA,NA,NA,NA,NA,NA, -6.23126E-03, -6.93455E-03, -7.67226E-03, -8.42895E-03, -9.18051E-03, -9.88962E-03, -1.05019E-02, -1.09387E-02,NA,NA,NA,NA,NA,NA,NA,NA,NA,NA,NA,NA,NA,NA,NA,NA,NA,NA,NA,NA,NA,NA,NA,NA,NA,NA,NA,NA,NA,NA,NA,NA,NA, -1.07061E-02, -1.02603E-02, -9.64549E-03, -8.93831E-03, -8.19195E-03, -7.44231E-03, -6.71313E-03, -6.01898E-03,NA,NA,NA,NA,NA,NA,NA,NA,
NA,NA,NA,NA,NA,NA,NA, -6.16545E-03, -6.88784E-03, -7.66078E-03, -8.47579E-03, -9.31720E-03, -1.01598E-02, -1.09638E-02, -1.16696E-02, -1.21891E-02,NA,NA,NA,NA,NA,NA,NA,NA,NA,NA,NA,NA,NA,NA,NA,NA,NA,NA,NA,NA,NA,NA,NA,NA,NA,NA,NA,NA,NA,NA,NA,NA,NA, -1.19325E-02, -1.14044E-02, -1.06973E-02, -9.89680E-03, -9.06105E-03, -8.22835E-03, -7.42354E-03, -6.66114E-03, -5.94956E-03,NA,NA,NA,NA,NA,NA,NA,
NA,NA,NA,NA,NA,NA, -6.00696E-03, -6.72429E-03, -7.50145E-03, -8.33499E-03, -9.21653E-03, -1.01300E-02, -1.10489E-02, -1.19304E-02, -1.27091E-02, -1.32865E-02,NA,NA,NA,NA,NA,NA,NA,NA,NA,NA,NA,NA,NA,NA,NA,NA,NA,NA,NA,NA,NA,NA,NA,NA,NA,NA,NA,NA,NA,NA,NA,NA,NA, -1.30058E-02, -1.24203E-02, -1.16415E-02, -1.07651E-02, -9.85474E-03, -8.95178E-03, -8.08203E-03, -7.26063E-03, -6.49568E-03, -5.79033E-03,NA,NA,NA,NA,NA,NA,
NA,NA,NA,NA,NA, -5.78727E-03, -6.48260E-03, -7.24140E-03, -8.06374E-03, -8.94630E-03, -9.88038E-03, -1.08493E-02, -1.18245E-02, -1.27597E-02, -1.35821E-02,NA,NA,NA,NA,NA,NA,NA,NA,NA,NA,NA,NA,NA,NA,NA,NA,NA,NA,NA,NA,NA,NA,NA,NA,NA,NA,NA,NA,NA,NA,NA,NA,NA,NA,NA, -1.32703E-02, -1.24488E-02, -1.15203E-02, -1.05554E-02, -9.59862E-03, -8.67787E-03, -7.80904E-03, -7.00031E-03, -6.25476E-03, -5.57213E-03,NA,NA,NA,NA,NA,
NA,NA,NA,NA, -5.53171E-03, -6.19459E-03, -6.92036E-03, -7.71155E-03, -8.56807E-03, -9.48612E-03, -1.04563E-02, -1.14605E-02, -1.24673E-02, -1.34258E-02, -1.42548E-02,NA,NA,NA,NA,NA,NA,NA,NA,NA,NA,NA,NA,NA,NA,NA,NA,NA,NA,NA,NA,NA,NA,NA,NA,NA,NA,NA,NA,NA,NA,NA,NA,NA,NA,NA, -1.39209E-02, -1.30938E-02, -1.21436E-02, -1.11485E-02, -1.01583E-02, -9.20290E-03, -8.29999E-03, -7.45855E-03, -6.68176E-03, -5.96974E-03, -5.31995E-03,NA,NA,NA,NA,
NA,NA,NA,NA, -5.88452E-03, -6.56973E-03, -7.31831E-03, -8.13225E-03, -9.01074E-03, -9.94932E-03, -1.09371E-02, -1.19536E-02, -1.29640E-02, -1.39109E-02, -1.47029E-02,NA,NA,NA,NA,NA,NA,NA,NA,NA,NA,NA,NA,NA,NA,NA,NA,NA,NA,NA,NA,NA,NA,NA,NA,NA,NA,NA,NA,NA,NA,NA,NA,NA,NA,NA, -1.43485E-02, -1.35592E-02, -1.26217E-02, -1.16246E-02, -1.06236E-02, -9.65218E-03, -8.73014E-03, -7.86778E-03, -7.06945E-03, -6.33560E-03, -5.66437E-03,NA,NA,NA,NA,
NA,NA,NA, -5.56942E-03, -6.21148E-03, -6.91288E-03, -7.67639E-03, -8.50301E-03, -9.39118E-03, -1.03348E-02, -1.13208E-02, -1.23257E-02, -1.33097E-02, -1.42077E-02,NA,NA,NA,NA,NA,NA,NA,NA,NA,NA,NA,NA,NA,NA,NA,NA,NA,NA,NA,NA,NA,NA,NA,NA,NA,NA,NA,NA,NA,NA,NA,NA,NA,NA,NA,NA,NA, -1.38379E-02, -1.29504E-02, -1.19810E-02, -1.09930E-02, -1.00247E-02, -9.09884E-03, -8.22790E-03, -7.41785E-03, -6.67009E-03, -5.98348E-03, -5.35518E-03,NA,NA,NA,
NA,NA, -5.25964E-03, -5.85971E-03, -6.51404E-03, -7.22571E-03, -7.99656E-03, -8.82656E-03, -9.71254E-03, -1.06461E-02, -1.16116E-02, -1.25813E-02, -1.35096E-02, -1.43226E-02,NA,NA,NA,NA,NA,NA,NA,NA,NA,NA,NA,NA,NA,NA,NA,NA,NA,NA,NA,NA,NA,NA,NA,NA,NA,NA,NA,NA,NA,NA,NA,NA,NA,NA,NA,NA,NA, -1.39364E-02, -1.31348E-02, -1.22224E-02, -1.12706E-02, -1.03240E-02, -9.40932E-03, -8.54174E-03, -7.72921E-03, -6.97486E-03, -6.27869E-03, -5.63884E-03,NA,NA,NA,
NA,NA, -5.52171E-03, -6.13210E-03, -6.79466E-03, -7.51146E-03, -8.28318E-03, -9.10824E-03, -9.98132E-03, -1.08916E-02, -1.18198E-02, -1.27335E-02, -1.35802E-02, -1.42764E-02,NA,NA,NA,NA,NA,NA,NA,NA,NA,NA,NA,NA,NA,NA,NA,NA,NA,NA,NA,NA,NA,NA,NA,NA,NA,NA,NA,NA,NA,NA,NA,NA,NA,NA,NA,NA,NA, -1.38754E-02, -1.31915E-02, -1.23616E-02, -1.14671E-02, -1.05589E-02, -9.66843E-03, -8.81456E-03, -8.00778E-03, -7.25333E-03, -6.55266E-03, -5.90520E-03, -5.30863E-03,NA,NA,
NA, -5.19983E-03, -5.77111E-03, -6.38954E-03, -7.05718E-03, -7.77514E-03, -8.54262E-03, -9.35606E-03, -1.02080E-02, -1.10843E-02, -1.19618E-02, -1.28027E-02, -1.35477E-02, -1.41033E-02,NA,NA,NA,NA,NA,NA,NA,NA,NA,NA,NA,NA,NA,NA,NA,NA,NA,NA,NA,NA,NA,NA,NA,NA,NA,NA,NA,NA,NA,NA,NA,NA,NA,NA,NA,NA,NA, -1.36890E-02, -1.31467E-02, -1.24195E-02, -1.15986E-02, -1.07420E-02, -9.88638E-03, -9.05449E-03, -8.26005E-03, -7.51039E-03, -6.80918E-03, -6.15704E-03, -5.55305E-03, -4.99507E-03,NA,
NA, -5.43049E-03, -6.01052E-03, -6.63544E-03, -7.30624E-03, -8.02288E-03, -8.78277E-03, -9.58042E-03, -1.04056E-02, -1.12409E-02, -1.20590E-02, -1.28167E-02, -1.34474E-02, -1.38489E-02,NA,NA,NA,NA,NA,NA,NA,NA,NA,NA,NA,NA,NA,NA,NA,NA,NA,NA,NA,NA,NA,NA,NA,NA,NA,NA,NA,NA,NA,NA,NA,NA,NA,NA,NA,NA,NA, -1.34226E-02, -1.30354E-02, -1.24235E-02, -1.16868E-02, -1.08903E-02, -1.00764E-02, -9.27187E-03, -8.49382E-03, -7.75236E-03, -7.05298E-03, -6.39806E-03, -5.78797E-03, -5.22162E-03,NA,
 -5.10730E-03, -5.65441E-03, -6.24290E-03, -6.87378E-03, -7.54732E-03, -8.26162E-03, -9.01289E-03, -9.79316E-03, -1.05895E-02, -1.13812E-02, -1.21365E-02, -1.28072E-02, -1.33205E-02, -1.35662E-02,NA,NA,NA,NA,NA,NA,NA,NA,NA,NA,NA,NA,NA,NA,NA,NA,NA,NA,NA,NA,NA,NA,NA,NA,NA,NA,NA,NA,NA,NA,NA,NA,NA,NA,NA,NA,NA, -1.31287E-02, -1.28988E-02, -1.24054E-02, -1.17566E-02, -1.10235E-02, -1.02539E-02, -9.47869E-03, -8.71845E-03, -7.98611E-03, -7.28931E-03, -6.63220E-03, -6.01640E-03, -5.44191E-03,NA,
 -5.31630E-03, -5.87380E-03, -6.47118E-03, -7.10881E-03, -7.78571E-03, -8.49894E-03, -9.24271E-03, -1.00071E-02, -1.07763E-02, -1.15265E-02, -1.22218E-02, -1.28093E-02, -1.32108E-02, -1.33105E-02,NA,NA,NA,NA,NA,NA,NA,NA,NA,NA,NA,NA,NA,NA,NA,NA,NA,NA,NA,NA,NA,NA,NA,NA,NA,NA,NA,NA,NA,NA,NA,NA,NA,NA,NA,NA,NA, -1.28628E-02, -1.27806E-02, -1.24002E-02, -1.18353E-02, -1.11630E-02, -1.04352E-02, -9.68747E-03, -8.94363E-03, -8.21909E-03, -7.52376E-03, -6.86347E-03, -6.24125E-03, -5.65817E-03, -5.11376E-03,
 -5.52171E-03, -6.09063E-03, -6.69838E-03, -7.34446E-03, -8.02710E-03, -8.74193E-03, -9.48178E-03, -1.02347E-02, -1.09824E-02, -1.16980E-02, -1.23420E-02, -1.28573E-02, -1.31616E-02, -1.31351E-02,NA,NA,NA,NA,NA,NA,NA,NA,NA,NA,NA,NA,NA,NA,NA,NA,NA,NA,NA,NA,NA,NA,NA,NA,NA,NA,NA,NA,NA,NA,NA,NA,NA,NA,NA,NA,NA, -1.26783E-02, -1.27242E-02, -1.24422E-02, -1.19502E-02, -1.13297E-02, -1.06370E-02, -9.91119E-03, -9.17900E-03, -8.45850E-03, -7.76178E-03, -7.09599E-03, -6.46556E-03, -5.87231E-03, -5.31669E-03,
 -5.72459E-03, -6.30656E-03, -6.92677E-03, -7.58412E-03, -8.27611E-03, -8.99738E-03, -9.73915E-03, -1.04880E-02, -1.12233E-02, -1.19158E-02, -1.25227E-02, -1.29836E-02, -1.32129E-02, -1.30883E-02,NA,NA,NA,NA,NA,NA,NA,NA,NA,NA,NA,NA,NA,NA,NA,NA,NA,NA,NA,NA,NA,NA,NA,NA,NA,NA,NA,NA,NA,NA,NA,NA,NA,NA,NA,NA,NA, -1.26236E-02, -1.27696E-02, -1.25638E-02, -1.21269E-02, -1.15438E-02, -1.08746E-02, -1.01612E-02, -9.43331E-03, -8.71101E-03, -8.00807E-03, -7.33317E-03, -6.69156E-03, -6.08599E-03, -5.51754E-03,
 -5.92554E-03, -6.52265E-03, -7.15809E-03, -7.83054E-03, -8.53657E-03, -9.27034E-03, -1.00220E-02, -1.07766E-02, -1.15122E-02, -1.21969E-02, -1.27859E-02, -1.32159E-02, -1.33985E-02, -1.32102E-02,NA,NA,NA,NA,NA,NA,NA,NA,NA,NA,NA,NA,NA,NA,NA,NA,NA,NA,NA,NA,NA,NA,NA,NA,NA,NA,NA,NA,NA,NA,NA,NA,NA,NA,NA,NA,NA, -1.27398E-02, -1.29512E-02, -1.27928E-02, -1.23873E-02, -1.18224E-02, -1.11610E-02, -1.04475E-02, -9.71391E-03, -8.98194E-03, -8.26650E-03, -7.57763E-03, -6.92113E-03, -6.30041E-03, -5.71690E-03,
 -6.12461E-03, -6.73927E-03, -7.39328E-03, -8.08495E-03, -8.81086E-03, -9.56445E-03, -1.03354E-02, -1.11079E-02, -1.18586E-02, -1.25545E-02, -1.31486E-02, -1.35758E-02, -1.37454E-02, -1.35323E-02,NA,NA,NA,NA,NA,NA,NA,NA,NA,NA,NA,NA,NA,NA,NA,NA,NA,NA,NA,NA,NA,NA,NA,NA,NA,NA,NA,NA,NA,NA,NA,NA,NA,NA,NA,NA,NA, -1.30586E-02, -1.32959E-02, -1.31510E-02, -1.27485E-02, -1.21786E-02, -1.15059E-02, -1.07772E-02, -1.00258E-02, -9.27457E-03, -8.53942E-03, -7.83074E-03, -7.15495E-03, -6.51577E-03, -5.91481E-03,
 -6.32113E-03, -6.95592E-03, -7.63195E-03, -8.34768E-03, -9.09952E-03, -9.88107E-03, -1.06816E-02, -1.14853E-02, -1.22682E-02, -1.29963E-02, -1.36218E-02, -1.40779E-02, -1.42719E-02, -1.40765E-02, -1.33163E-02,NA,NA,NA,NA,NA,NA,NA,NA,NA,NA,NA,NA,NA,NA,NA,NA,NA,NA,NA,NA,NA,NA,NA,NA,NA,NA,NA,NA,NA,NA,NA,NA,NA,NA,NA, -1.28194E-02, -1.36028E-02, -1.38225E-02, -1.36530E-02, -1.32215E-02, -1.26200E-02, -1.19148E-02, -1.11540E-02, -1.03713E-02, -9.59030E-03, -8.82717E-03, -8.09253E-03, -7.39285E-03, -6.73169E-03, -6.11062E-03,
 -6.51372E-03, -7.17123E-03, -7.87271E-03, -8.61717E-03, -9.40123E-03, -1.02189E-02, -1.10601E-02, -1.19088E-02, -1.27417E-02, -1.35246E-02, -1.42093E-02, -1.47282E-02, -1.49872E-02, -1.48557E-02, -1.41538E-02,NA,NA,NA,NA,NA,NA,NA,NA,NA,NA,NA,NA,NA,NA,NA,NA,NA,NA,NA,NA,NA,NA,NA,NA,NA,NA,NA,NA,NA,NA,NA,NA,NA,NA,NA, -1.36607E-02, -1.43850E-02, -1.45399E-02, -1.43049E-02, -1.38099E-02, -1.31486E-02, -1.23886E-02, -1.15775E-02, -1.07495E-02, -9.92801E-03, -9.12868E-03, -8.36168E-03, -7.63334E-03, -6.94660E-03, -6.30292E-03,
 -6.70021E-03, -7.38258E-03, -8.11271E-03, -8.89022E-03, -9.71257E-03, -1.05744E-02, -1.14665E-02, -1.23739E-02, -1.32743E-02, -1.41344E-02, -1.49067E-02, -1.55237E-02, -1.58900E-02, -1.58720E-02,NA,NA,NA,NA,NA,NA,NA,NA,NA,NA,NA,NA,NA,NA,NA,NA,NA,NA,NA,NA,NA,NA,NA,NA,NA,NA,NA,NA,NA,NA,NA,NA,NA,NA,NA,NA,NA, -1.54072E-02, -1.54469E-02, -1.51033E-02, -1.45094E-02, -1.37600E-02, -1.29221E-02, -1.20433E-02, -1.11564E-02, -1.02838E-02, -9.44020E-03, -8.63498E-03, -7.87349E-03, -7.15816E-03, -6.48957E-03,
 -6.87772E-03, -7.58665E-03, -8.34806E-03, -9.16231E-03, -1.00278E-02, -1.09407E-02, -1.18932E-02, -1.28718E-02, -1.38560E-02, -1.48146E-02, -1.57017E-02, -1.64510E-02, -1.69676E-02, -1.71151E-02,NA,NA,NA,NA,NA,NA,NA,NA,NA,NA,NA,NA,NA,NA,NA,NA,NA,NA,NA,NA,NA,NA,NA,NA,NA,NA,NA,NA,NA,NA,NA,NA,NA,NA,NA,NA,NA, -1.66587E-02, -1.65303E-02, -1.60348E-02, -1.53072E-02, -1.44422E-02, -1.35055E-02, -1.25425E-02, -1.15841E-02, -1.06510E-02, -9.75639E-03, -8.90781E-03, -8.10949E-03, -7.36289E-03, -6.66768E-03,
 -7.04270E-03, -7.77920E-03, -8.57346E-03, -9.42699E-03, -1.03397E-02, -1.13091E-02, -1.23292E-02, -1.33893E-02, -1.44712E-02, -1.55466E-02, -1.65728E-02, -1.74865E-02, -1.81945E-02, -1.85603E-02,NA,NA,NA,NA,NA,NA,NA,NA,NA,NA,NA,NA,NA,NA,NA,NA,NA,NA,NA,NA,NA,NA,NA,NA,NA,NA,NA,NA,NA,NA,NA,NA,NA,NA,NA,NA,NA, -1.81134E-02, -1.77638E-02, -1.70750E-02, -1.61820E-02, -1.51770E-02, -1.41229E-02, -1.30620E-02, -1.20220E-02, -1.10209E-02, -1.00696E-02, -9.17379E-03, -8.33614E-03, -7.55655E-03, -6.83369E-03,
 -7.19106E-03, -7.95524E-03, -8.78301E-03, -9.67699E-03, -1.06389E-02, -1.16682E-02, -1.27611E-02, -1.39098E-02, -1.50994E-02, -1.63059E-02, -1.74907E-02, -1.85955E-02, -1.95313E-02, -2.01651E-02,NA,NA,NA,NA,NA,NA,NA,NA,NA,NA,NA,NA,NA,NA,NA,NA,NA,NA,NA,NA,NA,NA,NA,NA,NA,NA,NA,NA,NA,NA,NA,NA,NA,NA,NA,NA,NA, -1.97277E-02, -1.91074E-02, -1.81890E-02, -1.71039E-02, -1.59396E-02, -1.47541E-02, -1.35849E-02, -1.24560E-02, -1.13820E-02, -1.03707E-02, -9.42564E-03, -8.54732E-03, -7.73416E-03, -6.98353E-03,
 -7.31834E-03, -8.10924E-03, -8.96975E-03, -9.90393E-03, -1.09151E-02, -1.20049E-02, -1.31725E-02, -1.44132E-02, -1.57163E-02, -1.70620E-02, -1.84183E-02, -1.97330E-02, -2.09248E-02, -2.18683E-02,NA,NA,NA,NA,NA,NA,NA,NA,NA,NA,NA,NA,NA,NA,NA,NA,NA,NA,NA,NA,NA,NA,NA,NA,NA,NA,NA,NA,NA,NA,NA,NA,NA,NA,NA,NA,NA, -2.14393E-02, -2.05074E-02, -1.93318E-02, -1.80359E-02, -1.66996E-02, -1.53742E-02, -1.40915E-02, -1.28704E-02, -1.17216E-02, -1.06495E-02, -9.65483E-03, -8.73625E-03, -7.89025E-03, -7.11277E-03,
 -7.41991E-03, -8.23549E-03, -9.12653E-03, -1.00987E-02, -1.11571E-02, -1.23057E-02, -1.35464E-02, -1.48779E-02, -1.62941E-02, -1.77810E-02, -1.93130E-02, -2.08464E-02, -2.23100E-02, -2.35905E-02,NA,NA,NA,NA,NA,NA,NA,NA,NA,NA,NA,NA,NA,NA,NA,NA,NA,NA,NA,NA,NA,NA,NA,NA,NA,NA,NA,NA,NA,NA,NA,NA,NA,NA,NA,NA,NA, -2.31684E-02, -2.18984E-02, -2.04502E-02, -1.89352E-02, -1.74229E-02, -1.59561E-02, -1.45599E-02, -1.32477E-02, -1.20256E-02, -1.08946E-02, -9.85267E-03, -8.89584E-03, -8.01907E-03, -7.21675E-03,
 -7.49119E-03, -8.32823E-03, -9.24635E-03, -1.02525E-02, -1.13537E-02, -1.25560E-02, -1.38644E-02, -1.52812E-02, -1.68045E-02, -1.84266E-02, -2.01289E-02, -2.18774E-02, -2.36131E-02, -2.52386E-02,NA,NA,NA,NA,NA,NA,NA,NA,NA,NA,NA,NA,NA,NA,NA,NA,NA,NA,NA,NA,NA,NA,NA,NA,NA,NA,NA,NA,NA,NA,NA,NA,NA,NA,NA,NA,NA, -2.48216E-02, -2.32068E-02, -2.14864E-02, -1.97561E-02, -1.80732E-02, -1.64712E-02, -1.49675E-02, -1.35700E-02, -1.22799E-02, -1.10949E-02, -1.00099E-02, -9.01896E-03, -8.11491E-03, -7.29090E-03,
 -7.52783E-03, -8.38204E-03, -9.32214E-03, -1.03567E-02, -1.14939E-02, -1.27423E-02, -1.41094E-02, -1.56008E-02, -1.72194E-02, -1.89628E-02, -2.08201E-02, -2.27669E-02, -2.47577E-02, -2.67130E-02,NA,NA,NA,NA,NA,NA,NA,NA,NA,NA,NA,NA,NA,NA,NA,NA,NA,NA,NA,NA,NA,NA,NA,NA,NA,NA,NA,NA,NA,NA,NA,NA,NA,NA,NA,NA,NA, -2.62999E-02, -2.43564E-02, -2.23814E-02, -2.04528E-02, -1.86151E-02, -1.68916E-02, -1.52926E-02, -1.38200E-02, -1.24710E-02, -1.12395E-02, -1.01183E-02, -9.09863E-03, -8.17233E-03, -7.33092E-03,
 -7.52601E-03, -8.39207E-03, -9.34806E-03, -1.04035E-02, -1.15681E-02, -1.28522E-02, -1.42656E-02, -1.58170E-02, -1.75132E-02, -1.93568E-02, -2.13438E-02, -2.34594E-02, -2.56709E-02, -2.79167E-02,NA,NA,NA,NA,NA,NA,NA,NA,NA,NA,NA,NA,NA,NA,NA,NA,NA,NA,NA,NA,NA,NA,NA,NA,NA,NA,NA,NA,NA,NA,NA,NA,NA,NA,NA,NA,NA, -2.75074E-02, -2.52749E-02, -2.30801E-02, -2.09831E-02, -1.90156E-02, -1.71917E-02, -1.55149E-02, -1.39820E-02, -1.25864E-02, -1.13189E-02, -1.01698E-02, -9.12903E-03, -8.18652E-03, -7.33293E-03,
 -7.48255E-03, -8.35434E-03, -9.31887E-03, -1.03865E-02, -1.15681E-02, -1.28754E-02, -1.43199E-02, -1.59129E-02, -1.76642E-02, -1.95807E-02, -2.16643E-02, -2.39079E-02, -2.62901E-02, -2.87659E-02,NA,NA,NA,NA,NA,NA,NA,NA,NA,NA,NA,NA,NA,NA,NA,NA,NA,NA,NA,NA,NA,NA,NA,NA,NA,NA,NA,NA,NA,NA,NA,NA,NA,NA,NA,NA,NA, -2.83614E-02, -2.59008E-02, -2.35360E-02, -2.13113E-02, -1.92473E-02, -1.73503E-02, -1.56179E-02, -1.40431E-02, -1.26159E-02, -1.13248E-02, -1.01583E-02, -9.10490E-03, -8.15347E-03, -7.29378E-03,
 -7.39514E-03, -8.26590E-03, -9.23088E-03, -1.03010E-02, -1.14879E-02, -1.28041E-02, -1.42626E-02, -1.58761E-02, -1.76566E-02, -1.96143E-02, -2.17549E-02, -2.40777E-02, -2.65696E-02, -2.91986E-02,NA,NA,NA,NA,NA,NA,NA,NA,NA,NA,NA,NA,NA,NA,NA,NA,NA,NA,NA,NA,NA,NA,NA,NA,NA,NA,NA,NA,NA,NA,NA,NA,NA,NA,NA,NA,NA, -2.88013E-02, -2.61889E-02, -2.37151E-02, -2.14113E-02, -1.92900E-02, -1.73514E-02, -1.55893E-02, -1.39935E-02, -1.25518E-02, -1.12513E-02, -1.00790E-02, -9.02257E-03, -8.07022E-03, -7.21114E-03,
 -7.26240E-03, -8.12498E-03, -9.08185E-03, -1.01441E-02, -1.13239E-02, -1.26339E-02, -1.40878E-02, -1.56992E-02, -1.74814E-02, -1.94457E-02, -2.16008E-02, -2.39493E-02, -2.64839E-02, -2.91809E-02,NA,NA,NA,NA,NA,NA,NA,NA,NA,NA,NA,NA,NA,NA,NA,NA,NA,NA,NA,NA,NA,NA,NA,NA,NA,NA,NA,NA,NA,NA,NA,NA,NA,NA,NA,NA, -3.15878E-02, -2.87940E-02, -2.61142E-02, -2.35981E-02, -2.12683E-02, -1.91321E-02, -1.71861E-02, -1.54219E-02, -1.38274E-02, -1.23896E-02, -1.10946E-02, -9.92892E-03, -8.87975E-03, -7.93500E-03, -7.08363E-03,
 -7.08402E-03, -7.93112E-03, -8.87114E-03, -9.91509E-03, -1.10749E-02, -1.23634E-02, -1.37940E-02, -1.53805E-02, -1.71359E-02, -1.90724E-02, -2.11989E-02, -2.35194E-02, -2.60290E-02, -2.87085E-02, -3.15156E-02,NA,NA,NA,NA,NA,NA,NA,NA,NA,NA,NA,NA,NA,NA,NA,NA,NA,NA,NA,NA,NA,NA,NA,NA,NA,NA,NA,NA,NA,NA,NA,NA,NA,NA,NA, -3.11265E-02, -2.83357E-02, -2.56734E-02, -2.31818E-02, -2.08794E-02, -1.87709E-02, -1.68520E-02, -1.51135E-02, -1.35433E-02, -1.21279E-02, -1.08537E-02, -9.70731E-03, -8.67580E-03, -7.74731E-03, -6.91088E-03,
 -6.86069E-03, -7.68515E-03, -8.59975E-03, -9.61509E-03, -1.07426E-02, -1.19946E-02, -1.33839E-02, -1.49231E-02, -1.66251E-02, -1.85006E-02, -2.05578E-02, -2.28000E-02, -2.52219E-02, -2.78049E-02, -3.05095E-02,NA,NA,NA,NA,NA,NA,NA,NA,NA,NA,NA,NA,NA,NA,NA,NA,NA,NA,NA,NA,NA,NA,NA,NA,NA,NA,NA,NA,NA,NA,NA,NA,NA,NA,NA, -3.01395E-02, -2.74502E-02, -2.48834E-02, -2.24783E-02, -2.02531E-02, -1.82127E-02, -1.63537E-02, -1.46678E-02, -1.31436E-02, -1.17687E-02, -1.05302E-02, -9.41528E-03, -8.41167E-03, -7.50794E-03, -6.69358E-03,
 -6.59416E-03, -7.38916E-03, -8.27025E-03, -9.24729E-03, -1.03310E-02, -1.15325E-02, -1.28635E-02, -1.43356E-02, -1.59595E-02, -1.77444E-02, -1.96964E-02, -2.18163E-02, -2.40965E-02, -2.65167E-02, -2.90363E-02, -3.15851E-02,NA,NA,NA,NA,NA,NA,NA,NA,NA,NA,NA,NA,NA,NA,NA,NA,NA,NA,NA,NA,NA,NA,NA,NA,NA,NA,NA,NA,NA,NA,NA,NA,NA, -3.12266E-02, -2.86898E-02, -2.61835E-02, -2.37777E-02, -2.15126E-02, -1.94082E-02, -1.74716E-02, -1.57019E-02, -1.40927E-02, -1.26346E-02, -1.13169E-02, -1.01279E-02, -9.05594E-03, -8.08984E-03, -7.21895E-03, -6.43340E-03,
 -6.28707E-03, -7.04638E-03, -7.88656E-03, -8.81657E-03, -9.84596E-03, -1.09847E-02, -1.22429E-02, -1.36301E-02, -1.51552E-02, -1.68246E-02, -1.86415E-02, -2.06036E-02, -2.26997E-02, -2.49062E-02, -2.71797E-02, -2.94494E-02,NA,NA,NA,NA,NA,NA,NA,NA,NA,NA,NA,NA,NA,NA,NA,NA,NA,NA,NA,NA,NA,NA,NA,NA,NA,NA,NA,NA,NA,NA,NA,NA,NA, -2.91215E-02, -2.68602E-02, -2.45971E-02, -2.24027E-02, -2.03195E-02, -1.83712E-02, -1.65680E-02, -1.49122E-02, -1.34005E-02, -1.20259E-02, -1.07799E-02, -9.65270E-03, -8.63412E-03, -7.71422E-03, -6.88348E-03, -6.13296E-03,
 -5.94290E-03, -6.66103E-03, -7.45386E-03, -8.32926E-03, -9.29552E-03, -1.03610E-02, -1.15341E-02, -1.28223E-02, -1.42317E-02, -1.57661E-02, -1.74254E-02, -1.92035E-02, -2.10855E-02, -2.30439E-02, -2.50326E-02, -2.69794E-02, -2.87753E-02,NA,NA,NA,NA,NA,NA,NA,NA,NA,NA,NA,NA,NA,NA,NA,NA,NA,NA,NA,NA,NA,NA,NA,NA,NA,NA,NA,NA,NA,NA,NA, -2.84808E-02, -2.66850E-02, -2.47423E-02, -2.27608E-02, -2.08118E-02, -1.89405E-02, -1.71739E-02, -1.55266E-02, -1.40041E-02, -1.26065E-02, -1.13297E-02, -1.01676E-02, -9.11247E-03, -8.15605E-03, -7.28989E-03, -6.50570E-03, -5.79567E-03,
 -5.56581E-03, -6.23811E-03, -6.97823E-03, -7.79284E-03, -8.68879E-03, -9.67285E-03, -1.07513E-02, -1.19295E-02, -1.32111E-02, -1.45967E-02, -1.60830E-02, -1.76604E-02, -1.93103E-02, -2.10021E-02, -2.26873E-02, -2.42938E-02, -2.57168E-02, -2.68081E-02,NA,NA,NA,NA,NA,NA,NA,NA,NA,NA,NA,NA,NA,NA,NA,NA,NA,NA,NA,NA,NA,NA,NA,NA,NA,NA,NA,NA,NA, -2.65655E-02, -2.54618E-02, -2.40336E-02, -2.24273E-02, -2.07460E-02, -1.90608E-02, -1.74191E-02, -1.58510E-02, -1.43747E-02, -1.29993E-02, -1.17280E-02, -1.05598E-02, -9.49100E-03, -8.51624E-03, -7.62911E-03, -6.82284E-03, -6.09056E-03, -5.42562E-03,
 -5.16042E-03, -5.78324E-03, -6.46648E-03, -7.21555E-03, -8.03584E-03, -8.93244E-03, -9.90968E-03, -1.09707E-02, -1.21165E-02, -1.33450E-02, -1.46500E-02, -1.60185E-02, -1.74293E-02, -1.88491E-02, -2.02288E-02, -2.14978E-02, -2.25575E-02, -2.32734E-02,NA,NA,NA,NA,NA,NA,NA,NA,NA,NA,NA,NA,NA,NA,NA,NA,NA,NA,NA,NA,NA,NA,NA,NA,NA,NA,NA,NA,NA, -2.30748E-02, -2.23409E-02, -2.12716E-02, -1.99991E-02, -1.86201E-02, -1.72041E-02, -1.57991E-02, -1.44377E-02, -1.31408E-02, -1.19207E-02, -1.07836E-02, -9.73120E-03, -8.76237E-03, -7.87392E-03, -7.06143E-03, -6.31979E-03, -5.64358E-03, -5.02740E-03,
 -4.73175E-03, -5.30239E-03, -5.92577E-03, -6.60606E-03, -7.34717E-03, -8.15255E-03, -9.02465E-03, -9.96448E-03, -1.09708E-02, -1.20391E-02, -1.31603E-02, -1.43193E-02, -1.54927E-02, -1.66461E-02, -1.77307E-02, -1.86793E-02, -1.94012E-02, -1.97771E-02, -1.96533E-02,NA,NA,NA,NA,NA,NA,NA,NA,NA,NA,NA,NA,NA,NA,NA,NA,NA,NA,NA,NA,NA,NA,NA,NA,NA,NA,NA, -1.95282E-02, -1.96181E-02, -1.92205E-02, -1.84855E-02, -1.75303E-02, -1.64437E-02, -1.52915E-02, -1.41216E-02, -1.29677E-02, -1.18526E-02, -1.07911E-02, -9.79187E-03, -8.85925E-03, -7.99430E-03, -7.19593E-03, -6.46161E-03, -5.78784E-03, -5.17068E-03,NA,
NA, -4.80174E-03, -5.36347E-03, -5.97314E-03, -6.63329E-03, -7.34579E-03, -8.11139E-03, -8.92918E-03, -9.79589E-03, -1.07050E-02, -1.16454E-02, -1.26003E-02, -1.35450E-02, -1.44449E-02, -1.52533E-02, -1.59073E-02, -1.63254E-02, -1.64035E-02, -1.60126E-02, -1.49971E-02,NA,NA,NA,NA,NA,NA,NA,NA,NA,NA,NA,NA,NA,NA,NA,NA,NA,NA,NA,NA,NA,NA,NA,NA,NA, -1.49601E-02, -1.59240E-02, -1.62791E-02, -1.61770E-02, -1.57437E-02, -1.50808E-02, -1.42681E-02, -1.33671E-02, -1.24238E-02, -1.14720E-02, -1.05360E-02, -9.63200E-03, -8.77087E-03, -7.95892E-03, -7.19926E-03, -6.49267E-03, -5.83831E-03, -5.23426E-03, -4.67794E-03,NA,
NA, -4.28740E-03, -4.78684E-03, -5.32543E-03, -5.90443E-03, -6.52431E-03, -7.18429E-03, -7.88184E-03, -8.61200E-03, -9.36659E-03, -1.01331E-02, -1.08937E-02, -1.16233E-02, -1.22882E-02, -1.28441E-02, -1.32337E-02, -1.33847E-02, -1.32080E-02, -1.25966E-02, -1.14263E-02,NA,NA,NA,NA,NA,NA,NA,NA,NA,NA,NA,NA,NA,NA,NA,NA,NA,NA,NA,NA,NA,NA,NA,NA,NA, -1.14164E-02, -1.25372E-02, -1.31131E-02, -1.32652E-02, -1.30975E-02, -1.26973E-02, -1.21353E-02, -1.14675E-02, -1.07375E-02, -9.97833E-03, -9.21446E-03, -8.46345E-03, -7.73748E-03, -7.04448E-03, -6.38927E-03, -5.77423E-03, -5.20005E-03, -4.66624E-03, -4.17144E-03,NA,
NA, -3.76537E-03, -4.20288E-03, -4.67112E-03, -5.17022E-03, -5.69941E-03, -6.25660E-03, -6.83789E-03, -7.43703E-03, -8.04464E-03, -8.64732E-03, -9.22667E-03, -9.75802E-03, -1.02092E-02, -1.05389E-02, -1.06957E-02, -1.06163E-02, -1.02251E-02, -9.43390E-03, -8.14423E-03, -6.25106E-03,NA,NA,NA,NA,NA,NA,NA,NA,NA,NA,NA,NA,NA,NA,NA,NA,NA,NA,NA,NA,NA,NA,NA, -6.32036E-03, -8.15307E-03, -9.39733E-03, -1.01550E-02, -1.05220E-02, -1.05842E-02, -1.04157E-02, -1.00784E-02, -9.62288E-03, -9.08959E-03, -8.51012E-03, -7.90864E-03, -7.30322E-03, -6.70695E-03, -6.12902E-03, -5.57551E-03, -5.05016E-03, -4.55499E-03, -4.09069E-03, -3.65707E-03,NA,
NA,NA, -3.61813E-03, -4.01782E-03, -4.43949E-03, -4.88130E-03, -5.34008E-03, -5.81089E-03, -6.28650E-03, -6.75670E-03, -7.20767E-03, -7.62100E-03, -7.97289E-03, -8.23305E-03, -8.36379E-03, -8.31913E-03, -8.04414E-03, -7.47487E-03, -6.53908E-03, -5.15834E-03, -3.25222E-03, -7.45201E-04,NA,NA,NA,NA,NA,NA,NA,NA,NA,NA,NA,NA,NA,NA,NA,NA,NA,NA,NA,NA,NA, -8.83606E-04, -3.32542E-03, -5.17985E-03, -6.52037E-03, -7.42541E-03, -7.97152E-03, -8.22942E-03, -8.26180E-03, -8.12255E-03, -7.85686E-03, -7.50175E-03, -7.08696E-03, -6.63592E-03, -6.16666E-03, -5.69278E-03, -5.22423E-03, -4.76812E-03, -4.32922E-03, -3.91064E-03, -3.51412E-03,NA,NA,
NA,NA, -3.03863E-03, -3.37245E-03, -3.72014E-03, -4.07900E-03, -4.44501E-03, -4.81243E-03, -5.17337E-03, -5.51719E-03, -5.82994E-03, -6.09369E-03, -6.28580E-03, -6.37818E-03, -6.33670E-03, -6.12065E-03, -5.68255E-03, -4.96844E-03, -3.91889E-03, -2.47122E-03, -5.63186E-04,  1.86104E-03,  4.84222E-03,NA,NA,NA,NA,NA,NA,NA,NA,NA,NA,NA,NA,NA,NA,NA,NA,NA,NA,NA,  4.65484E-03,  1.73533E-03, -6.36611E-04, -2.50149E-03, -3.91428E-03, -4.93613E-03, -5.62860E-03, -6.05009E-03, -6.25366E-03, -6.28601E-03, -6.18720E-03, -5.99085E-03, -5.72455E-03, -5.41063E-03, -5.06667E-03, -4.70643E-03, -4.34029E-03, -3.97602E-03, -3.61924E-03, -3.27385E-03, -2.94249E-03,NA,NA,
NA,NA, -2.46972E-03, -2.74108E-03, -3.01904E-03, -3.30024E-03, -3.58001E-03, -3.85208E-03, -4.10816E-03, -4.33746E-03, -4.52626E-03, -4.65736E-03, -4.70954E-03, -4.65703E-03, -4.46918E-03, -4.11016E-03, -3.53907E-03, -2.71041E-03, -1.57518E-03, -8.30023E-05,  1.81462E-03,  4.15932E-03,  6.97877E-03,  1.02771E-02,NA,NA,NA,NA,NA,NA,NA,NA,NA,NA,NA,NA,NA,NA,NA,NA,  1.37614E-02,  1.00664E-02,  6.81828E-03,  4.04546E-03,  1.74221E-03, -1.19713E-04, -1.58190E-03, -2.69242E-03, -3.50110E-03, -4.05628E-03, -4.40288E-03, -4.58124E-03, -4.62670E-03, -4.56947E-03, -4.43495E-03, -4.24404E-03, -4.01369E-03, -3.75740E-03, -3.48576E-03, -3.20691E-03, -2.92703E-03, -2.65067E-03, -2.38111E-03,NA,NA,
NA,NA,NA, -2.12895E-03, -2.34202E-03, -2.55144E-03, -2.75213E-03, -2.93748E-03, -3.09902E-03, -3.22609E-03, -3.30544E-03, -3.32080E-03, -3.25250E-03, -3.07718E-03, -2.76748E-03, -2.29208E-03, -1.61586E-03, -7.00524E-04,  4.94276E-04,  2.00903E-03,  3.88148E-03,  6.14245E-03,  8.80990E-03,  1.18811E-02,  1.53230E-02,  1.90616E-02,NA,NA,NA,NA,NA,NA,NA,NA,NA,NA,NA,NA,NA,  1.88243E-02,  1.51134E-02,  1.17053E-02,  8.67010E-03,  6.03806E-03,  3.81010E-03,  1.96725E-03,  4.78310E-04, -6.94488E-04, -1.59144E-03, -2.25258E-03, -2.71581E-03, -3.01586E-03, -3.18373E-03, -3.24638E-03, -3.22691E-03, -3.14470E-03, -3.01581E-03, -2.85328E-03, -2.66762E-03, -2.46716E-03, -2.25837E-03, -2.04628E-03,NA,NA,NA,
NA,NA,NA, -1.54044E-03, -1.69384E-03, -1.83777E-03, -1.96687E-03, -2.07439E-03, -2.15192E-03, -2.18911E-03, -2.17334E-03, -2.08942E-03, -1.91936E-03, -1.64212E-03, -1.23353E-03, -6.66351E-04,  8.93734E-05,  1.06570E-03,  2.29567E-03,  3.81157E-03,  5.64236E-03,  7.81009E-03,  1.03249E-02,  1.31787E-02,  1.63371E-02,  1.97315E-02,  2.32519E-02,NA,NA,NA,NA,NA,NA,NA,NA,NA,NA,NA,  2.30545E-02,  1.95412E-02,  1.61632E-02,  1.30277E-02,  1.02002E-02,  7.71278E-03,  5.57171E-03,  3.76574E-03,  2.27220E-03,  1.06186E-03,  1.02394E-04, -6.39098E-04, -1.19447E-03, -1.59346E-03, -1.86299E-03, -2.02701E-03, -2.10628E-03, -2.11862E-03, -2.07898E-03, -1.99983E-03, -1.89137E-03, -1.76188E-03, -1.61800E-03, -1.46502E-03,NA,NA,NA,
NA,NA,NA,NA, -1.07825E-03, -1.16315E-03, -1.22829E-03, -1.26693E-03, -1.27090E-03, -1.23027E-03, -1.13323E-03, -9.65762E-04, -7.11580E-04, -3.51925E-04,  1.34389E-04,  7.70809E-04,  1.58269E-03,  2.59664E-03,  3.83937E-03,  5.33615E-03,  7.10857E-03,  9.17130E-03,  1.15280E-02,  1.41660E-02,  1.70501E-02,  2.01163E-02,  2.32666E-02,  2.63682E-02,NA,NA,NA,NA,NA,NA,NA,NA,NA,  2.62159E-02,  2.31062E-02,  1.99574E-02,  1.69010E-02,  1.40328E-02,  1.14146E-02,  9.07948E-03,  7.03864E-03,  5.28727E-03,  3.80998E-03,  2.58482E-03,  1.58633E-03,  7.87787E-04,  1.62689E-04, -3.14159E-04, -6.66038E-04, -9.13931E-04, -1.07639E-03, -1.16957E-03, -1.20726E-03, -1.20116E-03, -1.16105E-03, -1.09500E-03, -1.00966E-03,NA,NA,NA,NA,
NA,NA,NA,NA, -4.98033E-04, -5.30401E-04, -5.39145E-04, -5.17709E-04, -4.58225E-04, -3.51376E-04, -1.86185E-04,  5.00661E-05,  3.72015E-04,  7.96183E-04,  1.34096E-03,  2.02633E-03,  2.87349E-03,  3.90420E-03,  5.13967E-03,  6.59915E-03,  8.29789E-03,  1.02444E-02,  1.24369E-02,  1.48593E-02,  1.74758E-02,  2.02270E-02,  2.30260E-02,  2.57585E-02,  2.82871E-02,NA,NA,NA,NA,NA,NA,NA,  2.81781E-02,  2.56326E-02,  2.28909E-02,  2.00905E-02,  1.73450E-02,  1.47398E-02,  1.23326E-02,  1.01574E-02,  8.22907E-03,  6.54833E-03,  5.10593E-03,  3.88618E-03,  2.86960E-03,  2.03486E-03,  1.36027E-03,  8.24680E-04,  4.08223E-04,  9.26677E-05, -1.38366E-04, -2.99359E-04, -4.02918E-04, -4.59873E-04, -4.79433E-04, -4.69356E-04, -4.36132E-04,NA,NA,NA,NA,
NA,NA,NA,NA,NA,  5.86774E-05,  9.89550E-05,  1.72024E-04,  2.85313E-04,  4.47476E-04,  6.68555E-04,  9.60001E-04,  1.33476E-03,  1.80729E-03,  2.39331E-03,  3.10966E-03,  3.97382E-03,  5.00321E-03,  6.21426E-03,  7.62103E-03,  9.23343E-03,  1.10549E-02,  1.30794E-02,  1.52881E-02,  1.76460E-02,  2.00979E-02,  2.25675E-02,  2.49568E-02,  2.71512E-02,  2.90280E-02,  3.04682E-02,  3.13721E-02,  3.16732E-02,  3.13477E-02,  3.04196E-02,  2.89566E-02,  2.70600E-02,  2.48501E-02,  2.24514E-02,  1.99789E-02,  1.75300E-02,  1.51802E-02,  1.29831E-02,  1.09727E-02,  9.16643E-03,  7.56945E-03,  6.17764E-03,  4.98063E-03,  3.96408E-03,  3.11145E-03,  2.40524E-03,  1.82803E-03,  1.36306E-03,  9.94652E-04,  7.08529E-04,  4.91837E-04,  3.33216E-04,  2.22749E-04,  1.51874E-04,  1.13259E-04,NA,NA,NA,NA,NA,
NA,NA,NA,NA,NA,NA,  6.85438E-04,  8.02153E-04,  9.60216E-04,  1.16758E-03,  1.43330E-03,  1.76759E-03,  2.18178E-03,  2.68829E-03,  3.30047E-03,  4.03226E-03,  4.89778E-03,  5.91069E-03,  7.08326E-03,  8.42515E-03,  9.94187E-03,  1.16328E-02,  1.34887E-02,  1.54894E-02,  1.76008E-02,  1.97729E-02,  2.19387E-02,  2.40153E-02,  2.59077E-02,  2.75155E-02,  2.87435E-02,  2.95116E-02,  2.97669E-02,  2.94909E-02,  2.87023E-02,  2.74549E-02,  2.58298E-02,  2.39237E-02,  2.18381E-02,  1.96685E-02,  1.74977E-02,  1.53919E-02,  1.34003E-02,  1.15557E-02,  9.87753E-03,  8.37399E-03,  7.04514E-03,  5.88505E-03,  4.88375E-03,  4.02881E-03,  3.30650E-03,  2.70268E-03,  2.20342E-03,  1.79548E-03,  1.46652E-03,  1.20525E-03,  1.00159E-03,  8.46551E-04,  7.32264E-04,NA,NA,NA,NA,NA,NA,
NA,NA,NA,NA,NA,NA,  1.22062E-03,  1.37353E-03,  1.56805E-03,  1.81137E-03,  2.11159E-03,  2.47768E-03,  2.91946E-03,  3.44746E-03,  4.07282E-03,  4.80690E-03,  5.66085E-03,  6.64505E-03,  7.76824E-03,  9.03645E-03,  1.04516E-02,  1.20101E-02,  1.37005E-02,  1.55020E-02,  1.73825E-02,  1.92969E-02,  2.11873E-02,  2.29839E-02,  2.46083E-02,  2.59795E-02,  2.70213E-02,  2.76707E-02,  2.78861E-02,  2.76529E-02,  2.69859E-02,  2.59273E-02,  2.45412E-02,  2.29047E-02,  2.10998E-02,  1.92053E-02,  1.72910E-02,  1.54144E-02,  1.36198E-02,  1.19386E-02,  1.03907E-02,  8.98672E-03,  7.72984E-03,  6.61766E-03,  5.64388E-03,  4.79957E-03,  4.07426E-03,  3.45673E-03,  2.93564E-03,  2.49992E-03,  2.13904E-03,  1.84327E-03,  1.60371E-03,  1.41233E-03,  1.26201E-03,NA,NA,NA,NA,NA,NA,
NA,NA,NA,NA,NA,NA,NA,  1.88778E-03,  2.11118E-03,  2.38218E-03,  2.70788E-03,  3.09608E-03,  3.55517E-03,  4.09398E-03,  4.72163E-03,  5.44717E-03,  6.27921E-03,  7.22530E-03,  8.29124E-03,  9.48011E-03,  1.07911E-02,  1.22184E-02,  1.37494E-02,  1.53635E-02,  1.70309E-02,  1.87116E-02,  2.03558E-02,  2.19050E-02,  2.32953E-02,  2.44615E-02,  2.53432E-02,  2.58907E-02,  2.60718E-02,  2.58752E-02,  2.53124E-02,  2.44164E-02,  2.32373E-02,  2.18364E-02,  2.02796E-02,  1.86313E-02,  1.69500E-02,  1.52853E-02,  1.36764E-02,  1.21528E-02,  1.07342E-02,  9.43266E-03,  8.25355E-03,  7.19726E-03,  6.26044E-03,  5.43712E-03,  4.71960E-03,  4.09923E-03,  3.56693E-03,  3.11361E-03,  2.73046E-03,  2.40913E-03,  2.14190E-03,  1.92168E-03,NA,NA,NA,NA,NA,NA,NA,
NA,NA,NA,NA,NA,NA,NA,NA,  2.59270E-03,  2.88399E-03,  3.22726E-03,  3.62921E-03,  4.09688E-03,  4.63755E-03,  5.25857E-03,  5.96696E-03,  6.76914E-03,  7.67031E-03,  8.67388E-03,  9.78060E-03,  1.09877E-02,  1.22878E-02,  1.36679E-02,  1.51082E-02,  1.65815E-02,  1.80527E-02,  1.94793E-02,  2.08128E-02,  2.20009E-02,  2.29915E-02,  2.37368E-02,  2.41981E-02,  2.43503E-02,  2.41847E-02,  2.37102E-02,  2.29525E-02,  2.19507E-02,  2.07533E-02,  1.94131E-02,  1.79825E-02,  1.65103E-02,  1.50387E-02,  1.36024E-02,  1.22281E-02,  1.09352E-02,  9.73602E-03,  8.63765E-03,  7.64250E-03,  6.74953E-03,  5.95515E-03,  5.25404E-03,  4.63973E-03,  4.10512E-03,  3.64290E-03,  3.24579E-03,  2.90675E-03,  2.61915E-03,NA,NA,NA,NA,NA,NA,NA,NA,
NA,NA,NA,NA,NA,NA,NA,NA,NA,  3.32127E-03,  3.67532E-03,  4.08389E-03,  4.55284E-03,  5.08808E-03,  5.69535E-03,  6.37999E-03,  7.14653E-03,  7.99827E-03,  8.93669E-03,  9.96082E-03,  1.10665E-02,  1.22455E-02,  1.34848E-02,  1.47659E-02,  1.60644E-02,  1.73497E-02,  1.85858E-02,  1.97326E-02,  2.07477E-02,  2.15892E-02,  2.22195E-02,  2.26083E-02,  2.27362E-02,  2.25966E-02,  2.21963E-02,  2.15553E-02,  2.07042E-02,  1.96812E-02,  1.85284E-02,  1.72886E-02,  1.60020E-02,  1.47045E-02,  1.34264E-02,  1.21917E-02,  1.10185E-02,  9.91953E-03,  8.90251E-03,  7.97135E-03,  7.12681E-03,  6.36722E-03,  5.68915E-03,  5.08799E-03,  4.55836E-03,  4.09450E-03,  3.69049E-03,  3.34051E-03,NA,NA,NA,NA,NA,NA,NA,NA,NA,
NA,NA,NA,NA,NA,NA,NA,NA,NA,NA,  4.05781E-03,  4.46708E-03,  4.93137E-03,  5.45534E-03,  6.04342E-03,  6.69946E-03,  7.42647E-03,  8.22620E-03,  9.09869E-03,  1.00417E-02,  1.10501E-02,  1.21154E-02,  1.32250E-02,  1.43619E-02,  1.55043E-02,  1.66260E-02,  1.76966E-02,  1.86829E-02,  1.95505E-02,  2.02661E-02,  2.07998E-02,  2.11282E-02,  2.12359E-02,  2.11180E-02,  2.07798E-02,  2.02368E-02,  1.95130E-02,  1.86384E-02,  1.76469E-02,  1.65730E-02,  1.54499E-02,  1.43080E-02,  1.31733E-02,  1.20673E-02,  1.10068E-02,  1.00039E-02,  9.06691E-03,  8.20067E-03,  7.40722E-03,  6.68635E-03,  6.03619E-03,  5.45366E-03,  4.93483E-03,  4.47526E-03,  4.07027E-03,NA,NA,NA,NA,NA,NA,NA,NA,NA,NA,
NA,NA,NA,NA,NA,NA,NA,NA,NA,NA,NA,  4.78573E-03,  5.24060E-03,  5.74883E-03,  6.31369E-03,  6.93782E-03,  7.62300E-03,  8.36977E-03,  9.17707E-03,  1.00418E-02,  1.09584E-02,  1.19182E-02,  1.29095E-02,  1.39168E-02,  1.49210E-02,  1.58996E-02,  1.68270E-02,  1.76759E-02,  1.84185E-02,  1.90280E-02,  1.94810E-02,  1.97589E-02,  1.98499E-02,  1.97501E-02,  1.94637E-02,  1.90028E-02,  1.83861E-02,  1.76375E-02,  1.67840E-02,  1.58536E-02,  1.48737E-02,  1.38696E-02,  1.28640E-02,  1.18755E-02,  1.09195E-02,  1.00075E-02,  9.14789E-03,  8.34594E-03,  7.60464E-03,  6.92486E-03,  6.30597E-03,  5.74610E-03,  5.24255E-03,  4.79202E-03,NA,NA,NA,NA,NA,NA,NA,NA,NA,NA,NA,
NA,NA,NA,NA,NA,NA,NA,NA,NA,NA,NA,NA,  5.48835E-03,  5.97752E-03,  6.51637E-03,  7.10657E-03,  7.74891E-03,  8.44302E-03,  9.18706E-03,  9.97739E-03,  1.08082E-02,  1.16713E-02,  1.25556E-02,  1.34472E-02,  1.43296E-02,  1.51835E-02,  1.59876E-02,  1.67193E-02,  1.73561E-02,  1.78765E-02,  1.82619E-02,  1.84978E-02,  1.85750E-02,  1.84903E-02,  1.82470E-02,  1.78547E-02,  1.73282E-02,  1.66863E-02,  1.59506E-02,  1.51438E-02,  1.42886E-02,  1.34061E-02,  1.25156E-02,  1.16336E-02,  1.07736E-02,  9.94661E-03,  9.16056E-03,  8.42110E-03,  7.73171E-03,  7.09411E-03,  6.50855E-03,  5.97417E-03,  5.48924E-03,NA,NA,NA,NA,NA,NA,NA,NA,NA,NA,NA,NA,
NA,NA,NA,NA,NA,NA,NA,NA,NA,NA,NA,NA,NA,NA,  6.66087E-03,  7.21616E-03,  7.81569E-03,  8.45841E-03,  9.14197E-03,  9.86241E-03,  1.06140E-02,  1.13888E-02,  1.21770E-02,  1.29660E-02,  1.37416E-02,  1.44873E-02,  1.51854E-02,  1.58172E-02,  1.63645E-02,  1.68100E-02,  1.71390E-02,  1.73399E-02,  1.74055E-02,  1.73334E-02,  1.71262E-02,  1.67913E-02,  1.63405E-02,  1.57888E-02,  1.51535E-02,  1.44531E-02,  1.37061E-02,  1.29303E-02,  1.21421E-02,  1.13557E-02,  1.05834E-02,  9.83497E-03,  9.11813E-03,  8.43848E-03,  7.79985E-03,  7.20446E-03,  6.65326E-03,NA,NA,NA,NA,NA,NA,NA,NA,NA,NA,NA,NA,NA,NA,
NA,NA,NA,NA,NA,NA,NA,NA,NA,NA,NA,NA,NA,NA,NA,  7.27597E-03,  7.83350E-03,  8.42680E-03,  9.05319E-03,  9.70862E-03,  1.03875E-02,  1.10825E-02,  1.17847E-02,  1.24831E-02,  1.31652E-02,  1.38172E-02,  1.44243E-02,  1.49711E-02,  1.54427E-02,  1.58253E-02,  1.61070E-02,  1.62787E-02,  1.63347E-02,  1.62731E-02,  1.60960E-02,  1.58093E-02,  1.54222E-02,  1.49468E-02,  1.43970E-02,  1.37878E-02,  1.31346E-02,  1.24521E-02,  1.17544E-02,  1.10536E-02,  1.03606E-02,  9.68435E-03,  9.03195E-03,  8.40888E-03,  7.81910E-03,  7.26518E-03,NA,NA,NA,NA,NA,NA,NA,NA,NA,NA,NA,NA,NA,NA,NA,
NA,NA,NA,NA,NA,NA,NA,NA,NA,NA,NA,NA,NA,NA,NA,NA,NA,  8.35755E-03,  8.93043E-03,  9.52585E-03,  1.01385E-02,  1.07616E-02,  1.13872E-02,  1.20057E-02,  1.26063E-02,  1.31773E-02,  1.37062E-02,  1.41806E-02,  1.45882E-02,  1.49177E-02,  1.51598E-02,  1.53071E-02,  1.53552E-02,  1.53024E-02,  1.51505E-02,  1.49041E-02,  1.45707E-02,  1.41598E-02,  1.36829E-02,  1.31520E-02,  1.25799E-02,  1.19790E-02,  1.13609E-02,  1.07365E-02,  1.01150E-02,  9.50450E-03,  8.91164E-03,  8.34160E-03,NA,NA,NA,NA,NA,NA,NA,NA,NA,NA,NA,NA,NA,NA,NA,NA,NA,
NA,NA,NA,NA,NA,NA,NA,NA,NA,NA,NA,NA,NA,NA,NA,NA,NA,NA,NA,  9.32215E-03,  9.87472E-03,  1.04334E-02,  1.09910E-02,  1.15392E-02,  1.20687E-02,  1.25696E-02,  1.30316E-02,  1.34442E-02,  1.37975E-02,  1.40823E-02,  1.42911E-02,  1.44179E-02,  1.44593E-02,  1.44139E-02,  1.42831E-02,  1.40707E-02,  1.37825E-02,  1.34265E-02,  1.30116E-02,  1.25480E-02,  1.20461E-02,  1.15162E-02,  1.09683E-02,  1.04116E-02,  9.85426E-03,  9.30350E-03,NA,NA,NA,NA,NA,NA,NA,NA,NA,NA,NA,NA,NA,NA,NA,NA,NA,NA,NA,
NA,NA,NA,NA,NA,NA,NA,NA,NA,NA,NA,NA,NA,NA,NA,NA,NA,NA,NA,NA,NA,  1.01034E-02,  1.06008E-02,  1.10872E-02,  1.15548E-02,  1.19952E-02,  1.23996E-02,  1.27595E-02,  1.30667E-02,  1.33137E-02,  1.34944E-02,  1.36040E-02,  1.36397E-02,  1.36006E-02,  1.34876E-02,  1.33038E-02,  1.30540E-02,  1.27444E-02,  1.23826E-02,  1.19767E-02,  1.15355E-02,  1.10675E-02,  1.05813E-02,  1.00846E-02,NA,NA,NA,NA,NA,NA,NA,NA,NA,NA,NA,NA,NA,NA,NA,NA,NA,NA,NA,NA,NA,
NA,NA,NA,NA,NA,NA,NA,NA,NA,NA,NA,NA,NA,NA,NA,NA,NA,NA,NA,NA,NA,NA,NA,NA,  1.10660E-02,  1.14540E-02,  1.18089E-02,  1.21237E-02,  1.23915E-02,  1.26065E-02,  1.27634E-02,  1.28586E-02,  1.28896E-02,  1.28557E-02,  1.27577E-02,  1.25981E-02,  1.23808E-02,  1.21108E-02,  1.17944E-02,  1.14382E-02,  1.10495E-02,NA,NA,NA,NA,NA,NA,NA,NA,NA,NA,NA,NA,NA,NA,NA,NA,NA,NA,NA,NA,NA,NA,NA,NA,
