NA,NA,NA,NA,NA,NA,NA,NA,NA,NA,NA,NA,NA,NA,NA,NA,NA,NA,NA,NA,NA,NA,NA,NA,NA,NA,NA,NA,NA,NA,NA,NA,NA,NA,NA,NA,NA,NA,NA,NA,NA,NA,NA,NA,NA,NA,NA,NA,NA,NA,NA,NA,NA,NA,NA,NA,NA,NA,NA,NA,NA,NA,NA,NA,NA,NA,NA,NA,NA,NA,NA,NA,NA,NA,NA,NA,NA,NA,NA,NA,NA,NA,NA,NA,NA,NA,NA,NA,NA,NA,NA,NA,
NA,NA,NA,NA,NA,NA,NA,NA,NA,NA,NA,NA,NA,NA,NA,NA,NA,NA,NA,NA,NA,NA,NA,NA,NA,NA,NA,NA,NA,NA,NA,NA,NA,NA,NA,NA,NA,NA,NA,NA,NA,NA,NA,NA,NA,NA,NA,NA,NA,NA,NA,NA,NA,NA,NA,NA,NA,NA,NA,NA,NA,NA,NA,NA,NA,NA,NA,NA,NA,NA,NA,NA,NA,NA,NA,NA,NA,NA,NA,NA,NA,NA,NA,NA,NA,NA,NA,NA,NA,NA,NA,NA,
NA,NA,NA,NA,NA,NA,NA,NA,NA,NA,NA,NA,NA,NA,NA,NA,NA,NA,NA,NA,NA,NA,NA,NA,NA,NA,NA,NA,NA,NA,NA,NA,NA,NA,NA,NA,NA,NA,NA,NA,NA,NA,NA,NA,NA,NA,NA,NA,NA,NA,NA,NA,NA,NA,NA,NA,NA,NA,NA,NA,NA,NA,NA,NA,NA,NA,NA,NA,NA,NA,NA,NA,NA,NA,NA,NA,NA,NA,NA,NA,NA,NA,NA,NA,NA,NA,NA,NA,NA,NA,NA,NA,
NA,NA,NA,NA,NA,NA,NA,NA,NA,NA,NA,NA,NA,NA,NA,NA,NA,NA,NA,NA,NA,NA,NA,NA,NA,NA,NA,NA,NA,NA,NA,NA,NA,NA,NA,NA,NA,NA,NA,NA,NA,NA,NA,NA,NA,NA,NA,NA,NA,NA,NA,NA,NA,NA,NA,NA,NA,NA,NA,NA,NA,NA,NA,NA,NA,NA,NA,NA,NA,NA,NA,NA,NA,NA,NA,NA,NA,NA,NA,NA,NA,NA,NA,NA,NA,NA,NA,NA,NA,NA,NA,NA,
NA,NA,NA,NA,NA,NA,NA,NA,NA,NA,NA,NA,NA,NA,NA,NA,NA,NA,NA,NA,NA,NA,NA,NA,NA,NA,NA,NA,NA,NA,NA,NA,NA,NA,NA,NA,NA,NA,NA,NA,NA,NA,NA,NA,NA,NA,NA,NA,NA,NA,NA,NA,NA,NA,NA,NA,NA,NA,NA,NA,NA,NA,NA,NA,NA,NA,NA,NA,NA,NA,NA,NA,NA,NA,NA,NA,NA,NA,NA,NA,NA,NA,NA,NA,NA,NA,NA,NA,NA,NA,NA,NA,
NA,NA,NA,NA,NA,NA,NA,NA,NA,NA,NA,NA,NA,NA,NA,NA,NA,NA,NA,NA,NA,NA,NA,NA,NA,NA,NA,NA,NA,NA,NA,NA,NA,NA,NA,NA,NA,NA,NA,NA,NA,NA,NA,NA,NA,NA,NA,NA,NA,NA,NA,NA,NA,NA,NA,NA,NA,NA,NA,NA,NA,NA,NA,NA,NA,NA,NA,NA,NA,NA,NA,NA,NA,NA,NA,NA,NA,NA,NA,NA,NA,NA,NA,NA,NA,NA,NA,NA,NA,NA,NA,NA,
NA,NA,NA,NA,NA,NA,NA,NA,NA,NA,NA,NA,NA,NA,NA,NA,NA,NA,NA,NA,NA,NA,NA,NA,NA,NA,NA,NA,NA,NA,NA,NA,NA,NA,NA,NA,NA,NA,NA,NA,NA,NA,NA,NA,NA,NA,NA,NA,NA,NA,NA,NA,NA,NA,NA,NA,NA,NA,NA,NA,NA,NA,NA,NA,NA,NA,NA,NA,NA,NA,NA,NA,NA,NA,NA,NA,NA,NA,NA,NA,NA,NA,NA,NA,NA,NA,NA,NA,NA,NA,NA,NA,
NA,NA,NA,NA,NA,NA,NA,NA,NA,NA,NA,NA,NA,NA,NA,NA,NA,NA,NA,NA,NA,NA,NA,NA,NA,NA,NA,NA,NA,NA,NA,NA,NA,NA,NA,NA,NA,NA,NA,NA,NA,NA,NA,NA,NA,NA,NA,NA,NA,NA,NA,NA,NA,NA,NA,NA,NA,NA,NA,NA,NA,NA,NA,NA,NA,NA,NA,NA,NA,NA,NA,NA,NA,NA,NA,NA,NA,NA,NA,NA,NA,NA,NA,NA,NA,NA,NA,NA,NA,NA,NA,NA,
NA,NA,NA,NA,NA,NA,NA,NA,NA,NA,NA,NA,NA,NA,NA,NA,NA,NA,NA,NA,NA,NA,NA,NA,NA,NA,NA,NA,NA,NA,NA,NA,NA,NA,NA,NA,NA,NA,NA,NA,NA,NA,NA,NA,NA,NA,NA,  1.87333E-02,  1.83200E-02,  1.79408E-02,  1.75962E-02,  1.72839E-02,  1.69998E-02,  1.67384E-02,  1.64938E-02,  1.62597E-02,  1.60303E-02,  1.58004E-02,NA,NA,NA,NA,NA,NA,NA,NA,NA,NA,NA,NA,NA,NA,NA,NA,NA,NA,NA,NA,NA,NA,NA,NA,NA,NA,NA,NA,NA,NA,NA,NA,NA,NA,
NA,NA,NA,NA,NA,NA,NA,NA,NA,NA,NA,NA,NA,NA,NA,NA,NA,NA,NA,NA,NA,NA,NA,NA,NA,NA,NA,NA,NA,NA,NA,NA,NA,NA,NA,NA,NA,NA,NA,NA,NA,NA,NA,  2.25771E-02,  2.19262E-02,  2.12782E-02,  2.06588E-02,  2.00844E-02,  1.95635E-02,  1.90987E-02,  1.86879E-02,  1.83255E-02,  1.80042E-02,  1.77155E-02,  1.74505E-02,  1.72004E-02,  1.69571E-02,  1.67134E-02,  1.64634E-02,  1.62022E-02,  1.59265E-02,  1.56343E-02,  1.53249E-02,NA,NA,NA,NA,NA,NA,NA,NA,NA,NA,NA,NA,NA,NA,NA,NA,NA,NA,NA,NA,NA,NA,NA,NA,NA,NA,NA,NA,NA,
NA,NA,NA,NA,NA,NA,NA,NA,NA,NA,NA,NA,NA,NA,NA,NA,NA,NA,NA,NA,NA,NA,NA,NA,NA,NA,NA,NA,NA,NA,NA,NA,NA,NA,NA,NA,NA,NA,NA,NA,  2.74303E-02,  2.67362E-02,  2.58940E-02,  2.49778E-02,  2.40498E-02,  2.31564E-02,  2.23285E-02,  2.15833E-02,  2.09271E-02,  2.03583E-02,  1.98701E-02,  1.94518E-02,  1.90914E-02,  1.87760E-02,  1.84925E-02,  1.82290E-02,  1.79743E-02,  1.77190E-02,  1.74550E-02,  1.71766E-02,  1.68794E-02,  1.65610E-02,  1.62210E-02,  1.58598E-02,  1.54796E-02,  1.50832E-02,NA,NA,NA,NA,NA,NA,NA,NA,NA,NA,NA,NA,NA,NA,NA,NA,NA,NA,NA,NA,NA,NA,NA,NA,NA,NA,
NA,NA,NA,NA,NA,NA,NA,NA,NA,NA,NA,NA,NA,NA,NA,NA,NA,NA,NA,NA,NA,NA,NA,NA,NA,NA,NA,NA,NA,NA,NA,NA,NA,NA,NA,NA,NA,NA,NA,NA,NA,NA,NA,  2.78800E-02,  2.65544E-02,  2.53203E-02,  2.42124E-02,  2.32455E-02,  2.24197E-02,  2.17257E-02,  2.11482E-02,  2.06691E-02,  2.02693E-02,  1.99295E-02,  1.96317E-02,  1.93592E-02,  1.90972E-02,  1.88333E-02,  1.85573E-02,  1.82617E-02,  1.79413E-02,  1.75936E-02,  1.72180E-02,  1.68160E-02,  1.63905E-02,  1.59453E-02,  1.54851E-02,  1.50148E-02,NA,NA,NA,NA,NA,NA,NA,NA,NA,NA,NA,NA,NA,NA,NA,NA,NA,NA,NA,NA,NA,NA,NA,NA,
NA,NA,NA,NA,NA,NA,NA,NA,NA,NA,NA,NA,NA,NA,NA,NA,NA,NA,NA,NA,NA,NA,NA,NA,NA,NA,NA,NA,NA,NA,NA,NA,NA,NA,NA,NA,NA,NA,NA,NA,NA,NA,NA,NA,  2.95282E-02,  2.78207E-02,  2.63376E-02,  2.50844E-02,  2.40480E-02,  2.32050E-02,  2.25269E-02,  2.19839E-02,  2.15468E-02,  2.11882E-02,  2.08829E-02,  2.06085E-02,  2.03455E-02,  2.00777E-02,  1.97923E-02,  1.94798E-02,  1.91342E-02,  1.87526E-02,  1.83353E-02,  1.78844E-02,  1.74045E-02,  1.69008E-02,  1.63797E-02,  1.58475E-02,  1.53104E-02,  1.47741E-02,NA,NA,NA,NA,NA,NA,NA,NA,NA,NA,NA,NA,NA,NA,NA,NA,NA,NA,NA,NA,NA,NA,
NA,NA,NA,NA,NA,NA,NA,NA,NA,NA,NA,NA,NA,NA,NA,NA,NA,NA,NA,NA,NA,NA,NA,NA,NA,NA,NA,NA,NA,NA,NA,NA,NA,NA,NA,NA,NA,NA,NA,NA,NA,NA,NA,NA,NA,NA,  2.87291E-02,  2.71097E-02,  2.58153E-02,  2.47983E-02,  2.40100E-02,  2.34034E-02,  2.29354E-02,  2.25676E-02,  2.22657E-02,  2.19998E-02,  2.17448E-02,  2.14799E-02,  2.11887E-02,  2.08598E-02,  2.04860E-02,  2.00648E-02,  1.95970E-02,  1.90867E-02,  1.85402E-02,  1.79653E-02,  1.73704E-02,  1.67638E-02,  1.61534E-02,  1.55464E-02,  1.49488E-02,  1.43656E-02,NA,NA,NA,NA,NA,NA,NA,NA,NA,NA,NA,NA,NA,NA,NA,NA,NA,NA,NA,NA,
NA,NA,NA,NA,NA,NA,NA,NA,NA,NA,NA,NA,NA,NA,NA,NA,NA,NA,NA,NA,NA,NA,NA,NA,NA,NA,NA,NA,NA,NA,NA,NA,NA,NA,NA,NA,NA,NA,NA,NA,NA,NA,NA,NA,NA,NA,NA,  2.93232E-02,  2.77189E-02,  2.65046E-02,  2.56006E-02,  2.49362E-02,  2.44497E-02,  2.40880E-02,  2.38056E-02,  2.35637E-02,  2.33296E-02,  2.30768E-02,  2.27849E-02,  2.24399E-02,  2.20338E-02,  2.15644E-02,  2.10342E-02,  2.04500E-02,  1.98210E-02,  1.91580E-02,  1.84726E-02,  1.77757E-02,  1.70773E-02,  1.63862E-02,  1.57097E-02,  1.50533E-02,  1.44213E-02,NA,NA,NA,NA,NA,NA,NA,NA,NA,NA,NA,NA,NA,NA,NA,NA,NA,NA,NA,
NA,NA,NA,NA,NA,NA,NA,NA,NA,NA,NA,NA,NA,NA,NA,NA,NA,NA,NA,NA,NA,NA,NA,NA,NA,NA,NA,NA,NA,NA,NA,NA,NA,NA,NA,NA,NA,NA,NA,NA,NA,NA,NA,NA,NA,NA,NA,  3.17133E-02,  2.97478E-02,  2.83185E-02,  2.73015E-02,  2.65935E-02,  2.61092E-02,  2.57772E-02,  2.55381E-02,  2.53417E-02,  2.51463E-02,  2.49183E-02,  2.46324E-02,  2.42715E-02,  2.38265E-02,  2.32967E-02,  2.26874E-02,  2.20091E-02,  2.12755E-02,  2.05022E-02,  1.97044E-02,  1.88967E-02,  1.80918E-02,  1.73004E-02,  1.65307E-02,  1.57893E-02,  1.50804E-02,  1.44068E-02,NA,NA,NA,NA,NA,NA,NA,NA,NA,NA,NA,NA,NA,NA,NA,NA,NA,NA,
NA,NA,NA,NA,NA,NA,NA,NA,NA,NA,NA,NA,NA,NA,NA,NA,NA,NA,NA,NA,NA,NA,NA,NA,NA,NA,NA,NA,NA,NA,NA,NA,NA,NA,NA,NA,NA,NA,NA,NA,NA,NA,NA,NA,NA,NA,NA,NA,  3.18807E-02,  3.02307E-02,  2.91159E-02,  2.83913E-02,  2.79415E-02,  2.76738E-02,  2.75115E-02,  2.73908E-02,  2.72589E-02,  2.70731E-02,  2.68017E-02,  2.64238E-02,  2.59301E-02,  2.53219E-02,  2.46091E-02,  2.38084E-02,  2.29402E-02,  2.20262E-02,  2.10874E-02,  2.01427E-02,  1.92080E-02,  1.82960E-02,  1.74164E-02,  1.65759E-02,  1.57788E-02,  1.50272E-02,  1.43220E-02,  1.36625E-02,NA,NA,NA,NA,NA,NA,NA,NA,NA,NA,NA,NA,NA,NA,NA,NA,
NA,NA,NA,NA,NA,NA,NA,NA,NA,NA,NA,NA,NA,NA,NA,NA,NA,NA,NA,NA,NA,NA,NA,NA,NA,NA,NA,NA,NA,NA,NA,NA,NA,NA,NA,NA,NA,NA,NA,NA,NA,NA,NA,NA,NA,NA,NA,NA,NA,  3.22293E-02,  3.10509E-02,  3.03533E-02,  2.99865E-02,  2.98320E-02,  2.97935E-02,  2.97908E-02,  2.97567E-02,  2.96370E-02,  2.93911E-02,  2.89936E-02,  2.84351E-02,  2.77211E-02,  2.68691E-02,  2.59055E-02,  2.48604E-02,  2.37648E-02,  2.26469E-02,  2.15312E-02,  2.04374E-02,  1.93803E-02,  1.83706E-02,  1.74147E-02,  1.65164E-02,  1.56769E-02,  1.48956E-02,  1.41706E-02,  1.34993E-02,NA,NA,NA,NA,NA,NA,NA,NA,NA,NA,NA,NA,NA,NA,NA,
NA,NA,NA,NA,NA,NA,NA,NA,NA,NA,NA,NA,NA,NA,NA,NA,NA,NA,NA,NA,NA,NA,NA,NA,NA,NA,NA,NA,NA,NA,NA,NA,NA,NA,NA,NA,NA,NA,NA,NA,NA,NA,NA,NA,NA,NA,NA,NA,NA,  3.43039E-02,  3.31214E-02,  3.25172E-02,  3.23022E-02,  3.23298E-02,  3.24809E-02,  3.26549E-02,  3.27668E-02,  3.27460E-02,  3.25399E-02,  3.21167E-02,  3.14677E-02,  3.06057E-02,  2.95612E-02,  2.83756E-02,  2.70940E-02,  2.57601E-02,  2.44123E-02,  2.30817E-02,  2.17921E-02,  2.05599E-02,  1.93960E-02,  1.83061E-02,  1.72923E-02,  1.63540E-02,  1.54886E-02,  1.46923E-02,  1.39605E-02,  1.32883E-02,NA,NA,NA,NA,NA,NA,NA,NA,NA,NA,NA,NA,NA,NA,
NA,NA,NA,NA,NA,NA,NA,NA,NA,NA,NA,NA,NA,NA,NA,NA,NA,NA,NA,NA,NA,NA,NA,NA,NA,NA,NA,NA,NA,NA,NA,NA,NA,NA,NA,NA,NA,NA,NA,NA,NA,NA,NA,NA,NA,NA,NA,NA,NA,  3.64512E-02,  3.53576E-02,  3.49417E-02,  3.49748E-02,  3.52798E-02,  3.57119E-02,  3.61460E-02,  3.64725E-02,  3.65979E-02,  3.64507E-02,  3.59894E-02,  3.52073E-02,  3.41310E-02,  3.28124E-02,  3.13173E-02,  2.97135E-02,  2.80634E-02,  2.64176E-02,  2.48154E-02,  2.32838E-02,  2.18402E-02,  2.04940E-02,  1.92488E-02,  1.81038E-02,  1.70552E-02,  1.60975E-02,  1.52242E-02,  1.44282E-02,  1.37024E-02,  1.30400E-02,NA,NA,NA,NA,NA,NA,NA,NA,NA,NA,NA,NA,NA,
NA,NA,NA,NA,NA,NA,NA,NA,NA,NA,NA,NA,NA,NA,NA,NA,NA,NA,NA,NA,NA,NA,NA,NA,NA,NA,NA,NA,NA,NA,NA,NA,NA,NA,NA,NA,NA,NA,NA,NA,NA,NA,NA,NA,NA,NA,NA,NA,NA,NA,  3.78140E-02,  3.77176E-02,  3.81309E-02,  3.88455E-02,  3.96873E-02,  4.05005E-02,NA,NA,NA,  4.08997E-02,  3.99141E-02,  3.85163E-02,  3.67962E-02,  3.48600E-02,  3.28105E-02,  3.07352E-02,  2.87008E-02,  2.67536E-02,  2.49228E-02,  2.32243E-02,  2.16636E-02,  2.02395E-02,  1.89463E-02,  1.77758E-02,  1.67179E-02,  1.57623E-02,  1.48988E-02,  1.41176E-02,  1.34094E-02,NA,NA,NA,NA,NA,NA,NA,NA,NA,NA,NA,NA,NA,
NA,NA,NA,NA,NA,NA,NA,NA,NA,NA,NA,NA,NA,NA,NA,NA,NA,NA,NA,NA,NA,NA,NA,NA,NA,NA,NA,NA,NA,NA,NA,NA,NA,NA,NA,NA,NA,NA,NA,NA,NA,NA,NA,NA,NA,NA,NA,NA,NA,NA,  4.05825E-02,  4.09831E-02,NA,NA,NA,NA,NA,NA,NA,NA,NA,NA,NA,  3.91729E-02,  3.64978E-02,  3.38464E-02,  3.13021E-02,  2.89166E-02,  2.67168E-02,  2.47120E-02,  2.29001E-02,  2.12716E-02,  1.98130E-02,  1.85090E-02,  1.73437E-02,  1.63016E-02,  1.53683E-02,  1.45306E-02,  1.37765E-02,  1.30954E-02,NA,NA,NA,NA,NA,NA,NA,NA,NA,NA,NA,NA,
NA,NA,NA,NA,NA,NA,NA,NA,NA,NA,NA,NA,NA,NA,NA,NA,NA,NA,NA,NA,NA,NA,NA,NA,NA,NA,NA,NA,NA,NA,NA,NA,NA,NA,NA,NA,NA,NA,NA,NA,NA,NA,NA,NA,NA,NA,NA,NA,NA,NA,NA,NA,NA,NA,NA,NA,NA,NA,NA,NA,NA,NA,NA,NA,NA,  3.74744E-02,  3.42616E-02,  3.13206E-02,  2.86674E-02,  2.62975E-02,  2.41943E-02,  2.23348E-02,  2.06939E-02,  1.92463E-02,  1.79677E-02,  1.68363E-02,  1.58322E-02,  1.49381E-02,  1.41388E-02,  1.34212E-02,  1.27740E-02,NA,NA,NA,NA,NA,NA,NA,NA,NA,NA,NA,
NA,NA,NA,NA,NA,NA,NA,NA,NA,NA,NA,NA,NA,NA,NA,NA,NA,NA,NA,NA,NA,NA,NA,NA,NA,NA,NA,NA,NA,NA,NA,NA,NA,NA,NA,NA,NA,NA,NA,NA,NA,NA,NA,NA,NA,NA,NA,NA,NA,NA,NA,NA,NA,NA,NA,NA,NA,NA,NA,NA,NA,NA,NA,NA,NA,NA,  3.76132E-02,  3.39732E-02,  3.07684E-02,  2.79678E-02,  2.55311E-02,  2.34146E-02,  2.15762E-02,  1.99767E-02,  1.85813E-02,  1.73596E-02,  1.62854E-02,  1.53365E-02,  1.44940E-02,  1.37418E-02,  1.30666E-02,  1.24571E-02,NA,NA,NA,NA,NA,NA,NA,NA,NA,NA,
NA,NA,NA,NA,NA,NA,NA,NA,NA,NA,NA,NA,NA,NA,NA,NA,NA,NA,NA,NA,NA,NA,NA,NA,NA,NA,NA,NA,NA,NA,NA,NA,NA,NA,NA,NA,NA,NA,NA,NA,NA,NA,NA,NA,NA,NA,NA,NA,NA,NA,NA,NA,NA,NA,NA,NA,NA,NA,NA,NA,NA,NA,NA,NA,NA,NA,NA,  3.68682E-02,  3.30008E-02,  2.96999E-02,  2.68879E-02,  2.44910E-02,  2.24433E-02,  2.06873E-02,  1.91746E-02,  1.78645E-02,  1.67232E-02,  1.57228E-02,  1.48402E-02,  1.40564E-02,  1.33558E-02,  1.27253E-02,NA,NA,NA,NA,NA,NA,NA,NA,NA,NA,
NA,NA,NA,NA,NA,NA,NA,NA,NA,NA,NA,NA,NA,NA,NA,NA,NA,NA,NA,NA,NA,NA,NA,NA,NA,NA,NA,NA,NA,NA,NA,NA,NA,NA,NA,NA,NA,NA,NA,NA,NA,NA,NA,NA,NA,NA,NA,NA,NA,NA,NA,NA,NA,NA,NA,NA,NA,NA,NA,NA,NA,NA,NA,NA,NA,NA,NA,NA,  3.53294E-02,  3.14586E-02,  2.82337E-02,  2.55387E-02,  2.32757E-02,  2.13638E-02,  1.97375E-02,  1.83440E-02,  1.71409E-02,  1.60941E-02,  1.51761E-02,  1.43648E-02,  1.36420E-02,  1.29933E-02,  1.24069E-02,NA,NA,NA,NA,NA,NA,NA,NA,NA,
NA,NA,NA,NA,NA,NA,NA,NA,NA,NA,NA,NA,NA,NA,NA,NA,NA,NA,NA,NA,NA,NA,NA,NA,NA,NA,NA,NA,NA,NA,NA,NA,NA,NA,NA,NA,NA,NA,NA,NA,NA,NA,NA,NA,NA,NA,NA,NA,NA,NA,NA,NA,NA,NA,NA,NA,NA,NA,NA,NA,NA,NA,NA,NA,NA,NA,NA,NA,NA,  3.31935E-02,  2.95281E-02,  2.65272E-02,  2.40513E-02,  2.19907E-02,  2.02597E-02,  1.87919E-02,  1.75353E-02,  1.64493E-02,  1.55019E-02,  1.46679E-02,  1.39269E-02,  1.32630E-02,  1.26632E-02,  1.21173E-02,NA,NA,NA,NA,NA,NA,NA,NA,
NA,NA,NA,NA,NA,NA,NA,NA,NA,NA,NA,NA,NA,NA,NA,NA,NA,NA,NA,NA,NA,NA,NA,NA,NA,NA,NA,NA,NA,NA,NA,NA,NA,NA,NA,NA,NA,NA,NA,NA,NA,NA,NA,NA,NA,NA,NA,NA,NA,NA,NA,NA,NA,NA,NA,NA,NA,NA,NA,NA,NA,NA,NA,NA,NA,NA,NA,NA,NA,  3.48380E-02,  3.07218E-02,  2.74219E-02,  2.47472E-02,  2.25535E-02,  2.07328E-02,  1.92037E-02,  1.79046E-02,  1.67886E-02,  1.58191E-02,  1.49681E-02,  1.42132E-02,  1.35372E-02,  1.29264E-02,  1.23699E-02,NA,NA,NA,NA,NA,NA,NA,NA,
NA,NA,NA,NA,NA,NA,NA,NA,NA,NA,NA,NA,NA,NA,NA,NA,NA,NA,NA,NA,NA,NA,NA,NA,NA,NA,NA,NA,NA,NA,NA,NA,NA,NA,NA,NA,NA,NA,NA,NA,NA,NA,NA,NA,NA,NA,NA,NA,NA,NA,NA,NA,NA,NA,NA,NA,NA,NA,NA,NA,NA,NA,NA,NA,NA,NA,NA,NA,NA,NA,  3.17582E-02,  2.81870E-02,  2.53418E-02,  2.30403E-02,  2.11510E-02,  1.95779E-02,  1.82502E-02,  1.71148E-02,  1.61315E-02,  1.52696E-02,  1.45054E-02,  1.38205E-02,  1.32006E-02,  1.26347E-02,NA,NA,NA,NA,NA,NA,NA,NA,
NA,NA,NA,NA,NA,NA,NA,NA,NA,NA,NA,NA,NA,NA,NA,NA,NA,NA,NA,NA,NA,NA,NA,NA,NA,NA,NA,NA,NA,NA,NA,NA,NA,NA,NA,NA,NA,NA,NA,NA,NA,NA,NA,NA,NA,NA,NA,NA,NA,NA,NA,NA,NA,NA,NA,NA,NA,NA,NA,NA,NA,NA,NA,NA,NA,NA,NA,NA,NA,NA,  3.25795E-02,  2.87905E-02,  2.58191E-02,  2.34448E-02,  2.15140E-02,  1.99176E-02,  1.85769E-02,  1.74339E-02,  1.64455E-02,  1.55791E-02,  1.48098E-02,  1.41188E-02,  1.34914E-02,  1.29167E-02,  1.23859E-02,NA,NA,NA,NA,NA,NA,NA,
NA,NA,NA,NA,NA,NA,NA,NA,NA,NA,NA,NA,NA,NA,NA,NA,NA,NA,NA,NA,NA,NA,NA,NA,NA,NA,NA,NA,NA,NA,NA,NA,NA,NA,NA,NA,NA,NA,NA,NA,NA,NA,NA,NA,NA,NA,NA,NA,NA,NA,NA,NA,NA,NA,NA,NA,NA,NA,NA,NA,NA,NA,NA,NA,NA,NA,NA,NA,NA,NA,  3.31374E-02,  2.92122E-02,  2.61736E-02,  2.37693E-02,  2.18282E-02,  2.02313E-02,  1.88943E-02,  1.77559E-02,  1.67709E-02,  1.59057E-02,  1.51350E-02,  1.44398E-02,  1.38057E-02,  1.32219E-02,  1.26803E-02,  1.21746E-02,NA,NA,NA,NA,NA,NA,
NA,NA,NA,NA,NA,NA,NA,NA,NA,NA,NA,NA,NA,NA,NA,NA,NA,NA,NA,NA,NA,NA,NA,NA,NA,NA,NA,NA,NA,NA,NA,NA,NA,NA,NA,NA,NA,NA,NA,NA,NA,NA,NA,NA,NA,NA,NA,NA,NA,NA,NA,NA,NA,NA,NA,NA,NA,NA,NA,NA,NA,NA,NA,NA,NA,NA,NA,NA,NA,NA,  3.34112E-02,  2.94533E-02,  2.64160E-02,  2.40283E-02,  2.21094E-02,  2.05351E-02,  1.92181E-02,  1.80955E-02,  1.71214E-02,  1.62620E-02,  1.54922E-02,  1.47935E-02,  1.41521E-02,  1.35579E-02,  1.30034E-02,  1.24830E-02,  1.19928E-02,NA,NA,NA,NA,NA,
NA,NA,NA,NA,NA,NA,NA,NA,NA,NA,NA,NA,NA,NA,NA,NA,NA,NA,NA,NA,NA,NA,NA,NA,NA,NA,NA,NA,NA,NA,NA,NA,NA,NA,NA,NA,NA,NA,NA,NA,NA,NA,NA,NA,NA,NA,NA,NA,NA,NA,NA,NA,NA,NA,NA,NA,NA,NA,NA,NA,NA,NA,NA,NA,NA,NA,NA,NA,NA,NA,NA,  2.95460E-02,  2.65775E-02,  2.42505E-02,  2.23838E-02,  2.08529E-02,  1.95701E-02,  1.84726E-02,  1.75150E-02,  1.66639E-02,  1.58955E-02,  1.51920E-02,  1.45409E-02,  1.39332E-02,  1.33624E-02,  1.28238E-02,  1.23140E-02,  1.18306E-02,NA,NA,NA,NA,
NA,NA,NA,NA,NA,NA,NA,NA,NA,NA,NA,NA,NA,NA,NA,NA,NA,NA,NA,NA,NA,NA,NA,NA,NA,NA,NA,NA,NA,NA,NA,NA,NA,NA,NA,NA,NA,NA,NA,NA,NA,NA,NA,NA,NA,NA,NA,NA,NA,NA,NA,NA,NA,NA,NA,NA,NA,NA,NA,NA,NA,NA,NA,NA,NA,NA,NA,NA,NA,NA,NA,  2.95583E-02,  2.67112E-02,  2.44796E-02,  2.26889E-02,  2.12176E-02,  1.99796E-02,  1.89134E-02,  1.79747E-02,  1.71318E-02,  1.63622E-02,  1.56501E-02,  1.49847E-02,  1.43582E-02,  1.37656E-02,  1.32034E-02,  1.26691E-02,  1.21610E-02,NA,NA,NA,NA,
NA,NA,NA,NA,NA,NA,NA,NA,NA,NA,NA,NA,NA,NA,NA,NA,NA,NA,NA,NA,NA,NA,NA,NA,NA,NA,NA,NA,NA,NA,NA,NA,NA,NA,NA,NA,NA,NA,NA,NA,NA,NA,NA,NA,NA,NA,NA,NA,NA,NA,NA,NA,NA,NA,NA,NA,NA,NA,NA,NA,NA,NA,NA,NA,NA,NA,NA,NA,NA,NA,NA,  2.95880E-02,  2.68891E-02,  2.47730E-02,  2.30732E-02,  2.16718E-02,  2.04844E-02,  1.94511E-02,  1.85296E-02,  1.76903E-02,  1.69134E-02,  1.61854E-02,  1.54975E-02,  1.48443E-02,  1.42222E-02,  1.36292E-02,  1.30637E-02,  1.25249E-02,  1.20120E-02,NA,NA,NA,
NA,NA,NA,NA,NA,NA,NA,NA,NA,NA,NA,NA,NA,NA,NA,NA,NA,NA,NA,NA,NA,NA,NA,NA,NA,NA,NA,NA,NA,NA,NA,NA,NA,NA,NA,NA,NA,NA,NA,NA,NA,NA,NA,NA,NA,NA,NA,NA,NA,NA,NA,NA,NA,NA,NA,NA,NA,NA,NA,NA,NA,NA,NA,NA,NA,NA,NA,NA,NA,NA,NA,  2.97475E-02,  2.71954E-02,  2.51999E-02,  2.35971E-02,  2.22691E-02,  2.11321E-02,  2.01274E-02,  1.92155E-02,  1.83700E-02,  1.75743E-02,  1.68182E-02,  1.60960E-02,  1.54045E-02,  1.47423E-02,  1.41087E-02,  1.35034E-02,  1.29264E-02,  1.23774E-02,  1.18560E-02,NA,NA,
NA,NA,NA,NA,NA,NA,NA,NA,NA,NA,NA,NA,NA,NA,NA,NA,NA,NA,NA,NA,NA,NA,NA,NA,NA,NA,NA,NA,NA,NA,NA,NA,NA,NA,NA,NA,NA,NA,NA,NA,NA,NA,NA,NA,NA,NA,NA,NA,NA,NA,NA,NA,NA,NA,NA,NA,NA,NA,NA,NA,NA,NA,NA,NA,NA,NA,NA,NA,NA,NA,NA,  3.01465E-02,  2.77211E-02,  2.58417E-02,  2.43350E-02,  2.30773E-02,  2.19829E-02,  2.09949E-02,  2.00771E-02,  1.92076E-02,  1.83746E-02,  1.75723E-02,  1.67984E-02,  1.60528E-02,  1.53362E-02,  1.46496E-02,  1.39939E-02,  1.33694E-02,  1.27765E-02,  1.22148E-02,NA,NA,
NA,NA,NA,NA,NA,NA,NA,NA,NA,NA,NA,NA,NA,NA,NA,NA,NA,NA,NA,NA,NA,NA,NA,NA,NA,NA,NA,NA,NA,NA,NA,NA,NA,NA,NA,NA,NA,NA,NA,NA,NA,NA,NA,NA,NA,NA,NA,NA,NA,NA,NA,NA,NA,NA,NA,NA,NA,NA,NA,NA,NA,NA,NA,NA,NA,NA,NA,NA,NA,NA,NA,  3.08853E-02,  2.85666E-02,  2.67981E-02,  2.53826E-02,  2.41846E-02,  2.31153E-02,  2.21205E-02,  2.11696E-02,  2.02479E-02,  1.93496E-02,  1.84746E-02,  1.76251E-02,  1.68041E-02,  1.60148E-02,  1.52596E-02,  1.45401E-02,  1.38572E-02,  1.32113E-02,  1.26018E-02,  1.20280E-02,NA,
NA,NA,NA,NA,NA,NA,NA,NA,NA,NA,NA,NA,NA,NA,NA,NA,NA,NA,NA,NA,NA,NA,NA,NA,NA,NA,NA,NA,NA,NA,NA,NA,NA,NA,NA,NA,NA,NA,NA,NA,NA,NA,NA,NA,NA,NA,NA,NA,NA,NA,NA,NA,NA,NA,NA,NA,NA,NA,NA,NA,NA,NA,NA,NA,NA,NA,NA,NA,NA,NA,NA,NA,  2.98589E-02,  2.82037E-02,  2.68715E-02,  2.57113E-02,  2.46334E-02,  2.35906E-02,  2.25626E-02,  2.15445E-02,  2.05399E-02,  1.95552E-02,  1.85977E-02,  1.76738E-02,  1.67885E-02,  1.59453E-02,  1.51462E-02,  1.43921E-02,  1.36828E-02,  1.30173E-02,  1.23941E-02,NA,
NA,NA,NA,NA,NA,NA,NA,NA,NA,NA,NA,NA,NA,NA,NA,NA,NA,NA,NA,NA,NA,NA,NA,NA,NA,NA,NA,NA,NA,NA,NA,NA,NA,NA,NA,NA,NA,NA,NA,NA,NA,NA,NA,NA,NA,NA,NA,NA,NA,NA,NA,NA,NA,NA,NA,NA,NA,NA,NA,NA,NA,NA,NA,NA,NA,NA,NA,NA,NA,NA,NA,NA,NA,  3.02594E-02,  2.89935E-02,  2.78271E-02,  2.66789E-02,  2.55181E-02,  2.43423E-02,  2.31620E-02,  2.19921E-02,  2.08469E-02,  1.97386E-02,  1.86764E-02,  1.76663E-02,  1.67121E-02,  1.58150E-02,  1.49751E-02,  1.41909E-02,  1.34603E-02,  1.27807E-02,  1.21491E-02,
NA,NA,NA,NA,NA,NA,NA,NA,NA,NA,NA,NA,NA,NA,NA,NA,NA,NA,NA,NA,NA,NA,NA,NA,NA,NA,NA,NA,NA,NA,NA,NA,NA,NA,NA,NA,NA,NA,NA,NA,NA,NA,NA,NA,NA,NA,NA,NA,NA,NA,NA,NA,NA,NA,NA,NA,NA,NA,NA,NA,NA,NA,NA,NA,NA,NA,NA,NA,NA,NA,NA,NA,NA,NA,NA,  3.07764E-02,  2.94454E-02,  2.80496E-02,  2.66158E-02,  2.51757E-02,  2.37576E-02,  2.23835E-02,  2.10693E-02,  1.98248E-02,  1.86554E-02,  1.75630E-02,  1.65471E-02,  1.56051E-02,  1.47336E-02,  1.39285E-02,  1.31853E-02,  1.24993E-02,
NA,NA,NA,NA,NA,NA,NA,NA,NA,NA,NA,NA,NA,NA,NA,NA,NA,NA,NA,NA,NA,NA,NA,NA,NA,NA,NA,NA,NA,NA,NA,NA,NA,NA,NA,NA,NA,NA,NA,NA,NA,NA,NA,NA,NA,NA,NA,NA,NA,NA,NA,NA,NA,NA,NA,NA,NA,NA,NA,NA,NA,NA,NA,NA,NA,NA,NA,NA,NA,NA,NA,NA,NA,NA,NA,NA,NA,  3.13721E-02,  2.95116E-02,  2.76707E-02,  2.58907E-02,  2.41981E-02,  2.26083E-02,  2.11282E-02,  1.97589E-02,  1.84978E-02,  1.73399E-02,  1.62787E-02,  1.53071E-02,  1.44179E-02,  1.36040E-02,  1.28586E-02,
NA,NA,NA,NA,NA,NA,NA,NA,NA,NA,NA,NA,NA,NA,NA,NA,NA,NA,NA,NA,NA,NA,NA,NA,NA,NA,NA,NA,NA,NA,NA,NA,NA,NA,NA,NA,NA,NA,NA,NA,NA,NA,NA,NA,NA,NA,NA,NA,NA,NA,NA,NA,NA,NA,NA,NA,NA,NA,NA,NA,NA,NA,NA,NA,NA,NA,NA,NA,NA,NA,NA,NA,NA,NA,NA,NA,NA,NA,  3.31771E-02,  3.07377E-02,  2.84440E-02,  2.63186E-02,  2.43681E-02,  2.25897E-02,  2.09746E-02,  1.95115E-02,  1.81874E-02,  1.69894E-02,  1.59051E-02,  1.49228E-02,  1.40317E-02,  1.32222E-02,
NA,NA,NA,NA,NA,NA,NA,NA,NA,NA,NA,NA,NA,NA,NA,NA,NA,NA,NA,NA,NA,NA,NA,NA,NA,NA,NA,NA,NA,NA,NA,NA,NA,NA,NA,NA,NA,NA,NA,NA,NA,NA,NA,NA,NA,NA,NA,NA,NA,NA,NA,NA,NA,NA,NA,NA,NA,NA,NA,NA,NA,NA,NA,NA,NA,NA,NA,NA,NA,NA,NA,NA,NA,NA,NA,NA,NA,NA,NA,NA,  3.14606E-02,  2.87617E-02,  2.63506E-02,  2.42032E-02,  2.22929E-02,  2.05930E-02,  1.90786E-02,  1.77271E-02,  1.65185E-02,  1.54352E-02,  1.44615E-02,  1.35843E-02,
NA,NA,NA,NA,NA,NA,NA,NA,NA,NA,NA,NA,NA,NA,NA,NA,NA,NA,NA,NA,NA,NA,NA,NA,NA,NA,NA,NA,NA,NA,NA,NA,NA,NA,NA,NA,NA,NA,NA,NA,NA,NA,NA,NA,NA,NA,NA,NA,NA,NA,NA,NA,NA,NA,NA,NA,NA,NA,NA,NA,NA,NA,NA,NA,NA,NA,NA,NA,NA,NA,NA,NA,NA,NA,NA,NA,NA,NA,NA,NA,  3.49626E-02,  3.15255E-02,  2.85419E-02,  2.59503E-02,  2.36943E-02,  2.17241E-02,  1.99972E-02,  1.84778E-02,  1.71355E-02,  1.59450E-02,  1.48851E-02,  1.39380E-02,
NA,NA,NA,NA,NA,NA,NA,NA,NA,NA,NA,NA,NA,NA,NA,NA,NA,NA,NA,NA,NA,NA,NA,NA,NA,NA,NA,NA,NA,NA,NA,NA,NA,NA,NA,NA,NA,NA,NA,NA,NA,NA,NA,NA,NA,NA,NA,NA,NA,NA,NA,NA,NA,NA,NA,NA,NA,NA,NA,NA,NA,NA,NA,NA,NA,NA,NA,NA,NA,NA,NA,NA,NA,NA,NA,NA,NA,NA,NA,NA,NA,  3.45789E-02,  3.09059E-02,  2.77960E-02,  2.51477E-02,  2.28782E-02,  2.09212E-02,  1.92231E-02,  1.77410E-02,  1.64403E-02,  1.52928E-02,  1.42754E-02,
NA,NA,NA,NA,NA,NA,NA,NA,NA,NA,NA,NA,NA,NA,NA,NA,NA,NA,  2.04998E-02,  2.15974E-02,NA,NA,NA,NA,NA,NA,NA,NA,NA,NA,NA,NA,NA,NA,NA,NA,NA,NA,NA,NA,NA,NA,NA,NA,NA,NA,NA,NA,NA,NA,NA,NA,NA,NA,NA,NA,NA,NA,NA,NA,NA,NA,NA,NA,NA,NA,NA,NA,NA,NA,NA,NA,NA,NA,NA,NA,NA,NA,NA,NA,NA,NA,  3.33784E-02,  2.96860E-02,  2.66088E-02,  2.40200E-02,  2.18224E-02,  1.99410E-02,  1.83178E-02,  1.69073E-02,  1.56735E-02,  1.45879E-02,
NA,NA,NA,NA,NA,NA,NA,NA,NA,NA,NA,NA,NA,NA,NA,NA,NA,NA,NA,  2.04795E-02,  2.18738E-02,NA,NA,NA,NA,NA,NA,NA,NA,NA,NA,NA,NA,NA,NA,NA,NA,NA,NA,NA,NA,NA,NA,NA,NA,NA,NA,NA,NA,NA,NA,NA,NA,NA,NA,NA,NA,NA,NA,NA,NA,NA,NA,NA,NA,NA,NA,NA,NA,NA,NA,NA,NA,NA,NA,NA,NA,NA,NA,NA,NA,NA,  3.58620E-02,  3.15452E-02,  2.80205E-02,  2.51060E-02,  2.26679E-02,  2.06064E-02,  1.88465E-02,  1.73310E-02,  1.60158E-02,  1.48663E-02,
NA,NA,NA,NA,NA,NA,NA,NA,NA,NA,NA,NA,NA,NA,NA,NA,NA,NA,NA,  1.98142E-02,  2.13078E-02,NA,NA,NA,NA,NA,NA,NA,NA,NA,NA,NA,NA,NA,NA,NA,NA,NA,NA,NA,NA,NA,NA,NA,NA,NA,NA,NA,NA,NA,NA,NA,NA,NA,NA,NA,NA,NA,NA,NA,NA,NA,NA,NA,NA,NA,NA,NA,NA,NA,NA,NA,NA,NA,NA,NA,NA,NA,NA,NA,NA,NA,  3.82247E-02,  3.32788E-02,  2.93139E-02,  2.60861E-02,  2.34209E-02,  2.11919E-02,  1.93067E-02,  1.76962E-02,  1.63080E-02,  1.51018E-02,
NA,NA,NA,NA,NA,NA,NA,NA,NA,NA,NA,NA,NA,NA,NA,NA,NA,NA,NA,  1.94451E-02,  2.10587E-02,  2.31888E-02,NA,NA,NA,NA,NA,NA,NA,NA,NA,NA,NA,NA,NA,NA,NA,NA,NA,NA,NA,NA,NA,NA,NA,NA,NA,NA,NA,NA,NA,NA,NA,NA,NA,NA,NA,NA,NA,NA,NA,NA,NA,NA,NA,NA,NA,NA,NA,NA,NA,NA,NA,NA,NA,NA,NA,NA,NA,NA,NA,NA,NA,  3.47778E-02,  3.04141E-02,  2.69078E-02,  2.40438E-02,  2.16705E-02,  1.96786E-02,  1.79879E-02,  1.65388E-02,  1.52858E-02,
NA,NA,NA,NA,NA,NA,NA,NA,NA,NA,NA,NA,NA,NA,NA,NA,NA,NA,NA,  1.92603E-02,  2.09976E-02,  2.32977E-02,NA,NA,NA,NA,NA,NA,NA,NA,NA,NA,NA,NA,NA,NA,NA,NA,NA,NA,NA,NA,NA,NA,NA,NA,NA,NA,NA,NA,NA,NA,NA,NA,NA,NA,NA,NA,NA,NA,NA,NA,NA,NA,NA,NA,NA,NA,NA,NA,NA,NA,NA,NA,NA,NA,NA,NA,NA,NA,NA,NA,NA,  3.59307E-02,  3.12468E-02,  2.75204E-02,  2.45016E-02,  2.20172E-02,  1.99441E-02,  1.81931E-02,  1.66986E-02,  1.54109E-02,
NA,NA,NA,NA,NA,NA,NA,NA,NA,NA,NA,NA,NA,NA,NA,NA,NA,NA,NA,  1.91759E-02,  2.10244E-02,  2.34729E-02,NA,NA,NA,NA,NA,NA,NA,NA,NA,NA,NA,NA,NA,NA,NA,NA,NA,NA,NA,NA,NA,NA,NA,NA,NA,NA,NA,NA,NA,NA,NA,NA,NA,NA,NA,NA,NA,NA,NA,NA,NA,NA,NA,NA,NA,NA,NA,NA,NA,NA,NA,NA,NA,NA,NA,NA,NA,NA,NA,NA,NA,  3.66389E-02,  3.17483E-02,  2.78814E-02,  2.47652E-02,  2.22118E-02,  2.00888E-02,  1.83013E-02,  1.67796E-02,  1.54715E-02,
NA,NA,NA,NA,NA,NA,NA,NA,NA,NA,NA,NA,NA,NA,NA,NA,NA,NA,NA,NA,  2.10612E-02,  2.36153E-02,NA,NA,NA,NA,NA,NA,NA,NA,NA,NA,NA,NA,NA,NA,NA,NA,NA,NA,NA,NA,NA,NA,NA,NA,NA,NA,NA,NA,NA,NA,NA,NA,NA,NA,NA,NA,NA,NA,NA,NA,NA,NA,NA,NA,NA,NA,NA,NA,NA,NA,NA,NA,NA,NA,NA,NA,NA,NA,NA,NA,NA,  3.68338E-02,  3.18744E-02,  2.79620E-02,  2.48151E-02,  2.22407E-02,  2.01032E-02,  1.83056E-02,  1.67768E-02,  1.54638E-02,
NA,NA,NA,NA,NA,NA,NA,NA,NA,NA,NA,NA,NA,NA,NA,NA,NA,NA,NA,NA,  2.10503E-02,  2.36525E-02,NA,NA,NA,NA,NA,NA,NA,NA,NA,NA,NA,NA,NA,NA,NA,NA,NA,NA,NA,NA,NA,NA,NA,NA,NA,NA,NA,NA,NA,NA,NA,NA,NA,NA,NA,NA,NA,NA,NA,NA,NA,NA,NA,NA,NA,NA,NA,NA,NA,NA,NA,NA,NA,NA,NA,NA,NA,NA,NA,NA,NA,  3.64898E-02,  3.16090E-02,  2.77514E-02,  2.46441E-02,  2.20990E-02,  1.99838E-02,  1.82035E-02,  1.66884E-02,  1.53864E-02,
NA,NA,NA,NA,NA,NA,NA,NA,NA,NA,NA,NA,NA,NA,NA,NA,NA,NA,NA,NA,  2.09539E-02,  2.35408E-02,NA,NA,NA,NA,NA,NA,NA,NA,NA,NA,NA,NA,NA,NA,NA,NA,NA,NA,NA,NA,NA,NA,NA,NA,NA,NA,NA,NA,NA,NA,NA,NA,NA,NA,NA,NA,NA,NA,NA,NA,NA,NA,NA,NA,NA,NA,NA,NA,NA,NA,NA,NA,NA,NA,NA,NA,NA,NA,NA,NA,NA,  3.56290E-02,  3.09655E-02,  2.72583E-02,  2.42579E-02,  2.17906E-02,  1.97333E-02,  1.79970E-02,  1.65159E-02,  1.52405E-02,
NA,NA,NA,NA,NA,NA,NA,NA,NA,NA,NA,NA,NA,NA,NA,NA,NA,NA,NA,NA,NA,  2.32645E-02,NA,NA,NA,NA,NA,NA,NA,NA,NA,NA,NA,NA,NA,NA,NA,NA,NA,NA,NA,NA,NA,NA,NA,NA,NA,NA,NA,NA,NA,NA,NA,NA,NA,NA,NA,NA,NA,NA,NA,NA,NA,NA,NA,NA,NA,NA,NA,NA,NA,NA,NA,NA,NA,NA,NA,NA,NA,NA,NA,NA,NA,  3.43164E-02,  2.99853E-02,  2.65097E-02,  2.36746E-02,  2.13280E-02,  1.93606E-02,  1.76924E-02,  1.62637E-02,  1.50294E-02,
NA,NA,NA,NA,NA,NA,NA,NA,NA,NA,NA,NA,NA,NA,NA,NA,NA,NA,NA,NA,NA,  2.28302E-02,NA,NA,NA,NA,NA,NA,NA,NA,NA,NA,NA,NA,NA,NA,NA,NA,NA,NA,NA,NA,NA,NA,NA,NA,NA,NA,NA,NA,NA,NA,NA,NA,NA,NA,NA,NA,NA,NA,NA,NA,NA,NA,NA,NA,NA,NA,NA,NA,NA,NA,NA,NA,NA,NA,NA,NA,NA,NA,NA,NA,NA,  3.26474E-02,  2.87301E-02,  2.55467E-02,  2.29224E-02,  2.07308E-02,  1.88795E-02,  1.72998E-02,  1.59395E-02,  1.47587E-02,
NA,NA,NA,NA,NA,NA,NA,NA,NA,NA,NA,NA,NA,NA,NA,NA,NA,NA,NA,NA,NA,  2.22609E-02,  2.50775E-02,NA,NA,NA,NA,NA,NA,NA,NA,NA,NA,NA,NA,NA,NA,NA,NA,NA,NA,NA,NA,NA,NA,NA,NA,NA,NA,NA,NA,NA,NA,NA,NA,NA,NA,NA,NA,NA,NA,NA,NA,NA,NA,NA,NA,NA,NA,NA,NA,NA,NA,NA,NA,NA,NA,NA,NA,NA,NA,NA,  3.49770E-02,  3.07319E-02,  2.72735E-02,  2.44196E-02,  2.20361E-02,  2.00238E-02,  1.83080E-02,  1.68323E-02,  1.55529E-02,  1.44357E-02,
NA,NA,NA,NA,NA,NA,NA,NA,NA,NA,NA,NA,NA,NA,NA,NA,NA,NA,NA,NA,NA,NA,  2.41206E-02,NA,NA,NA,NA,NA,NA,NA,NA,NA,NA,NA,NA,NA,NA,NA,NA,NA,NA,NA,NA,NA,NA,NA,NA,NA,NA,NA,NA,NA,NA,NA,NA,NA,NA,NA,NA,NA,NA,NA,NA,NA,NA,NA,NA,NA,NA,NA,NA,NA,NA,NA,NA,NA,NA,NA,NA,NA,NA,NA,  3.22726E-02,  2.86796E-02,  2.56912E-02,  2.31813E-02,  2.10536E-02,  1.92341E-02,  1.76660E-02,  1.63046E-02,  1.51149E-02,  1.40689E-02,
NA,NA,NA,NA,NA,NA,NA,NA,NA,NA,NA,NA,NA,NA,NA,NA,NA,NA,NA,NA,NA,NA,NA,  2.58439E-02,NA,NA,NA,NA,NA,NA,NA,NA,NA,NA,NA,NA,NA,NA,NA,NA,NA,NA,NA,NA,NA,NA,NA,NA,NA,NA,NA,NA,NA,NA,NA,NA,NA,NA,NA,NA,NA,NA,NA,NA,NA,NA,NA,NA,NA,NA,NA,NA,NA,NA,NA,NA,NA,NA,NA,NA,NA,  3.30893E-02,  2.95677E-02,  2.65888E-02,  2.40539E-02,  2.18831E-02,  2.00121E-02,  1.83895E-02,  1.69740E-02,  1.57324E-02,  1.46375E-02,  1.36673E-02,
NA,NA,NA,NA,NA,NA,NA,NA,NA,NA,NA,NA,NA,NA,NA,NA,NA,NA,NA,NA,NA,NA,NA,  2.44067E-02,  2.72352E-02,NA,NA,NA,NA,NA,NA,NA,NA,NA,NA,NA,NA,NA,NA,NA,NA,NA,NA,NA,NA,NA,NA,NA,NA,NA,NA,NA,NA,NA,NA,NA,NA,NA,NA,NA,NA,NA,NA,NA,NA,NA,NA,NA,NA,NA,NA,NA,NA,NA,NA,NA,NA,NA,NA,NA,NA,  2.97578E-02,  2.69675E-02,  2.45389E-02,  2.24215E-02,  2.05702E-02,  1.89460E-02,  1.75159E-02,  1.62520E-02,  1.51308E-02,  1.41324E-02,  1.32402E-02,
NA,NA,NA,NA,NA,NA,NA,NA,NA,NA,NA,NA,NA,NA,NA,NA,NA,NA,NA,NA,NA,NA,NA,NA,  2.53884E-02,  2.81318E-02,NA,NA,NA,NA,NA,NA,NA,NA,NA,NA,NA,NA,NA,NA,NA,NA,NA,NA,NA,NA,NA,NA,NA,NA,NA,NA,NA,NA,NA,NA,NA,NA,NA,NA,NA,NA,NA,NA,NA,NA,NA,NA,NA,NA,NA,NA,NA,NA,NA,NA,NA,NA,NA,NA,  2.91428E-02,  2.67238E-02,  2.45436E-02,  2.25890E-02,  2.08412E-02,  1.92798E-02,  1.78845E-02,  1.66364E-02,  1.55181E-02,  1.45142E-02,  1.36110E-02,  1.27965E-02,
NA,NA,NA,NA,NA,NA,NA,NA,NA,NA,NA,NA,NA,NA,NA,NA,NA,NA,NA,NA,NA,NA,NA,NA,  2.37041E-02,  2.59443E-02,  2.84532E-02,NA,NA,NA,NA,NA,NA,NA,NA,NA,NA,NA,NA,NA,NA,NA,NA,NA,NA,NA,NA,NA,NA,NA,NA,NA,NA,NA,NA,NA,NA,NA,NA,NA,NA,NA,NA,NA,NA,NA,NA,NA,NA,NA,NA,NA,NA,NA,NA,NA,NA,NA,NA,  2.77415E-02,  2.58342E-02,  2.40252E-02,  2.23366E-02,  2.07768E-02,  1.93463E-02,  1.80402E-02,  1.68510E-02,  1.57699E-02,  1.47877E-02,  1.38951E-02,  1.30834E-02,  1.23445E-02,
NA,NA,NA,NA,NA,NA,NA,NA,NA,NA,NA,NA,NA,NA,NA,NA,NA,NA,NA,NA,NA,NA,NA,NA,NA,  2.40297E-02,  2.60495E-02,  2.82231E-02,  3.05093E-02,NA,NA,NA,NA,NA,NA,NA,NA,NA,NA,NA,NA,  4.42309E-02,NA,NA,NA,NA,NA,NA,NA,NA,NA,NA,NA,NA,NA,NA,NA,NA,NA,NA,NA,NA,NA,NA,NA,NA,NA,NA,NA,NA,NA,NA,NA,NA,NA,NA,NA,  2.69822E-02,  2.57227E-02,  2.43813E-02,  2.30150E-02,  2.16658E-02,  2.03625E-02,  1.91232E-02,  1.79578E-02,  1.68709E-02,  1.58628E-02,  1.49315E-02,  1.40734E-02,  1.32840E-02,  1.25583E-02,  1.18913E-02,
NA,NA,NA,NA,NA,NA,NA,NA,NA,NA,NA,NA,NA,NA,NA,NA,NA,NA,NA,NA,NA,NA,NA,NA,NA,NA,  2.40084E-02,  2.57524E-02,  2.75550E-02,  2.93678E-02,  3.11283E-02,NA,NA,NA,NA,NA,NA,NA,NA,  3.89207E-02,  3.99509E-02,  4.16060E-02,NA,NA,NA,NA,NA,NA,NA,NA,NA,NA,NA,NA,NA,NA,NA,NA,NA,NA,NA,NA,NA,NA,NA,NA,NA,NA,NA,NA,NA,NA,NA,NA,NA,NA,  2.40549E-02,  2.33730E-02,  2.25486E-02,  2.16232E-02,  2.06377E-02,  1.96274E-02,  1.86197E-02,  1.76348E-02,  1.66866E-02,  1.57839E-02,  1.49317E-02,  1.41320E-02,  1.33850E-02,  1.26894E-02,  1.20431E-02,  1.14434E-02,
NA,NA,NA,NA,NA,NA,NA,NA,NA,NA,NA,NA,NA,NA,NA,NA,NA,NA,NA,NA,NA,NA,NA,NA,NA,NA,NA,  2.36948E-02,  2.51540E-02,  2.66090E-02,  2.80187E-02,  2.93403E-02,  3.05344E-02,  3.15740E-02,  3.24518E-02,  3.31874E-02,  3.38298E-02,  3.44576E-02,  3.51764E-02,  3.61172E-02,  3.74378E-02,  3.93329E-02,  4.20554E-02,NA,NA,NA,NA,NA,NA,NA,NA,NA,NA,NA,NA,NA,NA,NA,NA,NA,NA,NA,NA,NA,NA,NA,NA,NA,NA,NA,NA,NA,NA,NA,  2.15155E-02,  2.13217E-02,  2.10132E-02,  2.05757E-02,  2.00192E-02,  1.93664E-02,  1.86445E-02,  1.78796E-02,  1.70948E-02,  1.63086E-02,  1.55352E-02,  1.47848E-02,  1.40645E-02,  1.33785E-02,  1.27293E-02,  1.21176E-02,  1.15434E-02,  1.10056E-02,
NA,NA,NA,NA,NA,NA,NA,NA,NA,NA,NA,NA,NA,NA,NA,NA,NA,NA,NA,NA,NA,NA,NA,NA,NA,NA,NA,NA,  2.31734E-02,  2.43767E-02,  2.55456E-02,  2.66542E-02,  2.76809E-02,  2.86143E-02,  2.94569E-02,  3.02300E-02,  3.09754E-02,  3.17561E-02,  3.26565E-02,  3.37833E-02,  3.52687E-02,  3.72805E-02,  4.00394E-02,NA,NA,NA,NA,NA,NA,NA,NA,NA,NA,NA,NA,NA,NA,NA,NA,NA,NA,NA,NA,NA,NA,NA,NA,NA,NA,NA,NA,NA,NA,  1.91592E-02,  1.90454E-02,  1.89049E-02,  1.86931E-02,  1.83904E-02,  1.79955E-02,  1.75187E-02,  1.69765E-02,  1.63872E-02,  1.57683E-02,  1.51352E-02,  1.45006E-02,  1.38744E-02,  1.32642E-02,  1.26751E-02,  1.21108E-02,  1.15733E-02,  1.10636E-02,  1.05819E-02,
NA,NA,NA,NA,NA,NA,NA,NA,NA,NA,NA,NA,NA,NA,NA,NA,NA,NA,NA,NA,NA,NA,NA,NA,NA,NA,NA,NA,  2.15144E-02,  2.25363E-02,  2.35347E-02,  2.44947E-02,  2.54053E-02,  2.62639E-02,  2.70779E-02,  2.78687E-02,  2.86723E-02,  2.95409E-02,  3.05437E-02,  3.17689E-02,  3.33275E-02,  3.53615E-02,  3.80572E-02,NA,NA,NA,NA,NA,NA,NA,NA,NA,NA,NA,NA,NA,NA,NA,NA,NA,NA,NA,NA,NA,NA,NA,NA,NA,NA,NA,NA,NA,  1.75148E-02,  1.73316E-02,  1.72021E-02,  1.70702E-02,  1.68983E-02,  1.66656E-02,  1.63654E-02,  1.60005E-02,  1.55796E-02,  1.51146E-02,  1.46180E-02,  1.41016E-02,  1.35761E-02,  1.30502E-02,  1.25308E-02,  1.20234E-02,  1.15319E-02,  1.10590E-02,  1.06065E-02,NA,
NA,NA,NA,NA,NA,NA,NA,NA,NA,NA,NA,NA,NA,NA,NA,NA,NA,NA,NA,NA,NA,NA,NA,NA,NA,NA,NA,NA,NA,  2.09910E-02,  2.18647E-02,  2.27164E-02,  2.35420E-02,  2.43432E-02,  2.51303E-02,  2.59231E-02,  2.67532E-02,  2.76642E-02,  2.87136E-02,  2.99743E-02,  3.15384E-02,  3.35233E-02,  3.60809E-02,  3.94115E-02,NA,NA,NA,NA,NA,NA,NA,NA,NA,NA,NA,NA,NA,NA,NA,NA,NA,NA,NA,NA,NA,NA,NA,NA,NA,NA,NA,  1.65105E-02,  1.61754E-02,  1.59565E-02,  1.57967E-02,  1.56511E-02,  1.54882E-02,  1.52881E-02,  1.50413E-02,  1.47461E-02,  1.44062E-02,  1.40285E-02,  1.36213E-02,  1.31934E-02,  1.27529E-02,  1.23071E-02,  1.18621E-02,  1.14229E-02,  1.09933E-02,  1.05763E-02,  1.01739E-02,NA,
NA,NA,NA,NA,NA,NA,NA,NA,NA,NA,NA,NA,NA,NA,NA,NA,NA,NA,NA,NA,NA,NA,NA,NA,NA,NA,NA,NA,NA,  1.96714E-02,  2.04504E-02,  2.12198E-02,  2.19789E-02,  2.27326E-02,  2.34914E-02,  2.42740E-02,  2.51073E-02,  2.60281E-02,  2.70839E-02,  2.83347E-02,  2.98555E-02,  3.17404E-02,  3.41085E-02,  3.71120E-02,NA,NA,NA,NA,NA,NA,NA,NA,NA,NA,NA,NA,NA,NA,NA,NA,NA,NA,NA,NA,NA,NA,NA,NA,NA,  1.68259E-02,  1.60555E-02,  1.55217E-02,  1.51544E-02,  1.48964E-02,  1.47013E-02,  1.45323E-02,  1.43626E-02,  1.41737E-02,  1.39550E-02,  1.37024E-02,  1.34160E-02,  1.30992E-02,  1.27571E-02,  1.23958E-02,  1.20212E-02,  1.16391E-02,  1.12546E-02,  1.08719E-02,  1.04946E-02,  1.01255E-02,NA,NA,
NA,NA,NA,NA,NA,NA,NA,NA,NA,NA,NA,NA,NA,NA,NA,NA,NA,NA,NA,NA,NA,NA,NA,NA,NA,NA,NA,NA,NA,NA,  1.92311E-02,  1.99346E-02,  2.06392E-02,  2.13503E-02,  2.20789E-02,  2.28411E-02,  2.36606E-02,  2.45676E-02,  2.56012E-02,  2.68099E-02,  2.82534E-02,  3.00048E-02,  3.21540E-02,  3.48111E-02,  3.81089E-02,NA,NA,NA,NA,NA,NA,NA,NA,NA,NA,NA,NA,NA,NA,NA,NA,NA,NA,NA,NA,NA,NA,  1.85591E-02,  1.71184E-02,  1.60665E-02,  1.53029E-02,  1.47513E-02,  1.43521E-02,  1.40571E-02,  1.38276E-02,  1.36327E-02,  1.34490E-02,  1.32597E-02,  1.30542E-02,  1.28267E-02,  1.25752E-02,  1.23007E-02,  1.20058E-02,  1.16945E-02,  1.13709E-02,  1.10392E-02,  1.07036E-02,  1.03676E-02,  1.00342E-02,  9.70601E-03,NA,NA,
NA,NA,NA,NA,NA,NA,NA,NA,NA,NA,NA,NA,NA,NA,NA,NA,NA,NA,NA,NA,NA,NA,NA,NA,NA,NA,NA,NA,NA,NA,  1.81631E-02,  1.88119E-02,  1.94689E-02,  2.01403E-02,  2.08359E-02,  2.15704E-02,  2.23631E-02,  2.32395E-02,  2.42308E-02,  2.53757E-02,  2.67201E-02,  2.83195E-02,  3.02388E-02,  3.25539E-02,  3.53501E-02,  3.87185E-02,NA,NA,NA,NA,NA,NA,NA,NA,NA,NA,NA,NA,NA,NA,NA,NA,NA,NA,NA,  2.19550E-02,  1.95903E-02,  1.78030E-02,  1.64572E-02,  1.54471E-02,  1.46909E-02,  1.41252E-02,  1.36996E-02,  1.33734E-02,  1.31137E-02,  1.28943E-02,  1.26946E-02,  1.24995E-02,  1.22985E-02,  1.20852E-02,  1.18563E-02,  1.16110E-02,  1.13504E-02,  1.10766E-02,  1.07923E-02,  1.05006E-02,  1.02045E-02,  9.90685E-03,  9.61019E-03,NA,NA,NA,
NA,NA,NA,NA,NA,NA,NA,NA,NA,NA,NA,NA,NA,NA,NA,NA,NA,NA,NA,NA,NA,NA,NA,NA,NA,NA,NA,NA,NA,NA,NA,  1.78157E-02,  1.84299E-02,  1.90628E-02,  1.97235E-02,  2.04242E-02,  2.11814E-02,  2.20153E-02,  2.29510E-02,  2.40183E-02,  2.52520E-02,  2.66924E-02,  2.83846E-02,  3.03782E-02,  3.27244E-02,  3.54709E-02,  3.86527E-02,NA,NA,NA,NA,NA,NA,NA,NA,NA,NA,NA,NA,NA,NA,NA,NA,NA,  2.34286E-02,  2.07969E-02,  1.87285E-02,  1.71173E-02,  1.58695E-02,  1.49065E-02,  1.41649E-02,  1.35930E-02,  1.31493E-02,  1.27994E-02,  1.25156E-02,  1.22753E-02,  1.20605E-02,  1.18575E-02,  1.16565E-02,  1.14508E-02,  1.12364E-02,  1.10115E-02,  1.07758E-02,  1.05303E-02,  1.02764E-02,  1.00163E-02,  9.75214E-03,  9.48606E-03,NA,NA,NA,NA,
NA,NA,NA,NA,NA,NA,NA,NA,NA,NA,NA,NA,NA,NA,NA,NA,NA,NA,NA,NA,NA,NA,NA,NA,NA,NA,NA,NA,NA,NA,NA,NA,  1.74947E-02,  1.80900E-02,  1.87139E-02,  1.93770E-02,  2.00923E-02,  2.08763E-02,  2.17484E-02,  2.27309E-02,  2.38496E-02,  2.51326E-02,  2.66101E-02,  2.83122E-02,  3.02668E-02,  3.24944E-02,  3.50009E-02,  3.77675E-02,  4.07379E-02,NA,NA,NA,NA,NA,NA,NA,NA,NA,NA,NA,NA,NA,NA,  2.46090E-02,  2.19177E-02,  1.97011E-02,  1.79042E-02,  1.64635E-02,  1.53168E-02,  1.44083E-02,  1.36899E-02,  1.31213E-02,  1.26684E-02,  1.23031E-02,  1.20018E-02,  1.17452E-02,  1.15177E-02,  1.13071E-02,  1.11041E-02,  1.09024E-02,  1.06974E-02,  1.04868E-02,  1.02694E-02,  1.00452E-02,  9.81506E-03,  9.58007E-03,  9.34175E-03,  9.10163E-03,NA,NA,NA,NA,
NA,NA,NA,NA,NA,NA,NA,NA,NA,NA,NA,NA,NA,NA,NA,NA,NA,NA,NA,NA,NA,NA,NA,NA,NA,NA,NA,NA,NA,NA,NA,NA,NA,  1.72016E-02,  1.77878E-02,  1.84105E-02,  1.90804E-02,  1.98102E-02,  2.06146E-02,  2.15101E-02,  2.25150E-02,  2.36483E-02,  2.49287E-02,  2.63733E-02,  2.79947E-02,  2.97971E-02,  3.17717E-02,  3.38898E-02,  3.60961E-02,  3.83033E-02,  4.03901E-02,NA,NA,NA,NA,NA,NA,NA,NA,NA,NA,  2.80976E-02,  2.52593E-02,  2.27232E-02,  2.05239E-02,  1.86593E-02,  1.71050E-02,  1.58251E-02,  1.47802E-02,  1.39318E-02,  1.32448E-02,  1.26881E-02,  1.22348E-02,  1.18618E-02,  1.15495E-02,  1.12816E-02,  1.10446E-02,  1.08277E-02,  1.06225E-02,  1.04228E-02,  1.02242E-02,  1.00239E-02,  9.82015E-03,  9.61247E-03,  9.40090E-03,  9.18601E-03,  8.96870E-03,NA,NA,NA,NA,NA,
NA,NA,NA,NA,NA,NA,NA,NA,NA,NA,NA,NA,NA,NA,NA,NA,NA,NA,NA,NA,NA,NA,NA,NA,NA,NA,NA,NA,NA,NA,NA,NA,NA,  1.63831E-02,  1.69311E-02,  1.75123E-02,  1.81349E-02,  1.88087E-02,  1.95446E-02,  2.03543E-02,  2.12504E-02,  2.22450E-02,  2.33489E-02,  2.45702E-02,  2.59122E-02,  2.73704E-02,  2.89292E-02,  3.05584E-02,  3.22094E-02,  3.38134E-02,  3.52821E-02,  3.65128E-02,  3.73980E-02,  3.78389E-02,  3.77616E-02,  3.71303E-02,  3.59574E-02,  3.43058E-02,  3.22807E-02,  3.00143E-02,  2.76457E-02,  2.53008E-02,  2.30790E-02,  2.10471E-02,  1.92410E-02,  1.76709E-02,  1.63293E-02,  1.51977E-02,  1.42522E-02,  1.34672E-02,  1.28175E-02,  1.22800E-02,  1.18336E-02,  1.14598E-02,  1.11426E-02,  1.08681E-02,  1.06250E-02,  1.04038E-02,  1.01970E-02,  9.99874E-03,  9.80480E-03,  9.61219E-03,  9.41902E-03,  9.22423E-03,  9.02746E-03,  8.82881E-03,NA,NA,NA,NA,NA,NA,
NA,NA,NA,NA,NA,NA,NA,NA,NA,NA,NA,NA,NA,NA,NA,NA,NA,NA,NA,NA,NA,NA,NA,NA,NA,NA,NA,NA,NA,NA,NA,NA,NA,NA,  1.61338E-02,  1.66732E-02,  1.72483E-02,  1.78663E-02,  1.85350E-02,  1.92626E-02,  2.00572E-02,  2.09259E-02,  2.18743E-02,  2.29046E-02,  2.40147E-02,  2.51959E-02,  2.64307E-02,  2.76911E-02,  2.89367E-02,  3.01143E-02,  3.11599E-02,  3.20029E-02,  3.25722E-02,  3.28053E-02,  3.26578E-02,  3.21110E-02,  3.11775E-02,  2.99011E-02,  2.83522E-02,  2.66186E-02,  2.47931E-02,  2.29627E-02,  2.11992E-02,  1.95551E-02,  1.80627E-02,  1.67371E-02,  1.55796E-02,  1.45822E-02,  1.37313E-02,  1.30103E-02,  1.24018E-02,  1.18888E-02,  1.14552E-02,  1.10864E-02,  1.07694E-02,  1.04928E-02,  1.02469E-02,  1.00236E-02,  9.81624E-03,  9.61953E-03,  9.42946E-03,  9.24307E-03,  9.05831E-03,  8.87390E-03,  8.68914E-03,NA,NA,NA,NA,NA,NA,NA,
NA,NA,NA,NA,NA,NA,NA,NA,NA,NA,NA,NA,NA,NA,NA,NA,NA,NA,NA,NA,NA,NA,NA,NA,NA,NA,NA,NA,NA,NA,NA,NA,NA,NA,NA,  1.58867E-02,  1.64151E-02,  1.69789E-02,  1.75834E-02,  1.82341E-02,  1.89357E-02,  1.96921E-02,  2.05050E-02,  2.13735E-02,  2.22924E-02,  2.32515E-02,  2.42338E-02,  2.52150E-02,  2.61623E-02,  2.70353E-02,  2.77877E-02,  2.83702E-02,  2.87353E-02,  2.88427E-02,  2.86656E-02,  2.81942E-02,  2.74399E-02,  2.64336E-02,  2.52238E-02,  2.38703E-02,  2.24371E-02,  2.09851E-02,  1.95669E-02,  1.82234E-02,  1.69821E-02,  1.58590E-02,  1.48594E-02,  1.39818E-02,  1.32189E-02,  1.25606E-02,  1.19951E-02,  1.15101E-02,  1.10937E-02,  1.07345E-02,  1.04220E-02,  1.01469E-02,  9.90127E-03,  9.67804E-03,  9.47145E-03,  9.27681E-03,  9.09039E-03,  8.90937E-03,  8.73166E-03,  8.55586E-03,NA,NA,NA,NA,NA,NA,NA,NA,
NA,NA,NA,NA,NA,NA,NA,NA,NA,NA,NA,NA,NA,NA,NA,NA,NA,NA,NA,NA,NA,NA,NA,NA,NA,NA,NA,NA,NA,NA,NA,NA,NA,NA,NA,NA,  1.56314E-02,  1.61435E-02,  1.66877E-02,  1.72675E-02,  1.78852E-02,  1.85424E-02,  1.92385E-02,  1.99706E-02,  2.07325E-02,  2.15136E-02,  2.22988E-02,  2.30675E-02,  2.37937E-02,  2.44469E-02,  2.49932E-02,  2.53982E-02,  2.56294E-02,  2.56609E-02,  2.54758E-02,  2.50696E-02,  2.44515E-02,  2.36443E-02,  2.26821E-02,  2.16064E-02,  2.04624E-02,  1.92938E-02,  1.81396E-02,  1.70313E-02,  1.59920E-02,  1.50363E-02,  1.41717E-02,  1.33998E-02,  1.27175E-02,  1.21190E-02,  1.15967E-02,  1.11418E-02,  1.07455E-02,  1.03992E-02,  1.00946E-02,  9.82422E-03,  9.58137E-03,  9.36023E-03,  9.15582E-03,  8.96396E-03,  8.78133E-03,  8.60528E-03,  8.43379E-03,NA,NA,NA,NA,NA,NA,NA,NA,NA,
NA,NA,NA,NA,NA,NA,NA,NA,NA,NA,NA,NA,NA,NA,NA,NA,NA,NA,NA,NA,NA,NA,NA,NA,NA,NA,NA,NA,NA,NA,NA,NA,NA,NA,NA,NA,NA,  1.53575E-02,  1.58460E-02,  1.63611E-02,  1.69039E-02,  1.74742E-02,  1.80702E-02,  1.86880E-02,  1.93210E-02,  1.99595E-02,  2.05902E-02,  2.11963E-02,  2.17572E-02,  2.22499E-02,  2.26496E-02,  2.29319E-02,  2.30746E-02,  2.30603E-02,  2.28787E-02,  2.25278E-02,  2.20154E-02,  2.13581E-02,  2.05804E-02,  1.97122E-02,  1.87857E-02,  1.78330E-02,  1.68833E-02,  1.59609E-02,  1.50848E-02,  1.42680E-02,  1.35184E-02,  1.28391E-02,  1.22298E-02,  1.16874E-02,  1.12071E-02,  1.07830E-02,  1.04087E-02,  1.00777E-02,  9.78351E-03,  9.52020E-03,  9.28234E-03,  9.06503E-03,  8.86406E-03,  8.67579E-03,  8.49728E-03,  8.32608E-03,NA,NA,NA,NA,NA,NA,NA,NA,NA,NA,
NA,NA,NA,NA,NA,NA,NA,NA,NA,NA,NA,NA,NA,NA,NA,NA,NA,NA,NA,NA,NA,NA,NA,NA,NA,NA,NA,NA,NA,NA,NA,NA,NA,NA,NA,NA,NA,NA,NA,  1.55129E-02,  1.59893E-02,  1.64840E-02,  1.69946E-02,  1.75168E-02,  1.80442E-02,  1.85681E-02,  1.90773E-02,  1.95580E-02,  1.99943E-02,  2.03686E-02,  2.06628E-02,  2.08594E-02,  2.09429E-02,  2.09016E-02,  2.07292E-02,  2.04251E-02,  1.99957E-02,  1.94534E-02,  1.88162E-02,  1.81057E-02,  1.73458E-02,  1.65601E-02,  1.57707E-02,  1.49966E-02,  1.42533E-02,  1.35521E-02,  1.29003E-02,  1.23019E-02,  1.17580E-02,  1.12674E-02,  1.08273E-02,  1.04338E-02,  1.00823E-02,  9.76807E-03,  9.48611E-03,  9.23174E-03,  9.00055E-03,  8.78854E-03,  8.59212E-03,  8.40822E-03,  8.23421E-03,NA,NA,NA,NA,NA,NA,NA,NA,NA,NA,NA,
NA,NA,NA,NA,NA,NA,NA,NA,NA,NA,NA,NA,NA,NA,NA,NA,NA,NA,NA,NA,NA,NA,NA,NA,NA,NA,NA,NA,NA,NA,NA,NA,NA,NA,NA,NA,NA,NA,NA,NA,  1.51383E-02,  1.55676E-02,  1.60055E-02,  1.64477E-02,  1.68884E-02,  1.73201E-02,  1.77332E-02,  1.81168E-02,  1.84584E-02,  1.87446E-02,  1.89621E-02,  1.90980E-02,  1.91417E-02,  1.90853E-02,  1.89246E-02,  1.86601E-02,  1.82967E-02,  1.78441E-02,  1.73156E-02,  1.67273E-02,  1.60968E-02,  1.54420E-02,  1.47799E-02,  1.41253E-02,  1.34908E-02,  1.28859E-02,  1.23174E-02,  1.17894E-02,  1.13038E-02,  1.08605E-02,  1.04582E-02,  1.00944E-02,  9.76596E-03,  9.46928E-03,  9.20073E-03,  8.95660E-03,  8.73339E-03,  8.52781E-03,  8.33690E-03,  8.15805E-03,NA,NA,NA,NA,NA,NA,NA,NA,NA,NA,NA,NA,
NA,NA,NA,NA,NA,NA,NA,NA,NA,NA,NA,NA,NA,NA,NA,NA,NA,NA,NA,NA,NA,NA,NA,NA,NA,NA,NA,NA,NA,NA,NA,NA,NA,NA,NA,NA,NA,NA,NA,NA,NA,NA,  1.50963E-02,  1.54718E-02,  1.58413E-02,  1.61984E-02,  1.65353E-02,  1.68431E-02,  1.71122E-02,  1.73322E-02,  1.74933E-02,  1.75861E-02,  1.76031E-02,  1.75388E-02,  1.73907E-02,  1.71596E-02,  1.68495E-02,  1.64679E-02,  1.60248E-02,  1.55324E-02,  1.50040E-02,  1.44532E-02,  1.38932E-02,  1.33357E-02,  1.27908E-02,  1.22666E-02,  1.17690E-02,  1.13022E-02,  1.08683E-02,  1.04680E-02,  1.01009E-02,  9.76543E-03,  9.45956E-03,  9.18074E-03,  8.92624E-03,  8.69322E-03,  8.47891E-03,  8.28065E-03,NA,NA,NA,NA,NA,NA,NA,NA,NA,NA,NA,NA,NA,NA,
NA,NA,NA,NA,NA,NA,NA,NA,NA,NA,NA,NA,NA,NA,NA,NA,NA,NA,NA,NA,NA,NA,NA,NA,NA,NA,NA,NA,NA,NA,NA,NA,NA,NA,NA,NA,NA,NA,NA,NA,NA,NA,NA,  1.45804E-02,  1.48912E-02,  1.51879E-02,  1.54640E-02,  1.57124E-02,  1.59254E-02,  1.60954E-02,  1.62147E-02,  1.62766E-02,  1.62757E-02,  1.62082E-02,  1.60726E-02,  1.58699E-02,  1.56032E-02,  1.52786E-02,  1.49035E-02,  1.44874E-02,  1.40405E-02,  1.35733E-02,  1.30959E-02,  1.26179E-02,  1.21473E-02,  1.16910E-02,  1.12541E-02,  1.08404E-02,  1.04523E-02,  1.00908E-02,  9.75603E-03,  9.44729E-03,  9.16323E-03,  8.90213E-03,  8.66194E-03,  8.44053E-03,NA,NA,NA,NA,NA,NA,NA,NA,NA,NA,NA,NA,NA,NA,NA,NA,
NA,NA,NA,NA,NA,NA,NA,NA,NA,NA,NA,NA,NA,NA,NA,NA,NA,NA,NA,NA,NA,NA,NA,NA,NA,NA,NA,NA,NA,NA,NA,NA,NA,NA,NA,NA,NA,NA,NA,NA,NA,NA,NA,NA,NA,  1.42755E-02,  1.45028E-02,  1.47042E-02,  1.48738E-02,  1.50055E-02,  1.50937E-02,  1.51333E-02,  1.51206E-02,  1.50528E-02,  1.49291E-02,  1.47505E-02,  1.45197E-02,  1.42411E-02,  1.39210E-02,  1.35664E-02,  1.31853E-02,  1.27858E-02,  1.23761E-02,  1.19636E-02,  1.15550E-02,  1.11560E-02,  1.07711E-02,  1.04036E-02,  1.00559E-02,  9.72926E-03,  9.42416E-03,  9.14038E-03,  8.87714E-03,  8.63327E-03,NA,NA,NA,NA,NA,NA,NA,NA,NA,NA,NA,NA,NA,NA,NA,NA,NA,NA,
