NA,NA,NA,NA,NA,NA,NA,NA,NA,NA,NA,NA,NA,NA,NA,NA,NA,NA,NA,NA,NA,NA,NA,NA,NA,NA,NA,NA,NA,  1.76420E-02,  1.77062E-02,  1.77471E-02,  1.77642E-02,  1.77573E-02,  1.77264E-02,  1.76718E-02,NA,NA,NA,NA,NA,NA,NA,NA,NA,NA,NA,NA,NA,NA,NA,NA,NA,NA,NA,NA,NA,NA,NA,NA,NA,NA,NA,NA,NA,
NA,NA,NA,NA,NA,NA,NA,NA,NA,NA,NA,NA,NA,NA,NA,NA,NA,NA,NA,NA,NA,NA,NA,NA,  1.74775E-02,  1.76587E-02,  1.78208E-02,  1.79622E-02,  1.80814E-02,  1.81769E-02,  1.82477E-02,  1.82930E-02,  1.83121E-02,  1.83048E-02,  1.82711E-02,  1.82114E-02,  1.81263E-02,  1.80168E-02,  1.78840E-02,  1.77295E-02,  1.75548E-02,NA,NA,NA,NA,NA,NA,NA,NA,NA,NA,NA,NA,NA,NA,NA,NA,NA,NA,NA,NA,NA,NA,NA,NA,
NA,NA,NA,NA,NA,NA,NA,NA,NA,NA,NA,NA,NA,NA,NA,NA,NA,NA,NA,NA,NA,  1.72736E-02,  1.75210E-02,  1.77543E-02,  1.79712E-02,  1.81698E-02,  1.83478E-02,  1.85033E-02,  1.86346E-02,  1.87401E-02,  1.88184E-02,  1.88686E-02,  1.88900E-02,  1.88822E-02,  1.88454E-02,  1.87799E-02,  1.86865E-02,  1.85663E-02,  1.84206E-02,  1.82512E-02,  1.80599E-02,  1.78487E-02,  1.76198E-02,  1.73754E-02,NA,NA,NA,NA,NA,NA,NA,NA,NA,NA,NA,NA,NA,NA,NA,NA,NA,NA,NA,NA,NA,
NA,NA,NA,NA,NA,NA,NA,NA,NA,NA,NA,NA,NA,NA,NA,NA,NA,NA,NA,  1.71499E-02,  1.74420E-02,  1.77240E-02,  1.79937E-02,  1.82486E-02,  1.84863E-02,  1.87043E-02,  1.89001E-02,  1.90716E-02,  1.92166E-02,  1.93333E-02,  1.94202E-02,  1.94760E-02,  1.95001E-02,  1.94919E-02,  1.94516E-02,  1.93795E-02,  1.92767E-02,  1.91444E-02,  1.89843E-02,  1.87981E-02,  1.85882E-02,  1.83569E-02,  1.81067E-02,  1.78400E-02,  1.75594E-02,  1.72675E-02,NA,NA,NA,NA,NA,NA,NA,NA,NA,NA,NA,NA,NA,NA,NA,NA,NA,NA,NA,
NA,NA,NA,NA,NA,NA,NA,NA,NA,NA,NA,NA,NA,NA,NA,NA,NA,  1.69110E-02,  1.72406E-02,  1.75650E-02,  1.78820E-02,  1.81890E-02,  1.84834E-02,  1.87625E-02,  1.90233E-02,  1.92630E-02,  1.94790E-02,  1.96685E-02,  1.98291E-02,  1.99586E-02,  2.00552E-02,  2.01176E-02,  2.01447E-02,  2.01361E-02,  2.00918E-02,  2.00124E-02,  1.98990E-02,  1.97530E-02,  1.95764E-02,  1.93715E-02,  1.91407E-02,  1.88868E-02,  1.86127E-02,  1.83214E-02,  1.80155E-02,  1.76981E-02,  1.73718E-02,  1.70391E-02,NA,NA,NA,NA,NA,NA,NA,NA,NA,NA,NA,NA,NA,NA,NA,NA,NA,
NA,NA,NA,NA,NA,NA,NA,NA,NA,NA,NA,NA,NA,NA,NA,  1.65663E-02,  1.69242E-02,  1.72821E-02,  1.76379E-02,  1.79892E-02,  1.83336E-02,  1.86682E-02,  1.89900E-02,  1.92959E-02,  1.95827E-02,  1.98470E-02,  2.00856E-02,  2.02956E-02,  2.04739E-02,  2.06180E-02,  2.07259E-02,  2.07957E-02,  2.08263E-02,  2.08173E-02,  2.07686E-02,  2.06809E-02,  2.05554E-02,  2.03939E-02,  2.01987E-02,  1.99725E-02,  1.97182E-02,  1.94390E-02,  1.91383E-02,  1.88193E-02,  1.84855E-02,  1.81400E-02,  1.77859E-02,  1.74260E-02,  1.70628E-02,  1.66987E-02,NA,NA,NA,NA,NA,NA,NA,NA,NA,NA,NA,NA,NA,NA,NA,
NA,NA,NA,NA,NA,NA,NA,NA,NA,NA,NA,NA,NA,NA,  1.65065E-02,  1.68872E-02,  1.72711E-02,  1.76563E-02,  1.80405E-02,  1.84213E-02,  1.87957E-02,  1.91608E-02,  1.95130E-02,  1.98489E-02,  2.01648E-02,  2.04568E-02,  2.07212E-02,  2.09543E-02,  2.11529E-02,  2.13138E-02,  2.14345E-02,  2.15129E-02,  2.15477E-02,  2.15383E-02,  2.14845E-02,  2.13873E-02,  2.12481E-02,  2.10691E-02,  2.08528E-02,  2.06024E-02,  2.03215E-02,  2.00138E-02,  1.96832E-02,  1.93335E-02,  1.89686E-02,  1.85922E-02,  1.82075E-02,  1.78179E-02,  1.74261E-02,  1.70346E-02,  1.66456E-02,NA,NA,NA,NA,NA,NA,NA,NA,NA,NA,NA,NA,NA,NA,
NA,NA,NA,NA,NA,NA,NA,NA,NA,NA,NA,NA,  1.60062E-02,  1.63985E-02,  1.67987E-02,  1.72055E-02,  1.76171E-02,  1.80316E-02,  1.84466E-02,  1.88594E-02,  1.92669E-02,  1.96656E-02,  2.00517E-02,  2.04212E-02,  2.07697E-02,  2.10930E-02,  2.13866E-02,  2.16462E-02,  2.18679E-02,  2.20481E-02,  2.21836E-02,  2.22720E-02,  2.23117E-02,  2.23019E-02,  2.22425E-02,  2.21345E-02,  2.19796E-02,  2.17804E-02,  2.15401E-02,  2.12623E-02,  2.09513E-02,  2.06115E-02,  2.02473E-02,  1.98634E-02,  1.94639E-02,  1.90532E-02,  1.86351E-02,  1.82130E-02,  1.77902E-02,  1.73692E-02,  1.69525E-02,  1.65419E-02,  1.61391E-02,NA,NA,NA,NA,NA,NA,NA,NA,NA,NA,NA,NA,
NA,NA,NA,NA,NA,NA,NA,NA,NA,NA,NA,  1.58381E-02,  1.62429E-02,  1.66587E-02,  1.70843E-02,  1.75186E-02,  1.79597E-02,  1.84057E-02,  1.88540E-02,  1.93017E-02,  1.97453E-02,  2.01811E-02,  2.06048E-02,  2.10118E-02,  2.13972E-02,  2.17558E-02,  2.20826E-02,  2.23725E-02,  2.26208E-02,  2.28232E-02,  2.29758E-02,  2.30759E-02,  2.31213E-02,  2.31111E-02,  2.30453E-02,  2.29249E-02,  2.27521E-02,  2.25299E-02,  2.22621E-02,  2.19531E-02,  2.16080E-02,  2.12319E-02,  2.08300E-02,  2.04077E-02,  1.99699E-02,  1.95214E-02,  1.90666E-02,  1.86092E-02,  1.81528E-02,  1.77002E-02,  1.72540E-02,  1.68160E-02,  1.63880E-02,  1.59711E-02,NA,NA,NA,NA,NA,NA,NA,NA,NA,NA,NA,
NA,NA,NA,NA,NA,NA,NA,NA,NA,NA,  1.56282E-02,  1.60413E-02,  1.64682E-02,  1.69081E-02,  1.73603E-02,  1.78234E-02,  1.82959E-02,  1.87754E-02,  1.92596E-02,  1.97451E-02,  2.02284E-02,  2.07052E-02,  2.11706E-02,  2.16196E-02,  2.20464E-02,  2.24451E-02,  2.28097E-02,  2.31344E-02,  2.34133E-02,  2.36413E-02,  2.38139E-02,  2.39276E-02,  2.39798E-02,  2.39693E-02,  2.38961E-02,  2.37615E-02,  2.35681E-02,  2.33194E-02,  2.30201E-02,  2.26756E-02,  2.22916E-02,  2.18743E-02,  2.14300E-02,  2.09648E-02,  2.04844E-02,  1.99942E-02,  1.94992E-02,  1.90035E-02,  1.85110E-02,  1.80246E-02,  1.75471E-02,  1.70804E-02,  1.66261E-02,  1.61853E-02,  1.57588E-02,NA,NA,NA,NA,NA,NA,NA,NA,NA,NA,
NA,NA,NA,NA,NA,NA,NA,NA,NA,  1.53798E-02,  1.57967E-02,  1.62298E-02,  1.66789E-02,  1.71437E-02,  1.76232E-02,  1.81165E-02,  1.86219E-02,  1.91372E-02,  1.96598E-02,  2.01864E-02,  2.07129E-02,  2.12347E-02,  2.17466E-02,  2.22425E-02,  2.27159E-02,  2.31602E-02,  2.35680E-02,  2.39325E-02,  2.42467E-02,  2.45045E-02,  2.47004E-02,  2.48300E-02,  2.48903E-02,  2.48796E-02,  2.47981E-02,  2.46471E-02,  2.44299E-02,  2.41507E-02,  2.38152E-02,  2.34299E-02,  2.30016E-02,  2.25378E-02,  2.20457E-02,  2.15324E-02,  2.10047E-02,  2.04686E-02,  1.99296E-02,  1.93924E-02,  1.88611E-02,  1.83389E-02,  1.78284E-02,  1.73317E-02,  1.68502E-02,  1.63850E-02,  1.59367E-02,  1.55055E-02,NA,NA,NA,NA,NA,NA,NA,NA,NA,
NA,NA,NA,NA,NA,NA,NA,NA,  1.50969E-02,  1.55130E-02,  1.59474E-02,  1.64002E-02,  1.68717E-02,  1.73615E-02,  1.78691E-02,  1.83936E-02,  1.89334E-02,  1.94865E-02,  2.00502E-02,  2.06209E-02,  2.11946E-02,  2.17660E-02,  2.23292E-02,  2.28776E-02,  2.34037E-02,  2.38995E-02,  2.43568E-02,  2.47671E-02,  2.51223E-02,  2.54148E-02,  2.56379E-02,  2.57863E-02,  2.58562E-02,  2.58455E-02,  2.57543E-02,  2.55844E-02,  2.53396E-02,  2.50252E-02,  2.46480E-02,  2.42158E-02,  2.37370E-02,  2.32202E-02,  2.26742E-02,  2.21073E-02,  2.15270E-02,  2.09404E-02,  2.03535E-02,  1.97716E-02,  1.91988E-02,  1.86386E-02,  1.80937E-02,  1.75660E-02,  1.70568E-02,  1.65669E-02,  1.60967E-02,  1.56463E-02,  1.52154E-02,NA,NA,NA,NA,NA,NA,NA,NA,
NA,NA,NA,NA,NA,NA,NA,  1.47843E-02,  1.51952E-02,  1.56258E-02,  1.60769E-02,  1.65491E-02,  1.70425E-02,  1.75574E-02,  1.80934E-02,  1.86498E-02,  1.92253E-02,  1.98180E-02,  2.04252E-02,  2.10434E-02,  2.16681E-02,  2.22938E-02,  2.29139E-02,  2.35209E-02,  2.41063E-02,  2.46608E-02,  2.51747E-02,  2.56379E-02,  2.60407E-02,  2.63736E-02,  2.66287E-02,  2.67993E-02,  2.68806E-02,  2.68702E-02,  2.67679E-02,  2.65760E-02,  2.62992E-02,  2.59439E-02,  2.55185E-02,  2.50323E-02,  2.44956E-02,  2.39188E-02,  2.33120E-02,  2.26850E-02,  2.20465E-02,  2.14045E-02,  2.07657E-02,  2.01356E-02,  1.95189E-02,  1.89189E-02,  1.83383E-02,  1.77789E-02,  1.72416E-02,  1.67271E-02,  1.62355E-02,  1.57664E-02,  1.53193E-02,  1.48936E-02,NA,NA,NA,NA,NA,NA,NA,
NA,NA,NA,NA,NA,NA,NA,  1.48488E-02,  1.52710E-02,  1.57151E-02,  1.61819E-02,  1.66724E-02,  1.71871E-02,  1.77266E-02,  1.82909E-02,  1.88795E-02,  1.94916E-02,  2.01254E-02,  2.07785E-02,  2.14472E-02,  2.21269E-02,  2.28117E-02,  2.34946E-02,  2.41669E-02,  2.48191E-02,  2.54403E-02,  2.60191E-02,  2.65434E-02,  2.70014E-02,  2.73818E-02,  2.76746E-02,NA,NA,NA,  2.78417E-02,  2.76242E-02,  2.73099E-02,  2.69070E-02,  2.64257E-02,  2.58773E-02,  2.52743E-02,  2.46291E-02,  2.39538E-02,  2.32597E-02,  2.25570E-02,  2.18544E-02,  2.11595E-02,  2.04781E-02,  1.98151E-02,  1.91738E-02,  1.85566E-02,  1.79651E-02,  1.74000E-02,  1.68614E-02,  1.63491E-02,  1.58623E-02,  1.54002E-02,  1.49618E-02,NA,NA,NA,NA,NA,NA,NA,
NA,NA,NA,NA,NA,NA,  1.44799E-02,  1.48895E-02,  1.53216E-02,  1.57775E-02,  1.62585E-02,  1.67658E-02,  1.73006E-02,  1.78636E-02,  1.84555E-02,  1.90762E-02,  1.97252E-02,  2.04013E-02,  2.11020E-02,  2.18240E-02,  2.25627E-02,  2.33118E-02,  2.40635E-02,  2.48085E-02,  2.55356E-02,  2.62326E-02,  2.68857E-02,  2.74807E-02,NA,NA,NA,NA,NA,NA,NA,NA,NA,  2.79138E-02,  2.73674E-02,  2.67472E-02,  2.60681E-02,  2.53452E-02,  2.45928E-02,  2.38240E-02,  2.30505E-02,  2.22821E-02,  2.15269E-02,  2.07913E-02,  2.00800E-02,  1.93963E-02,  1.87423E-02,  1.81190E-02,  1.75268E-02,  1.69652E-02,  1.64335E-02,  1.59305E-02,  1.54550E-02,  1.50054E-02,  1.45803E-02,NA,NA,NA,NA,NA,NA,
NA,NA,NA,NA,NA,  1.40947E-02,  1.44881E-02,  1.49039E-02,  1.53438E-02,  1.58095E-02,  1.63026E-02,  1.68248E-02,  1.73777E-02,  1.79627E-02,  1.85808E-02,  1.92326E-02,  1.99182E-02,  2.06367E-02,  2.13865E-02,  2.21642E-02,  2.29654E-02,  2.37836E-02,  2.46106E-02,  2.54359E-02,  2.62472E-02,  2.70300E-02,NA,NA,NA,NA,NA,NA,NA,NA,NA,NA,NA,NA,NA,  2.76364E-02,  2.68700E-02,  2.60588E-02,  2.52197E-02,  2.43680E-02,  2.35169E-02,  2.26774E-02,  2.18583E-02,  2.10660E-02,  2.03051E-02,  1.95786E-02,  1.88881E-02,  1.82341E-02,  1.76161E-02,  1.70333E-02,  1.64842E-02,  1.59671E-02,  1.54803E-02,  1.50216E-02,  1.45894E-02,  1.41816E-02,NA,NA,NA,NA,NA,
NA,NA,NA,NA,NA,  1.40735E-02,  1.44696E-02,  1.48893E-02,  1.53345E-02,  1.58074E-02,  1.63100E-02,  1.68444E-02,  1.74129E-02,  1.80172E-02,  1.86593E-02,  1.93404E-02,  2.00613E-02,  2.08219E-02,  2.16210E-02,  2.24561E-02,  2.33228E-02,  2.42147E-02,  2.51232E-02,  2.60370E-02,  2.69421E-02,NA,NA,NA,NA,NA,NA,NA,NA,NA,NA,NA,NA,NA,NA,NA,  2.76700E-02,  2.67586E-02,  2.58224E-02,  2.48791E-02,  2.39438E-02,  2.30283E-02,  2.21419E-02,  2.12911E-02,  2.04802E-02,  1.97116E-02,  1.89860E-02,  1.83031E-02,  1.76619E-02,  1.70604E-02,  1.64966E-02,  1.59681E-02,  1.54726E-02,  1.50075E-02,  1.45706E-02,  1.41596E-02,NA,NA,NA,NA,NA,
NA,NA,NA,NA,  1.36524E-02,  1.40261E-02,  1.44223E-02,  1.48431E-02,  1.52907E-02,  1.57676E-02,  1.62764E-02,  1.68196E-02,  1.74001E-02,  1.80204E-02,  1.86832E-02,  1.93906E-02,  2.01443E-02,  2.09452E-02,  2.17930E-02,  2.26858E-02,  2.36201E-02,  2.45897E-02,  2.55857E-02,  2.65960E-02,NA,NA,NA,NA,NA,NA,NA,NA,NA,NA,NA,NA,NA,NA,NA,NA,NA,  2.74298E-02,  2.63854E-02,  2.53418E-02,  2.43156E-02,  2.33199E-02,  2.23640E-02,  2.14542E-02,  2.05941E-02,  1.97851E-02,  1.90270E-02,  1.83185E-02,  1.76573E-02,  1.70407E-02,  1.64658E-02,  1.59294E-02,  1.54286E-02,  1.49602E-02,  1.45216E-02,  1.41101E-02,  1.37233E-02,NA,NA,NA,NA,
NA,NA,NA,NA,  1.35802E-02,  1.39506E-02,  1.43440E-02,  1.47627E-02,  1.52093E-02,  1.56866E-02,  1.61975E-02,  1.67453E-02,  1.73333E-02,  1.79651E-02,  1.86440E-02,  1.93734E-02,  2.01560E-02,  2.09938E-02,  2.18879E-02,  2.28376E-02,  2.38401E-02,  2.48900E-02,  2.59786E-02,  2.70931E-02,NA,NA,NA,NA,NA,NA,NA,NA,NA,NA,NA,NA,NA,NA,NA,NA,NA,  2.80526E-02,  2.68887E-02,  2.57361E-02,  2.46134E-02,  2.35344E-02,  2.25082E-02,  2.15405E-02,  2.06336E-02,  1.97878E-02,  1.90014E-02,  1.82718E-02,  1.75954E-02,  1.69684E-02,  1.63870E-02,  1.58470E-02,  1.53449E-02,  1.48770E-02,  1.44401E-02,  1.40312E-02,  1.36477E-02,NA,NA,NA,NA,
NA,NA,NA,  1.31381E-02,  1.34814E-02,  1.38456E-02,  1.42329E-02,  1.46460E-02,  1.50876E-02,  1.55608E-02,  1.60690E-02,  1.66162E-02,  1.72063E-02,  1.78438E-02,  1.85329E-02,  1.92783E-02,  2.00840E-02,  2.09536E-02,  2.18896E-02,  2.28930E-02,  2.39624E-02,  2.50936E-02,  2.62782E-02,NA,NA,NA,NA,NA,NA,NA,NA,NA,NA,NA,NA,NA,NA,NA,NA,NA,NA,NA,  2.73069E-02,  2.60378E-02,  2.48145E-02,  2.36510E-02,  2.25560E-02,  2.15336E-02,  2.05847E-02,  1.97076E-02,  1.88990E-02,  1.81545E-02,  1.74690E-02,  1.68377E-02,  1.62552E-02,  1.57170E-02,  1.52183E-02,  1.47553E-02,  1.43240E-02,  1.39213E-02,  1.35442E-02,  1.31901E-02,NA,NA,NA,
NA,NA,NA,  1.30207E-02,  1.33550E-02,  1.37098E-02,  1.40876E-02,  1.44910E-02,  1.49230E-02,  1.53871E-02,  1.58871E-02,  1.64276E-02,  1.70132E-02,  1.76491E-02,  1.83410E-02,  1.90946E-02,  1.99156E-02,  2.08094E-02,  2.17804E-02,  2.28316E-02,  2.39638E-02,  2.51744E-02,  2.64563E-02,NA,NA,NA,NA,NA,NA,NA,NA,NA,NA,NA,NA,NA,NA,NA,NA,NA,NA,NA,  2.76084E-02,  2.62172E-02,  2.48917E-02,  2.36456E-02,  2.24860E-02,  2.14153E-02,  2.04318E-02,  1.95316E-02,  1.87090E-02,  1.79578E-02,  1.72712E-02,  1.66428E-02,  1.60662E-02,  1.55357E-02,  1.50462E-02,  1.45929E-02,  1.41718E-02,  1.37792E-02,  1.34120E-02,  1.30674E-02,NA,NA,NA,
NA,NA,  1.25736E-02,  1.28782E-02,  1.32005E-02,  1.35425E-02,  1.39068E-02,  1.42960E-02,  1.47135E-02,  1.51629E-02,  1.56484E-02,  1.61750E-02,  1.67482E-02,  1.73741E-02,  1.80594E-02,  1.88114E-02,  1.96375E-02,  2.05451E-02,  2.15410E-02,  2.26310E-02,  2.38182E-02,  2.51028E-02,  2.64798E-02,NA,NA,NA,NA,NA,NA,NA,NA,NA,NA,NA,NA,NA,NA,NA,NA,NA,NA,NA,  2.77546E-02,  2.62388E-02,  2.48134E-02,  2.34905E-02,  2.22749E-02,  2.11659E-02,  2.01588E-02,  1.92465E-02,  1.84210E-02,  1.76735E-02,  1.69954E-02,  1.63786E-02,  1.58158E-02,  1.53003E-02,  1.48262E-02,  1.43883E-02,  1.39821E-02,  1.36039E-02,  1.32503E-02,  1.29185E-02,  1.26061E-02,NA,NA,
NA,NA,  1.24198E-02,  1.27104E-02,  1.30176E-02,  1.33433E-02,  1.36899E-02,  1.40603E-02,  1.44577E-02,  1.48862E-02,  1.53501E-02,  1.58550E-02,  1.64068E-02,  1.70126E-02,  1.76803E-02,  1.84185E-02,  1.92368E-02,  2.01447E-02,  2.11519E-02,  2.22673E-02,  2.34974E-02,  2.48457E-02,NA,NA,NA,NA,NA,NA,NA,NA,NA,NA,NA,NA,NA,NA,NA,NA,NA,NA,NA,NA,  2.76987E-02,  2.60615E-02,  2.45439E-02,  2.31556E-02,  2.18976E-02,  2.07650E-02,  1.97492E-02,  1.88396E-02,  1.80249E-02,  1.72937E-02,  1.66356E-02,  1.60409E-02,  1.55010E-02,  1.50084E-02,  1.45567E-02,  1.41402E-02,  1.37543E-02,  1.33950E-02,  1.30590E-02,  1.27434E-02,  1.24459E-02,NA,NA,
NA,NA,  1.22438E-02,  1.25177E-02,  1.28065E-02,  1.31121E-02,  1.34368E-02,  1.37833E-02,  1.41550E-02,  1.45559E-02,  1.49906E-02,  1.54648E-02,  1.59852E-02,  1.65594E-02,  1.71966E-02,  1.79068E-02,  1.87015E-02,  1.95929E-02,  2.05936E-02,  2.17162E-02,  2.29715E-02,  2.43674E-02,NA,NA,NA,NA,NA,NA,NA,NA,NA,NA,NA,NA,NA,NA,NA,NA,NA,NA,NA,NA,NA,  2.56383E-02,  2.40440E-02,  2.26088E-02,  2.13284E-02,  2.01925E-02,  1.91877E-02,  1.82991E-02,  1.75119E-02,  1.68122E-02,  1.61875E-02,  1.56265E-02,  1.51197E-02,  1.46588E-02,  1.42370E-02,  1.38484E-02,  1.34883E-02,  1.31528E-02,  1.28384E-02,  1.25425E-02,  1.22628E-02,NA,NA,
NA,  1.18032E-02,  1.20463E-02,  1.23008E-02,  1.25680E-02,  1.28497E-02,  1.31481E-02,  1.34657E-02,  1.38056E-02,  1.41719E-02,  1.45692E-02,  1.50033E-02,  1.54812E-02,  1.60113E-02,  1.66034E-02,  1.72692E-02,  1.80218E-02,  1.88761E-02,  1.98482E-02,  2.09546E-02,  2.22110E-02,NA,NA,NA,NA,NA,NA,NA,NA,NA,NA,NA,NA,NA,NA,NA,NA,NA,NA,NA,NA,NA,NA,NA,  2.32727E-02,  2.18179E-02,  2.05426E-02,  1.94299E-02,  1.84606E-02,  1.76153E-02,  1.68755E-02,  1.62247E-02,  1.56483E-02,  1.51339E-02,  1.46712E-02,  1.42514E-02,  1.38674E-02,  1.35135E-02,  1.31849E-02,  1.28779E-02,  1.25893E-02,  1.23166E-02,  1.20577E-02,  1.18111E-02,NA,
NA,  1.16051E-02,  1.18284E-02,  1.20607E-02,  1.23032E-02,  1.25574E-02,  1.28251E-02,  1.31086E-02,  1.34108E-02,  1.37354E-02,  1.40869E-02,  1.44710E-02,  1.48949E-02,  1.53671E-02,  1.58983E-02,  1.65011E-02,  1.71906E-02,  1.79840E-02,  1.89009E-02,  1.99620E-02,  2.11888E-02,NA,NA,NA,NA,NA,NA,NA,NA,NA,NA,NA,NA,NA,NA,NA,NA,NA,NA,NA,NA,NA,NA,NA,  2.21900E-02,  2.07530E-02,  1.95186E-02,  1.84622E-02,  1.75581E-02,  1.67821E-02,  1.61123E-02,  1.55295E-02,  1.50178E-02,  1.45638E-02,  1.41566E-02,  1.37875E-02,  1.34496E-02,  1.31371E-02,  1.28457E-02,  1.25720E-02,  1.23131E-02,  1.20669E-02,  1.18318E-02,  1.16063E-02,NA,
NA,  1.13902E-02,  1.15915E-02,  1.17991E-02,  1.20139E-02,  1.22371E-02,  1.24700E-02,  1.27145E-02,  1.29730E-02,  1.32489E-02,  1.35462E-02,  1.38704E-02,  1.42282E-02,  1.46284E-02,  1.50819E-02,  1.56021E-02,  1.62053E-02,  1.69110E-02,  1.77420E-02,  1.87235E-02,NA,NA,NA,NA,NA,NA,NA,NA,NA,NA,NA,NA,NA,NA,NA,NA,NA,NA,NA,NA,NA,NA,NA,NA,NA,  1.93904E-02,  1.82412E-02,  1.72803E-02,  1.64755E-02,  1.57980E-02,  1.52226E-02,  1.47285E-02,  1.42985E-02,  1.39190E-02,  1.35791E-02,  1.32704E-02,  1.29864E-02,  1.27219E-02,  1.24731E-02,  1.22372E-02,  1.20119E-02,  1.17955E-02,  1.15867E-02,  1.13846E-02,NA,
NA,  1.11600E-02,  1.13373E-02,  1.15180E-02,  1.17025E-02,  1.18914E-02,  1.20856E-02,  1.22865E-02,  1.24959E-02,  1.27165E-02,  1.29516E-02,  1.32061E-02,  1.34863E-02,  1.38003E-02,  1.41590E-02,  1.45761E-02,  1.50687E-02,  1.56580E-02,  1.63693E-02,  1.72323E-02,NA,NA,NA,NA,NA,NA,NA,NA,NA,NA,NA,NA,NA,NA,NA,NA,NA,NA,NA,NA,NA,NA,NA,NA,NA,  1.77168E-02,  1.67046E-02,  1.58835E-02,  1.52154E-02,  1.46674E-02,  1.42121E-02,  1.38275E-02,  1.34964E-02,  1.32052E-02,  1.29439E-02,  1.27048E-02,  1.24821E-02,  1.22718E-02,  1.20707E-02,  1.18767E-02,  1.16883E-02,  1.15045E-02,  1.13245E-02,  1.11478E-02,NA,
NA,  1.09165E-02,  1.10682E-02,  1.12200E-02,  1.13717E-02,  1.15236E-02,  1.16758E-02,  1.18291E-02,  1.19845E-02,  1.21437E-02,  1.23093E-02,  1.24853E-02,  1.26768E-02,  1.28913E-02,  1.31388E-02,  1.34327E-02,  1.37903E-02,  1.42337E-02,  1.47902E-02,NA,NA,NA,NA,NA,NA,NA,NA,NA,NA,NA,NA,NA,NA,NA,NA,NA,NA,NA,NA,NA,NA,NA,NA,NA,NA,NA,  1.49160E-02,  1.42822E-02,  1.37895E-02,  1.34023E-02,  1.30922E-02,  1.28373E-02,  1.26211E-02,  1.24312E-02,  1.22587E-02,  1.20973E-02,  1.19427E-02,  1.17918E-02,  1.16427E-02,  1.14942E-02,  1.13457E-02,  1.11968E-02,  1.10475E-02,  1.08979E-02,NA,
  1.05340E-02,  1.06617E-02,  1.07865E-02,  1.09078E-02,  1.10250E-02,  1.11376E-02,  1.12451E-02,  1.13474E-02,  1.14447E-02,  1.15376E-02,  1.16276E-02,  1.17172E-02,  1.18106E-02,  1.19136E-02,  1.20352E-02,  1.21875E-02,  1.23872E-02,  1.26563E-02,  1.30231E-02,NA,NA,NA,NA,NA,NA,NA,NA,NA,NA,NA,NA,NA,NA,NA,NA,NA,NA,NA,NA,NA,NA,NA,NA,NA,NA,NA,  1.28993E-02,  1.24995E-02,  1.22194E-02,  1.20224E-02,  1.18805E-02,  1.17733E-02,  1.16859E-02,  1.16082E-02,  1.15332E-02,  1.14564E-02,  1.13751E-02,  1.12879E-02,  1.11943E-02,  1.10941E-02,  1.09877E-02,  1.08756E-02,  1.07586E-02,  1.06374E-02,NA,
  1.02950E-02,  1.03981E-02,  1.04951E-02,  1.05849E-02,  1.06662E-02,  1.07378E-02,  1.07987E-02,  1.08476E-02,  1.08838E-02,  1.09066E-02,  1.09163E-02,  1.09137E-02,  1.09014E-02,  1.08834E-02,  1.08669E-02,  1.08620E-02,  1.08841E-02,  1.09539E-02,  1.10995E-02,NA,NA,NA,NA,NA,NA,NA,NA,NA,NA,NA,NA,NA,NA,NA,NA,NA,NA,NA,NA,NA,NA,NA,NA,NA,NA,NA,  1.06965E-02,  1.05729E-02,  1.05378E-02,  1.05555E-02,  1.06006E-02,  1.06553E-02,  1.07077E-02,  1.07505E-02,  1.07792E-02,  1.07919E-02,  1.07878E-02,  1.07673E-02,  1.07314E-02,  1.06813E-02,  1.06186E-02,  1.05446E-02,  1.04608E-02,  1.03688E-02,  1.02697E-02,
  1.00502E-02,  1.01283E-02,  1.01970E-02,  1.02545E-02,  1.02992E-02,  1.03292E-02,  1.03423E-02,  1.03365E-02,  1.03098E-02,  1.02604E-02,  1.01868E-02,  1.00884E-02,  9.96540E-03,  9.82002E-03,  9.65676E-03,  9.48360E-03,  9.31319E-03,  9.16431E-03,  9.06342E-03,NA,NA,NA,NA,NA,NA,NA,NA,NA,NA,NA,NA,NA,NA,NA,NA,NA,NA,NA,NA,NA,NA,NA,NA,NA,NA,NA,  8.36801E-03,  8.55333E-03,  8.78700E-03,  9.03698E-03,  9.28169E-03,  9.50743E-03,  9.70626E-03,  9.87429E-03,  1.00103E-02,  1.01150E-02,  1.01900E-02,  1.02376E-02,  1.02605E-02,  1.02614E-02,  1.02429E-02,  1.02074E-02,  1.01574E-02,  1.00949E-02,  1.00218E-02,
  9.80193E-03,  9.85495E-03,  9.89521E-03,  9.92057E-03,  9.92860E-03,  9.91668E-03,  9.88191E-03,  9.82123E-03,  9.73141E-03,  9.60925E-03,  9.45170E-03,  9.25613E-03,  9.02077E-03,  8.74525E-03,  8.43137E-03,  8.08413E-03,  7.71306E-03,  7.33383E-03,NA,NA,NA,NA,NA,NA,NA,NA,NA,NA,NA,NA,NA,NA,NA,NA,NA,NA,NA,NA,NA,NA,NA,NA,NA,NA,NA,NA,NA,  6.50287E-03,  7.01756E-03,  7.50761E-03,  7.95679E-03,  8.35649E-03,  8.70333E-03,  8.99740E-03,  9.24099E-03,  9.43763E-03,  9.59149E-03,  9.70696E-03,  9.78839E-03,  9.83990E-03,  9.86535E-03,  9.86824E-03,  9.85171E-03,  9.81858E-03,  9.77134E-03,
  9.55244E-03,  9.58072E-03,  9.59303E-03,  9.58669E-03,  9.55869E-03,  9.50567E-03,  9.42392E-03,  9.30935E-03,  9.15758E-03,  8.96401E-03,  8.72394E-03,  8.43284E-03,  8.08670E-03,  7.68257E-03,  7.21930E-03,  6.69861E-03,  6.12644E-03,NA,NA,NA,NA,NA,NA,NA,NA,NA,NA,NA,NA,NA,NA,NA,NA,NA,NA,NA,NA,NA,NA,NA,NA,NA,NA,NA,NA,NA,NA,NA,  5.28452E-03,  6.01133E-03,  6.66106E-03,  7.23065E-03,  7.72160E-03,  8.13816E-03,  8.48611E-03,  8.77195E-03,  9.00228E-03,  9.18355E-03,  9.32177E-03,  9.42249E-03,  9.49072E-03,  9.53093E-03,  9.54709E-03,  9.54266E-03,  9.52072E-03,
  9.30405E-03,  9.30834E-03,  9.29358E-03,  9.25662E-03,  9.19388E-03,  9.10133E-03,  8.97446E-03,  8.80825E-03,  8.59721E-03,  8.33540E-03,  8.01658E-03,  7.63435E-03,  7.18255E-03,  6.65569E-03,  6.04970E-03,  5.36296E-03,  4.59766E-03,NA,NA,NA,NA,NA,NA,NA,NA,NA,NA,NA,NA,NA,NA,NA,NA,NA,NA,NA,NA,NA,NA,NA,NA,NA,NA,NA,NA,NA,NA,NA,  3.64325E-03,  4.59192E-03,  5.42924E-03,  6.15764E-03,  6.78331E-03,  7.31447E-03,  7.76022E-03,  8.12979E-03,  8.43207E-03,  8.67538E-03,  8.86731E-03,  9.01469E-03,  9.12361E-03,  9.19942E-03,  9.24683E-03,  9.26995E-03,  9.27234E-03,
  9.05900E-03,  9.04040E-03,  8.99989E-03,  8.93391E-03,  8.83836E-03,  8.70862E-03,  8.53946E-03,  8.32501E-03,  8.05879E-03,  7.73368E-03,  7.34201E-03,  6.87576E-03,  6.32677E-03,  5.68726E-03,  4.95048E-03,  4.11167E-03,NA,NA,NA,NA,NA,NA,NA,NA,NA,NA,NA,NA,NA,NA,NA,NA,NA,NA,NA,NA,NA,NA,NA,NA,NA,NA,NA,NA,NA,NA,NA,NA,NA,  3.28963E-03,  4.29326E-03,  5.16291E-03,  5.90889E-03,  6.54283E-03,  7.07670E-03,  7.52208E-03,  7.88983E-03,  8.18988E-03,  8.43118E-03,  8.62166E-03,  8.76834E-03,  8.87734E-03,  8.95404E-03,  9.00307E-03,NA,
NA,  8.77931E-03,  8.71479E-03,  8.62187E-03,  8.49603E-03,  8.33213E-03,  8.12433E-03,  7.86608E-03,  7.55003E-03,  7.16809E-03,  6.71142E-03,  6.17061E-03,  5.53588E-03,  4.79752E-03,  3.94651E-03,  2.97547E-03,NA,NA,NA,NA,NA,NA,NA,NA,NA,NA,NA,NA,NA,NA,NA,NA,NA,NA,NA,NA,NA,NA,NA,NA,NA,NA,NA,NA,NA,NA,NA,NA,NA,  2.13800E-03,  3.27990E-03,  4.26799E-03,  5.11571E-03,  5.83736E-03,  6.44710E-03,  6.95832E-03,  7.38343E-03,  7.73360E-03,  8.01885E-03,  8.24800E-03,  8.42880E-03,  8.56801E-03,  8.67153E-03,  8.74445E-03,NA,
NA,  8.52727E-03,  8.44080E-03,  8.32344E-03,  8.17031E-03,  7.97587E-03,  7.73381E-03,  7.43703E-03,  7.07756E-03,  6.64653E-03,  6.13425E-03,  5.53028E-03,  4.82361E-03,  4.00312E-03,  3.05810E-03,NA,NA,NA,NA,NA,NA,NA,NA,NA,NA,NA,NA,NA,NA,NA,NA,NA,NA,NA,NA,NA,NA,NA,NA,NA,NA,NA,NA,NA,NA,NA,NA,NA,NA,NA,  2.40909E-03,  3.48915E-03,  4.41717E-03,  5.20914E-03,  5.88062E-03,  6.44621E-03,  6.91931E-03,  7.31197E-03,  7.63492E-03,  7.89761E-03,  8.10833E-03,  8.27429E-03,  8.40177E-03,  8.49621E-03,NA,
NA,  8.28619E-03,  8.18013E-03,  8.04114E-03,  7.86411E-03,  7.64320E-03,  7.37179E-03,  7.04242E-03,  6.64667E-03,  6.17523E-03,  5.61784E-03,  4.96341E-03,  4.20023E-03,  3.31628E-03,  2.29988E-03,NA,NA,NA,NA,NA,NA,NA,NA,NA,NA,NA,NA,NA,NA,NA,NA,NA,NA,NA,NA,NA,NA,NA,NA,NA,NA,NA,NA,NA,NA,NA,NA,NA,NA,NA,  1.69291E-03,  2.83672E-03,  3.82210E-03,  4.66572E-03,  5.38374E-03,  5.99130E-03,  6.50227E-03,  6.92913E-03,  7.28298E-03,  7.57362E-03,  7.80964E-03,  7.99853E-03,  8.14682E-03,  8.26017E-03,NA,
NA,  8.05767E-03,  7.93457E-03,  7.77701E-03,  7.57973E-03,  7.33674E-03,  7.04125E-03,  6.68560E-03,  6.26122E-03,  5.75856E-03,  5.16715E-03,  4.47568E-03,  3.67218E-03,  2.74435E-03,  1.68017E-03,NA,NA,NA,NA,NA,NA,NA,NA,NA,NA,NA,NA,NA,NA,NA,NA,NA,NA,NA,NA,NA,NA,NA,NA,NA,NA,NA,NA,NA,NA,NA,NA,NA,NA,NA,  1.13543E-03,  2.31487E-03,  3.33457E-03,  4.21098E-03,  4.96009E-03,  5.59694E-03,  6.13536E-03,  6.58784E-03,  6.96551E-03,  7.27825E-03,  7.53473E-03,  7.74254E-03,  7.90830E-03,  8.03776E-03,NA,
NA,  7.84295E-03,  7.70550E-03,  7.53256E-03,  7.31883E-03,  7.05830E-03,  6.74415E-03,  6.36873E-03,  5.92349E-03,  5.39894E-03,  4.78473E-03,  4.06967E-03,  3.24202E-03,  2.28972E-03,  1.20102E-03,NA,NA,NA,NA,NA,NA,NA,NA,NA,NA,NA,NA,NA,NA,NA,NA,NA,NA,NA,NA,NA,NA,NA,NA,NA,NA,NA,NA,NA,NA,NA,NA,NA,NA,NA,  7.33329E-04,  1.92201E-03,  2.95418E-03,  3.84529E-03,  4.61052E-03,  5.26428E-03,  5.81989E-03,  6.28947E-03,  6.68391E-03,  7.01287E-03,  7.28491E-03,  7.50754E-03,  7.68733E-03,  7.83004E-03,NA,
NA,NA,  7.49386E-03,  7.30878E-03,  7.08244E-03,  6.80892E-03,  6.48151E-03,  6.09274E-03,  5.63428E-03,  5.09695E-03,  4.47078E-03,  3.74507E-03,  2.90864E-03,  1.95017E-03,  8.58696E-04,NA,NA,NA,NA,NA,NA,NA,NA,NA,NA,NA,NA,NA,NA,NA,NA,NA,NA,NA,NA,NA,NA,NA,NA,NA,NA,NA,NA,NA,NA,NA,NA,NA,NA,NA,  4.77087E-04,  1.65160E-03,  2.67655E-03,  3.56585E-03,  4.33337E-03,  4.99245E-03,  5.55556E-03,  6.03412E-03,  6.43850E-03,  6.77797E-03,  7.06077E-03,  7.29418E-03,  7.48462E-03,NA,NA,
NA,NA,  7.30019E-03,  7.10615E-03,  6.87095E-03,  6.58885E-03,  6.25340E-03,  5.85742E-03,  5.39300E-03,  4.85145E-03,  4.22341E-03,  3.49894E-03,  2.66775E-03,  1.71957E-03,  6.44595E-04,NA,NA,NA,NA,NA,NA,NA,NA,NA,NA,NA,NA,NA,NA,NA,NA,NA,NA,NA,NA,NA,NA,NA,NA,NA,NA,NA,NA,NA,NA,NA,NA,NA,NA,NA,  3.52536E-04,  1.49326E-03,  2.49417E-03,  3.36729E-03,  4.12486E-03,  4.77886E-03,  5.34063E-03,  5.82070E-03,  6.22869E-03,  6.57328E-03,  6.86228E-03,  7.10261E-03,  7.30040E-03,NA,NA,
NA,NA,  7.12459E-03,  6.92465E-03,  6.68417E-03,  6.39767E-03,  6.05905E-03,  5.66156E-03,  5.19783E-03,  4.65981E-03,  4.03894E-03,  3.32622E-03,  2.51247E-03,  1.58866E-03,  5.46431E-04,NA,NA,NA,NA,NA,NA,NA,NA,NA,NA,NA,NA,NA,NA,NA,NA,NA,NA,NA,NA,NA,NA,NA,NA,NA,NA,NA,NA,NA,NA,NA,NA,NA,NA,NA,  3.42516E-04,  1.43398E-03,  2.39724E-03,  3.24227E-03,  3.97955E-03,  4.61952E-03,  5.17223E-03,  5.64714E-03,  6.05302E-03,  6.39784E-03,  6.68884E-03,  6.93247E-03,  7.13453E-03,NA,NA,
NA,NA,NA,  6.76386E-03,  6.52141E-03,  6.23434E-03,  5.89698E-03,  5.50310E-03,  5.04594E-03,  4.51824E-03,  3.91232E-03,  3.22024E-03,  2.43404E-03,  1.54608E-03,  5.49483E-04,NA,NA,NA,NA,NA,NA,NA,NA,NA,NA,NA,NA,NA,NA,NA,NA,NA,NA,NA,NA,NA,NA,NA,NA,NA,NA,NA,NA,NA,NA,NA,NA,NA,NA,NA,  4.28428E-04,  1.45930E-03,  2.37457E-03,  3.18219E-03,  3.89085E-03,  4.50940E-03,  5.04655E-03,  5.51061E-03,  5.90940E-03,  6.25012E-03,  6.53933E-03,  6.78301E-03,NA,NA,NA,
NA,NA,NA,  6.62298E-03,  6.38155E-03,  6.09733E-03,  5.76513E-03,  5.37931E-03,  4.93377E-03,  4.42208E-03,  3.83752E-03,  3.17325E-03,  2.42257E-03,  1.57921E-03,  6.37801E-04,NA,NA,NA,NA,NA,NA,NA,NA,NA,NA,NA,NA,NA,NA,NA,NA,NA,NA,NA,NA,NA,NA,NA,NA,NA,NA,NA,NA,NA,NA,NA,NA,NA,NA,NA,  5.91559E-04,  1.55434E-03,  2.41438E-03,  3.17778E-03,  3.85150E-03,  4.44285E-03,  4.95921E-03,  5.40773E-03,  5.79525E-03,  6.12814E-03,  6.41230E-03,  6.65312E-03,NA,NA,NA,
NA,NA,NA,NA,  6.26311E-03,  5.98472E-03,  5.66102E-03,  5.28698E-03,  4.85722E-03,  4.36613E-03,  3.80795E-03,  3.17695E-03,  2.46763E-03,  1.67506E-03,  7.95253E-04,NA,NA,NA,NA,NA,NA,NA,NA,NA,NA,NA,NA,NA,NA,NA,NA,NA,NA,NA,NA,NA,NA,NA,NA,NA,NA,NA,NA,NA,NA,NA,NA,NA,NA,NA,  8.14092E-04,  1.70463E-03,  2.50500E-03,  3.21966E-03,  3.85399E-03,  4.41390E-03,  4.90547E-03,  5.33476E-03,  5.70762E-03,  6.02962E-03,  6.30596E-03,NA,NA,NA,NA,
NA,NA,NA,NA,  6.16438E-03,  5.89432E-03,  5.58187E-03,  5.22262E-03,  4.81189E-03,  4.34489E-03,  3.81680E-03,  3.22291E-03,  2.55886E-03,  1.82092E-03,  1.00635E-03,NA,NA,NA,NA,NA,NA,NA,NA,NA,NA,NA,NA,NA,NA,NA,NA,NA,NA,NA,NA,NA,NA,NA,NA,NA,NA,NA,NA,NA,NA,NA,NA,NA,NA,NA,  1.07980E-03,  1.89671E-03,  2.63534E-03,  3.29874E-03,  3.89094E-03,  4.41656E-03,  4.88051E-03,  5.28781E-03,  5.64341E-03,  5.95208E-03,  6.21835E-03,NA,NA,NA,NA,
NA,NA,NA,NA,NA,  5.82377E-03,  5.52475E-03,  5.18259E-03,  4.79331E-03,  4.35289E-03,  3.85736E-03,  3.30296E-03,  2.68636E-03,  2.00489E-03,  1.25685E-03,  4.41879E-04,NA,NA,NA,NA,NA,NA,NA,NA,NA,NA,NA,NA,NA,NA,NA,NA,NA,NA,NA,NA,NA,NA,NA,NA,NA,NA,NA,NA,NA,NA,NA,NA,NA,  5.62384E-04,  1.37443E-03,  2.11853E-03,  2.79527E-03,  3.40658E-03,  3.95534E-03,  4.44504E-03,  4.87957E-03,  5.26301E-03,  5.59947E-03,  5.89297E-03,NA,NA,NA,NA,NA,
NA,NA,NA,NA,NA,  5.77064E-03,  5.48668E-03,  5.16328E-03,  4.79709E-03,  4.38481E-03,  3.92323E-03,  3.40947E-03,  2.84105E-03,  2.21621E-03,  1.53410E-03,  7.95135E-04,NA,NA,NA,NA,NA,NA,NA,NA,NA,NA,NA,NA,NA,NA,NA,NA,NA,NA,NA,NA,NA,NA,NA,NA,NA,NA,NA,NA,NA,NA,NA,NA,NA,  9.54911E-04,  1.68592E-03,  2.35962E-03,  2.97582E-03,  3.53555E-03,  4.04073E-03,  4.49392E-03,  4.89813E-03,  5.25660E-03,  5.57268E-03,  5.84974E-03,NA,NA,NA,NA,NA,
NA,NA,NA,NA,NA,NA,  5.46476E-03,  5.16118E-03,  4.81904E-03,  4.43566E-03,  4.00853E-03,  3.53548E-03,  3.01480E-03,  2.44544E-03,  1.82725E-03,  1.16118E-03,NA,NA,NA,NA,NA,NA,NA,NA,NA,NA,NA,NA,NA,NA,NA,NA,NA,NA,NA,NA,NA,NA,NA,NA,NA,NA,NA,NA,NA,NA,NA,NA,NA,  1.34943E-03,  2.00432E-03,  2.61118E-03,  3.16929E-03,  3.67895E-03,  4.14136E-03,  4.55830E-03,  4.93203E-03,  5.26507E-03,  5.56011E-03,NA,NA,NA,NA,NA,NA,
NA,NA,NA,NA,NA,NA,NA,  5.17300E-03,  4.85528E-03,  4.50090E-03,  4.10796E-03,  3.67488E-03,  3.20058E-03,  2.68458E-03,  2.12724E-03,  1.52992E-03,  8.95168E-04,NA,NA,NA,NA,NA,NA,NA,NA,NA,NA,NA,NA,NA,NA,NA,NA,NA,NA,NA,NA,NA,NA,NA,NA,NA,NA,NA,NA,NA,NA,NA,  1.11523E-03,  1.73734E-03,  2.32169E-03,  2.86602E-03,  3.36920E-03,  3.83107E-03,  4.25221E-03,  4.63381E-03,  4.97749E-03,  5.28517E-03,NA,NA,NA,NA,NA,NA,NA,
NA,NA,NA,NA,NA,NA,NA,  5.19572E-03,  4.90230E-03,  4.57648E-03,  4.21686E-03,  3.82238E-03,  3.39243E-03,  2.92698E-03,  2.42677E-03,  1.89338E-03,  1.32947E-03,NA,NA,NA,NA,NA,NA,NA,NA,NA,NA,NA,NA,NA,NA,NA,NA,NA,NA,NA,NA,NA,NA,NA,NA,NA,NA,NA,NA,NA,NA,  9.83581E-04,  1.56164E-03,  2.11221E-03,  2.63190E-03,  3.11838E-03,  3.57030E-03,  3.98713E-03,  4.36902E-03,  4.71666E-03,  5.03119E-03,  5.31403E-03,NA,NA,NA,NA,NA,NA,NA,
NA,NA,NA,NA,NA,NA,NA,NA,  4.95697E-03,  4.65886E-03,  4.33127E-03,  3.97354E-03,  3.58546E-03,  3.16732E-03,  2.72010E-03,  2.24552E-03,  1.74621E-03,  1.22575E-03,NA,NA,NA,NA,NA,NA,NA,NA,NA,NA,NA,NA,NA,NA,NA,NA,NA,NA,NA,NA,NA,NA,NA,NA,NA,NA,NA,NA,NA,  1.47526E-03,  1.98336E-03,  2.46947E-03,  2.93040E-03,  3.36387E-03,  3.76840E-03,  4.14324E-03,  4.48821E-03,  4.80364E-03,  5.09026E-03,NA,NA,NA,NA,NA,NA,NA,NA,
NA,NA,NA,NA,NA,NA,NA,NA,NA,  4.74503E-03,  4.44785E-03,  4.12474E-03,  3.77575E-03,  3.40143E-03,  3.00289E-03,  2.58192E-03,  2.14104E-03,  1.68356E-03,  1.21365E-03,NA,NA,NA,NA,NA,NA,NA,NA,NA,NA,NA,NA,NA,NA,NA,NA,NA,NA,NA,NA,NA,NA,NA,NA,NA,NA,NA,  1.47197E-03,  1.93173E-03,  2.37764E-03,  2.80601E-03,  3.21392E-03,  3.59919E-03,  3.96029E-03,  4.29632E-03,  4.60690E-03,  4.89207E-03,NA,NA,NA,NA,NA,NA,NA,NA,NA,
NA,NA,NA,NA,NA,NA,NA,NA,NA,NA,  4.56388E-03,  4.27305E-03,  3.96025E-03,  3.62617E-03,  3.27201E-03,  2.89954E-03,  2.51113E-03,  2.10982E-03,  1.69932E-03,  1.28399E-03,NA,NA,NA,NA,NA,NA,NA,NA,NA,NA,NA,NA,NA,NA,NA,NA,NA,NA,NA,NA,NA,NA,NA,NA,NA,  1.54235E-03,  1.95067E-03,  2.35220E-03,  2.74305E-03,  3.11997E-03,  3.48031E-03,  3.82200E-03,  4.14357E-03,  4.44401E-03,  4.72280E-03,NA,NA,NA,NA,NA,NA,NA,NA,NA,NA,
NA,NA,NA,NA,NA,NA,NA,NA,NA,NA,NA,  4.41622E-03,  4.13666E-03,  3.83929E-03,  3.52532E-03,  3.19646E-03,  2.85491E-03,  2.50342E-03,  2.14528E-03,  1.78430E-03,  1.42474E-03,NA,NA,NA,NA,NA,NA,NA,NA,NA,NA,NA,NA,NA,NA,NA,NA,NA,NA,NA,NA,NA,NA,NA,  1.67487E-03,  2.03116E-03,  2.38642E-03,  2.73687E-03,  3.07917E-03,  3.41042E-03,  3.72826E-03,  4.03078E-03,  4.31654E-03,  4.58453E-03,NA,NA,NA,NA,NA,NA,NA,NA,NA,NA,NA,
NA,NA,NA,NA,NA,NA,NA,NA,NA,NA,NA,NA,  4.30334E-03,  4.03925E-03,  3.76149E-03,  3.47165E-03,  3.17176E-03,  2.86430E-03,  2.55215E-03,  2.23862E-03,  1.92737E-03,NA,NA,NA,NA,NA,NA,NA,NA,NA,NA,NA,NA,NA,NA,NA,NA,NA,NA,NA,NA,NA,NA,NA,  2.16281E-03,  2.47192E-03,  2.78098E-03,  3.08674E-03,  3.38630E-03,  3.67716E-03,  3.95716E-03,  4.22459E-03,  4.47807E-03,NA,NA,NA,NA,NA,NA,NA,NA,NA,NA,NA,NA,
NA,NA,NA,NA,NA,NA,NA,NA,NA,NA,NA,NA,NA,NA,  3.97983E-03,  3.72477E-03,  3.46180E-03,  3.19312E-03,  2.92125E-03,  2.64907E-03,  2.37969E-03,NA,NA,NA,NA,NA,NA,NA,NA,NA,NA,NA,NA,NA,NA,NA,NA,NA,NA,NA,NA,NA,NA,NA,  2.59945E-03,  2.86770E-03,  3.13656E-03,  3.40326E-03,  3.66531E-03,  3.92049E-03,  4.16692E-03,NA,NA,NA,NA,NA,NA,NA,NA,NA,NA,NA,NA,NA,NA,
NA,NA,NA,NA,NA,NA,NA,NA,NA,NA,NA,NA,NA,NA,NA,  3.95602E-03,  3.72566E-03,  3.49105E-03,  3.25440E-03,  3.01818E-03,  2.78505E-03,  2.55786E-03,NA,NA,NA,NA,NA,NA,NA,NA,NA,NA,NA,NA,NA,NA,NA,NA,NA,NA,NA,NA,NA,  2.75959E-03,  2.98886E-03,  3.22173E-03,  3.45565E-03,  3.68826E-03,  3.91740E-03,  4.14115E-03,NA,NA,NA,NA,NA,NA,NA,NA,NA,NA,NA,NA,NA,NA,NA,
NA,NA,NA,NA,NA,NA,NA,NA,NA,NA,NA,NA,NA,NA,NA,NA,NA,  3.75962E-03,  3.55371E-03,  3.34873E-03,  3.14698E-03,  2.95084E-03,  2.76279E-03,NA,NA,NA,NA,NA,NA,NA,NA,NA,NA,NA,NA,NA,NA,NA,NA,NA,NA,NA,  2.94333E-03,  3.13633E-03,  3.33506E-03,  3.53728E-03,  3.74083E-03,  3.94370E-03,NA,NA,NA,NA,NA,NA,NA,NA,NA,NA,NA,NA,NA,NA,NA,NA,NA,
NA,NA,NA,NA,NA,NA,NA,NA,NA,NA,NA,NA,NA,NA,NA,NA,NA,NA,NA,  3.64362E-03,  3.46900E-03,  3.29962E-03,  3.13758E-03,NA,NA,NA,NA,NA,NA,NA,NA,NA,NA,NA,NA,NA,NA,NA,NA,NA,NA,NA,  3.30245E-03,  3.46957E-03,  3.64192E-03,  3.81759E-03,NA,NA,NA,NA,NA,NA,NA,NA,NA,NA,NA,NA,NA,NA,NA,NA,NA,NA,NA,
NA,NA,NA,NA,NA,NA,NA,NA,NA,NA,NA,NA,NA,NA,NA,NA,NA,NA,NA,NA,NA,  3.60824E-03,  3.46854E-03,  3.33718E-03,NA,NA,NA,NA,NA,NA,NA,NA,NA,NA,NA,NA,NA,NA,NA,NA,NA,  3.48028E-03,  3.61872E-03,  3.76353E-03,NA,NA,NA,NA,NA,NA,NA,NA,NA,NA,NA,NA,NA,NA,NA,NA,NA,NA,NA,NA,NA,
NA,NA,NA,NA,NA,NA,NA,NA,NA,NA,NA,NA,NA,NA,NA,NA,NA,NA,NA,NA,NA,NA,NA,NA,NA,NA,NA,NA,NA,NA,NA,NA,NA,NA,NA,NA,NA,NA,NA,NA,NA,NA,NA,NA,NA,NA,NA,NA,NA,NA,NA,NA,NA,NA,NA,NA,NA,NA,NA,NA,NA,NA,NA,NA,NA,
NA,NA,NA,NA,NA,NA,NA,NA,NA,NA,NA,NA,NA,NA,NA,NA,NA,NA,NA,NA,NA,NA,NA,NA,NA,NA,NA,NA,NA,NA,NA,NA,NA,NA,NA,NA,NA,NA,NA,NA,NA,NA,NA,NA,NA,NA,NA,NA,NA,NA,NA,NA,NA,NA,NA,NA,NA,NA,NA,NA,NA,NA,NA,NA,NA,
NA,NA,NA,NA,NA,NA,NA,NA,NA,NA,NA,NA,NA,NA,NA,NA,NA,NA,NA,NA,NA,NA,NA,NA,NA,NA,NA,NA,NA,NA,NA,NA,NA,NA,NA,NA,NA,NA,NA,NA,NA,NA,NA,NA,NA,NA,NA,NA,NA,NA,NA,NA,NA,NA,NA,NA,NA,NA,NA,NA,NA,NA,NA,NA,NA,
NA,NA,NA,NA,NA,NA,NA,NA,NA,NA,NA,NA,NA,NA,NA,NA,NA,NA,NA,NA,NA,NA,NA,NA,NA,NA,NA,NA,NA,NA,NA,NA,NA,NA,NA,NA,NA,NA,NA,NA,NA,NA,NA,NA,NA,NA,NA,NA,NA,NA,NA,NA,NA,NA,NA,NA,NA,NA,NA,NA,NA,NA,NA,NA,NA,
NA,NA,NA,NA,NA,NA,NA,NA,NA,NA,NA,NA,NA,NA,NA,NA,NA,NA,NA,NA,NA,NA,NA,NA,NA,NA,NA,NA,NA,NA,NA,NA,NA,NA,NA,NA,NA,NA,NA,NA,NA,NA,NA,NA,NA,NA,NA,NA,NA,NA,NA,NA,NA,NA,NA,NA,NA,NA,NA,NA,NA,NA,NA,NA,NA,
NA,NA,NA,NA,NA,NA,NA,NA,NA,NA,NA,NA,NA,NA,NA,NA,NA,NA,NA,NA,NA,NA,NA,NA,NA,NA,NA,NA,NA,NA,NA,NA,NA,NA,NA,NA,NA,NA,NA,NA,NA,NA,NA,NA,NA,NA,NA,NA,NA,NA,NA,NA,NA,NA,NA,NA,NA,NA,NA,NA,NA,NA,NA,NA,NA,
NA,NA,NA,NA,NA,NA,NA,NA,NA,NA,NA,NA,NA,NA,NA,NA,NA,NA,NA,NA,NA,NA,NA,NA,NA,NA,NA,NA,NA,NA,NA,NA,NA,NA,NA,NA,NA,NA,NA,NA,NA,NA,NA,NA,NA,NA,NA,NA,NA,NA,NA,NA,NA,NA,NA,NA,NA,NA,NA,NA,NA,NA,NA,NA,NA,
NA,NA,NA,NA,NA,NA,NA,NA,NA,NA,NA,NA,NA,NA,NA,NA,NA,NA,NA,NA,NA,NA,NA,NA,NA,NA,NA,NA,NA,NA,NA,NA,NA,NA,NA,NA,NA,NA,NA,NA,NA,NA,NA,NA,NA,NA,NA,NA,NA,NA,NA,NA,NA,NA,NA,NA,NA,NA,NA,NA,NA,NA,NA,NA,NA,
NA,NA,NA,NA,NA,NA,NA,NA,NA,NA,NA,NA,NA,NA,NA,NA,NA,NA,NA,NA,NA,NA,NA,NA,NA,NA,NA,NA,NA,NA,NA,NA,NA,NA,NA,NA,NA,NA,NA,NA,NA,NA,NA,NA,NA,NA,NA,NA,NA,NA,NA,NA,NA,NA,NA,NA,NA,NA,NA,NA,NA,NA,NA,NA,NA,
NA,NA,NA,NA,NA,NA,NA,NA,NA,NA,NA,NA,NA,NA,NA,NA,NA,NA,NA,NA,NA,NA,NA,NA,NA,NA,NA,NA,NA,NA,NA,NA,NA,NA,NA,NA,NA,NA,NA,NA,NA,NA,NA,NA,NA,NA,NA,NA,NA,NA,NA,NA,NA,NA,NA,NA,NA,NA,NA,NA,NA,NA,NA,NA,NA,
NA,NA,NA,NA,NA,NA,NA,NA,NA,NA,NA,NA,NA,NA,NA,NA,NA,NA,NA,NA,NA,NA,NA,NA,NA,NA,NA,NA,NA,NA,NA,NA,NA,NA,NA,NA,NA,NA,NA,NA,NA,NA,NA,NA,NA,NA,NA,NA,NA,NA,NA,NA,NA,NA,NA,NA,NA,NA,NA,NA,NA,NA,NA,NA,NA,
NA,NA,NA,NA,NA,NA,NA,NA,NA,NA,NA,NA,NA,NA,NA,NA,NA,NA,NA,NA,NA,NA,NA,NA,NA,NA,NA,NA,NA,NA,NA,NA,NA,NA,NA,NA,NA,NA,NA,NA,NA,NA,NA,NA,NA,NA,NA,NA,NA,NA,NA,NA,NA,NA,NA,NA,NA,NA,NA,NA,NA,NA,NA,NA,NA,
NA,NA,NA,NA,NA,NA,NA,NA,NA,NA,NA,NA,NA,NA,NA,NA,NA,NA,NA,NA,NA,NA,NA,NA,NA,NA,NA,NA,NA,NA,NA,NA,NA,NA,NA,NA,NA,NA,NA,NA,NA,NA,NA,NA,NA,NA,NA,NA,NA,NA,NA,NA,NA,NA,NA,NA,NA,NA,NA,NA,NA,NA,NA,NA,NA,
NA,NA,NA,NA,NA,NA,NA,NA,NA,NA,NA,NA,NA,NA,NA,NA,NA,NA,NA,NA,NA,NA,NA,NA,NA,NA,NA,NA,NA,NA,NA,NA,NA,NA,NA,NA,NA,NA,NA,NA,NA,NA,NA,NA,NA,NA,NA,NA,NA,NA,NA,NA,NA,NA,NA,NA,NA,NA,NA,NA,NA,NA,NA,NA,NA,
NA,NA,NA,NA,NA,NA,NA,NA,NA,NA,NA,NA,NA,NA,NA,NA,NA,NA,NA,NA,NA,NA,NA,NA,NA,NA,NA,NA,NA,NA,NA,NA,NA,NA,NA,NA,NA,NA,NA,NA,NA,NA,NA,NA,NA,NA,NA,NA,NA,NA,NA,NA,NA,NA,NA,NA,NA,NA,NA,NA,NA,NA,NA,NA,NA,
NA,NA,NA,NA,NA,NA,NA,NA,NA,NA,NA,NA,NA,NA,NA,NA,NA,NA,NA,NA,NA,NA,NA,NA,NA,NA,NA,NA,NA,NA,NA,NA,NA,NA,NA,NA,NA,NA,NA,NA,NA,NA,NA,NA,NA,NA,NA,NA,NA,NA,NA,NA,NA,NA,NA,NA,NA,NA,NA,NA,NA,NA,NA,NA,NA,
NA,NA,NA,NA,NA,NA,NA,NA,NA,NA,NA,NA,NA,NA,NA,NA,NA,NA,NA,NA,NA,NA,NA,NA,NA,NA,NA,NA,NA,NA,NA,NA,NA,NA,NA,NA,NA,NA,NA,NA,NA,NA,NA,NA,NA,NA,NA,NA,NA,NA,NA,NA,NA,NA,NA,NA,NA,NA,NA,NA,NA,NA,NA,NA,NA,
NA,NA,NA,NA,NA,NA,NA,NA,NA,NA,NA,NA,NA,NA,NA,NA,NA,NA,NA,NA,NA,NA,NA,NA,NA,NA,NA,NA,NA,NA,NA,NA,NA,NA,NA,NA,NA,NA,NA,NA,NA,NA,NA,NA,NA,NA,NA,NA,NA,NA,NA,NA,NA,NA,NA,NA,NA,NA,NA,NA,NA,NA,NA,NA,NA,
NA,NA,NA,NA,NA,NA,NA,NA,NA,NA,NA,NA,NA,NA,NA,NA,NA,NA,NA,NA,NA,NA,NA,NA,NA,NA,NA,NA,NA,NA,NA,NA,NA,NA,NA,NA,NA,NA,NA,NA,NA,NA,NA,NA,NA,NA,NA,NA,NA,NA,NA,NA,NA,NA,NA,NA,NA,NA,NA,NA,NA,NA,NA,NA,NA,
NA,NA,NA,NA,NA,NA,NA,NA,NA,NA,NA,NA,NA,NA,NA,NA,NA,NA,NA,NA,NA,NA,NA,NA,NA,NA,NA,NA,NA,NA,NA,NA,NA,NA,NA,NA,NA,NA,NA,NA,NA,NA,NA,NA,NA,NA,NA,NA,NA,NA,NA,NA,NA,NA,NA,NA,NA,NA,NA,NA,NA,NA,NA,NA,NA,
NA,NA,NA,NA,NA,NA,NA,NA,NA,NA,NA,NA,NA,NA,NA,NA,NA,NA,NA,NA,NA,NA,NA,NA,NA,NA,NA,NA,NA,NA,NA,NA,NA,NA,NA,NA,NA,NA,NA,NA,NA,NA,NA,NA,NA,NA,NA,NA,NA,NA,NA,NA,NA,NA,NA,NA,NA,NA,NA,NA,NA,NA,NA,NA,NA,
NA,NA,NA,NA,NA,NA,NA,NA,NA,NA,NA,NA,NA,NA,NA,NA,NA,NA,NA,NA,NA,NA,NA,NA,NA,NA,NA,NA,NA,NA,NA,NA,NA,NA,NA,NA,NA,NA,NA,NA,NA,NA,NA,NA,NA,NA,NA,NA,NA,NA,NA,NA,NA,NA,NA,NA,NA,NA,NA,NA,NA,NA,NA,NA,NA,
