NA,NA,NA,NA,NA,NA,NA,NA,NA,NA,NA,NA,NA,NA,NA,NA,NA,NA,NA,NA,NA,NA,  2.24742E-02,  2.28356E-02,  2.31702E-02,  2.34743E-02,  2.37444E-02,  2.39773E-02,  2.41701E-02,  2.43201E-02,  2.44256E-02,  2.44850E-02,  2.44975E-02,  2.44631E-02,  2.43821E-02,  2.42558E-02,  2.40859E-02,  2.38746E-02,  2.36246E-02,  2.33391E-02,  2.30215E-02,  2.26753E-02,NA,NA,NA,NA,NA,NA,NA,NA,NA,NA,NA,NA,NA,NA,NA,NA,NA,NA,NA,NA,NA,NA,NA,
NA,NA,NA,NA,NA,NA,NA,NA,NA,NA,NA,NA,NA,NA,NA,NA,NA,NA,NA,NA,  2.24382E-02,  2.28838E-02,  2.33092E-02,  2.37103E-02,  2.40825E-02,  2.44215E-02,  2.47233E-02,  2.49839E-02,  2.51999E-02,  2.53682E-02,  2.54866E-02,  2.55533E-02,  2.55673E-02,  2.55286E-02,  2.54376E-02,  2.52958E-02,  2.51052E-02,  2.48685E-02,  2.45889E-02,  2.42702E-02,  2.39164E-02,  2.35317E-02,  2.31205E-02,  2.26870E-02,  2.22356E-02,NA,NA,NA,NA,NA,NA,NA,NA,NA,NA,NA,NA,NA,NA,NA,NA,NA,NA,NA,NA,
NA,NA,NA,NA,NA,NA,NA,NA,NA,NA,NA,NA,NA,NA,NA,NA,NA,NA,  2.22020E-02,  2.27224E-02,  2.32314E-02,  2.37244E-02,  2.41966E-02,  2.46428E-02,  2.50581E-02,  2.54373E-02,  2.57755E-02,  2.60682E-02,  2.63111E-02,  2.65006E-02,  2.66340E-02,  2.67092E-02,  2.67250E-02,  2.66812E-02,  2.65786E-02,  2.64188E-02,  2.62042E-02,  2.59382E-02,  2.56245E-02,  2.52676E-02,  2.48723E-02,  2.44436E-02,  2.39865E-02,  2.35062E-02,  2.30074E-02,  2.24950E-02,  2.19732E-02,NA,NA,NA,NA,NA,NA,NA,NA,NA,NA,NA,NA,NA,NA,NA,NA,NA,NA,
NA,NA,NA,NA,NA,NA,NA,NA,NA,NA,NA,NA,NA,NA,NA,NA,  2.17728E-02,  2.23535E-02,  2.29325E-02,  2.35056E-02,  2.40682E-02,  2.46148E-02,  2.51401E-02,  2.56381E-02,  2.61029E-02,  2.65284E-02,  2.69088E-02,  2.72386E-02,  2.75128E-02,  2.77271E-02,  2.78780E-02,  2.79631E-02,  2.79810E-02,  2.79314E-02,  2.78152E-02,  2.76344E-02,  2.73920E-02,  2.70918E-02,  2.67386E-02,  2.63377E-02,  2.58947E-02,  2.54155E-02,  2.49062E-02,  2.43726E-02,  2.38204E-02,  2.32549E-02,  2.26812E-02,  2.21037E-02,  2.15264E-02,NA,NA,NA,NA,NA,NA,NA,NA,NA,NA,NA,NA,NA,NA,NA,NA,
NA,NA,NA,NA,NA,NA,NA,NA,NA,NA,NA,NA,NA,NA,  2.11705E-02,  2.17928E-02,  2.24235E-02,  2.30590E-02,  2.36953E-02,  2.43276E-02,  2.49505E-02,  2.55581E-02,  2.61439E-02,  2.67013E-02,  2.72230E-02,  2.77021E-02,  2.81315E-02,  2.85046E-02,  2.88154E-02,  2.90588E-02,  2.92304E-02,  2.93272E-02,  2.93476E-02,  2.92912E-02,  2.91590E-02,  2.89536E-02,  2.86786E-02,  2.83386E-02,  2.79395E-02,  2.74875E-02,  2.69894E-02,  2.64522E-02,  2.58831E-02,  2.52889E-02,  2.46762E-02,  2.40512E-02,  2.34194E-02,  2.27859E-02,  2.21551E-02,  2.15308E-02,  2.09161E-02,NA,NA,NA,NA,NA,NA,NA,NA,NA,NA,NA,NA,NA,NA,
NA,NA,NA,NA,NA,NA,NA,NA,NA,NA,NA,NA,NA,  2.10688E-02,  2.17298E-02,  2.24060E-02,  2.30941E-02,  2.37904E-02,  2.44905E-02,  2.51892E-02,  2.58803E-02,  2.65571E-02,  2.72123E-02,  2.78378E-02,  2.84254E-02,  2.89667E-02,  2.94533E-02,  2.98772E-02,  3.02311E-02,  3.05086E-02,  3.07046E-02,  3.08153E-02,  3.08387E-02,  3.07743E-02,  3.06234E-02,  3.03890E-02,  3.00757E-02,  2.96891E-02,  2.92363E-02,  2.87248E-02,  2.81629E-02,  2.75589E-02,  2.69212E-02,  2.62580E-02,  2.55767E-02,  2.48845E-02,  2.41877E-02,  2.34920E-02,  2.28021E-02,  2.21221E-02,  2.14555E-02,  2.08048E-02,NA,NA,NA,NA,NA,NA,NA,NA,NA,NA,NA,NA,NA,
NA,NA,NA,NA,NA,NA,NA,NA,NA,NA,NA,  2.02184E-02,  2.08883E-02,  2.15817E-02,  2.22970E-02,  2.30317E-02,  2.37828E-02,  2.45464E-02,  2.53177E-02,  2.60908E-02,  2.68590E-02,  2.76147E-02,  2.83493E-02,  2.90535E-02,  2.97176E-02,  3.03315E-02,  3.08851E-02,  3.13688E-02,  3.17735E-02,  3.20916E-02,  3.23165E-02,  3.24438E-02,  3.24708E-02,  3.23969E-02,  3.22239E-02,  3.19553E-02,  3.15967E-02,  3.11552E-02,  3.06394E-02,  3.00584E-02,  2.94223E-02,  2.87410E-02,  2.80244E-02,  2.72822E-02,  2.65231E-02,  2.57552E-02,  2.49857E-02,  2.42207E-02,  2.34657E-02,  2.27248E-02,  2.20017E-02,  2.12989E-02,  2.06186E-02,  1.99621E-02,NA,NA,NA,NA,NA,NA,NA,NA,NA,NA,NA,
NA,NA,NA,NA,NA,NA,NA,NA,NA,NA,  1.99419E-02,  2.06305E-02,  2.13486E-02,  2.20951E-02,  2.28686E-02,  2.36670E-02,  2.44872E-02,  2.53251E-02,  2.61755E-02,  2.70323E-02,  2.78878E-02,  2.87333E-02,  2.95592E-02,  3.03544E-02,  3.11075E-02,  3.18064E-02,  3.24390E-02,  3.29933E-02,  3.34585E-02,  3.38249E-02,  3.40846E-02,  3.42317E-02,  3.42631E-02,  3.41780E-02,  3.39786E-02,  3.36692E-02,  3.32569E-02,  3.27505E-02,  3.21604E-02,  3.14979E-02,  3.07751E-02,  3.00041E-02,  2.91966E-02,  2.83639E-02,  2.75163E-02,  2.66630E-02,  2.58120E-02,  2.49702E-02,  2.41433E-02,  2.33359E-02,  2.25515E-02,  2.17928E-02,  2.10616E-02,  2.03590E-02,  1.96856E-02,NA,NA,NA,NA,NA,NA,NA,NA,NA,NA,
NA,NA,NA,NA,NA,NA,NA,NA,NA,  1.95995E-02,  2.02989E-02,  2.10329E-02,  2.18016E-02,  2.26045E-02,  2.34406E-02,  2.43079E-02,  2.52035E-02,  2.61232E-02,  2.70618E-02,  2.80124E-02,  2.89667E-02,  2.99149E-02,  3.08458E-02,  3.17466E-02,  3.26037E-02,  3.34025E-02,  3.41284E-02,  3.47669E-02,  3.53043E-02,  3.57287E-02,  3.60301E-02,  3.62013E-02,  3.62382E-02,  3.61398E-02,  3.59087E-02,  3.55507E-02,  3.50743E-02,  3.44906E-02,  3.38124E-02,  3.30538E-02,  3.22294E-02,  3.13539E-02,  3.04413E-02,  2.95049E-02,  2.85565E-02,  2.76067E-02,  2.66645E-02,  2.57375E-02,  2.48316E-02,  2.39517E-02,  2.31012E-02,  2.22826E-02,  2.14974E-02,  2.07464E-02,  2.00297E-02,  1.93472E-02,NA,NA,NA,NA,NA,NA,NA,NA,NA,
NA,NA,NA,NA,NA,NA,NA,NA,  1.91976E-02,  1.98993E-02,  2.06400E-02,  2.14208E-02,  2.22424E-02,  2.31049E-02,  2.40076E-02,  2.49491E-02,  2.59267E-02,  2.69365E-02,  2.79729E-02,  2.90287E-02,  3.00949E-02,  3.11604E-02,  3.22123E-02,  3.32359E-02,  3.42149E-02,  3.51318E-02,  3.59687E-02,  3.67077E-02,  3.73320E-02,  3.78264E-02,  3.81785E-02,  3.83790E-02,  3.84227E-02,  3.83084E-02,  3.80393E-02,  3.76226E-02,  3.70693E-02,  3.63931E-02,  3.56100E-02,  3.47377E-02,  3.37938E-02,  3.27962E-02,  3.17618E-02,  3.07061E-02,  2.96429E-02,  2.85842E-02,  2.75400E-02,  2.65185E-02,  2.55260E-02,  2.45674E-02,  2.36458E-02,  2.27634E-02,  2.19213E-02,  2.11197E-02,  2.03584E-02,  1.96364E-02,  1.89525E-02,NA,NA,NA,NA,NA,NA,NA,NA,
NA,NA,NA,NA,NA,NA,NA,  1.87435E-02,  1.94392E-02,  2.01773E-02,  2.09599E-02,  2.17886E-02,  2.26650E-02,  2.35898E-02,  2.45632E-02,  2.55841E-02,  2.66506E-02,  2.77588E-02,  2.89035E-02,  3.00771E-02,  3.12698E-02,  3.24694E-02,  3.36611E-02,  3.48278E-02,  3.59500E-02,  3.70069E-02,  3.79764E-02,  3.88364E-02,  3.95658E-02,  4.01454E-02,  4.05594E-02,  4.07960E-02,  4.08483E-02,  4.07148E-02,  4.03997E-02,  3.99120E-02,  3.92657E-02,  3.84782E-02,  3.75697E-02,  3.65619E-02,  3.54770E-02,  3.43364E-02,  3.31604E-02,  3.19674E-02,  3.07733E-02,  2.95917E-02,  2.84336E-02,  2.73078E-02,  2.62207E-02,  2.51769E-02,  2.41793E-02,  2.32294E-02,  2.23278E-02,  2.14740E-02,  2.06670E-02,  1.99050E-02,  1.91864E-02,  1.85090E-02,NA,NA,NA,NA,NA,NA,NA,
NA,NA,NA,NA,NA,NA,  1.82461E-02,  1.89280E-02,  1.96545E-02,  2.04284E-02,  2.12527E-02,  2.21299E-02,  2.30623E-02,  2.40517E-02,  2.50991E-02,  2.62045E-02,  2.73665E-02,  2.85820E-02,  2.98461E-02,  3.11512E-02,  3.24868E-02,  3.38396E-02,  3.51928E-02,  3.65264E-02,  3.78177E-02,  3.90412E-02,  4.01698E-02,  4.11762E-02,  4.20335E-02,  4.27176E-02,  4.32078E-02,  4.34891E-02,  4.35525E-02,  4.33960E-02,  4.30247E-02,  4.24506E-02,  4.16912E-02,  4.07690E-02,  3.97095E-02,  3.85399E-02,  3.72876E-02,  3.59789E-02,  3.46382E-02,  3.32870E-02,  3.19437E-02,  3.06236E-02,  2.93387E-02,  2.80980E-02,  2.69080E-02,  2.57727E-02,  2.46944E-02,  2.36738E-02,  2.27106E-02,  2.18033E-02,  2.09500E-02,  2.01482E-02,  1.93953E-02,  1.86884E-02,  1.80247E-02,NA,NA,NA,NA,NA,NA,
NA,NA,NA,NA,NA,NA,  1.83758E-02,  1.90823E-02,  1.98381E-02,  2.06467E-02,  2.15119E-02,  2.24373E-02,  2.34262E-02,  2.44816E-02,  2.56057E-02,  2.67998E-02,  2.80637E-02,  2.93954E-02,  3.07904E-02,  3.22415E-02,  3.37381E-02,  3.52656E-02,  3.68054E-02,  3.83344E-02,  3.98255E-02,  4.12480E-02,  4.25686E-02,  4.37530E-02,  4.47673E-02,  4.55802E-02,NA,NA,NA,NA,NA,  4.52754E-02,  4.43777E-02,  4.32915E-02,  4.20493E-02,  4.06854E-02,  3.92339E-02,  3.77272E-02,  3.61943E-02,  3.46608E-02,  3.31477E-02,  3.16719E-02,  3.02461E-02,  2.88796E-02,  2.75783E-02,  2.63454E-02,  2.51823E-02,  2.40884E-02,  2.30620E-02,  2.21008E-02,  2.12014E-02,  2.03605E-02,  1.95744E-02,  1.88395E-02,  1.81520E-02,NA,NA,NA,NA,NA,NA,
NA,NA,NA,NA,NA,  1.77934E-02,  1.84729E-02,  1.92018E-02,  1.99846E-02,  2.08258E-02,  2.17300E-02,  2.27022E-02,  2.37470E-02,  2.48687E-02,  2.60713E-02,  2.73575E-02,  2.87288E-02,  3.01848E-02,  3.17223E-02,  3.33349E-02,  3.50120E-02,  3.67385E-02,  3.84936E-02,  4.02510E-02,  4.19788E-02,  4.36399E-02,  4.51932E-02,  4.65955E-02,NA,NA,NA,NA,NA,NA,NA,NA,NA,  4.60750E-02,  4.46104E-02,  4.30122E-02,  4.13229E-02,  3.95822E-02,  3.78252E-02,  3.60816E-02,  3.43755E-02,  3.27251E-02,  3.11438E-02,  2.96403E-02,  2.82197E-02,  2.68838E-02,  2.56324E-02,  2.44634E-02,  2.33736E-02,  2.23588E-02,  2.14145E-02,  2.05361E-02,  1.97187E-02,  1.89577E-02,  1.82486E-02,  1.75873E-02,NA,NA,NA,NA,NA,
NA,NA,NA,NA,  1.71915E-02,  1.78381E-02,  1.85332E-02,  1.92814E-02,  2.00881E-02,  2.09586E-02,  2.18990E-02,  2.29153E-02,  2.40139E-02,  2.52008E-02,  2.64818E-02,  2.78620E-02,  2.93450E-02,  3.09326E-02,  3.26235E-02,  3.44130E-02,  3.62915E-02,  3.82433E-02,  4.02464E-02,  4.22709E-02,  4.42795E-02,  4.62274E-02,NA,NA,NA,NA,NA,NA,NA,NA,NA,NA,NA,NA,NA,  4.55333E-02,  4.35591E-02,  4.15416E-02,  3.95230E-02,  3.75378E-02,  3.56129E-02,  3.37678E-02,  3.20158E-02,  3.03646E-02,  2.88174E-02,  2.73742E-02,  2.60325E-02,  2.47880E-02,  2.36355E-02,  2.25689E-02,  2.15820E-02,  2.06686E-02,  1.98227E-02,  1.90385E-02,  1.83106E-02,  1.76341E-02,  1.70042E-02,NA,NA,NA,NA,
NA,NA,NA,NA,  1.71897E-02,  1.78454E-02,  1.85523E-02,  1.93160E-02,  2.01423E-02,  2.10380E-02,  2.20101E-02,  2.30664E-02,  2.42148E-02,  2.54636E-02,  2.68212E-02,  2.82950E-02,  2.98918E-02,  3.16162E-02,  3.34702E-02,  3.54514E-02,  3.75523E-02,  3.97580E-02,  4.20454E-02,  4.43816E-02,  4.67232E-02,NA,NA,NA,NA,NA,NA,NA,NA,NA,NA,NA,NA,NA,NA,NA,  4.59431E-02,  4.35978E-02,  4.12740E-02,  3.90116E-02,  3.68400E-02,  3.47793E-02,  3.28418E-02,  3.10329E-02,  2.93535E-02,  2.78003E-02,  2.63680E-02,  2.50495E-02,  2.38368E-02,  2.27217E-02,  2.16958E-02,  2.07514E-02,  1.98808E-02,  1.90771E-02,  1.83340E-02,  1.76456E-02,  1.70066E-02,NA,NA,NA,NA,
NA,NA,NA,  1.65385E-02,  1.71511E-02,  1.78118E-02,  1.85261E-02,  1.93002E-02,  2.01410E-02,  2.10561E-02,  2.20540E-02,  2.31441E-02,  2.43363E-02,  2.56415E-02,  2.70707E-02,  2.86348E-02,  3.03443E-02,  3.22079E-02,  3.42318E-02,  3.64177E-02,  3.87613E-02,  4.12503E-02,  4.38617E-02,  4.65602E-02,NA,NA,NA,NA,NA,NA,NA,NA,NA,NA,NA,NA,NA,NA,NA,NA,NA,  4.57354E-02,  4.30566E-02,  4.04775E-02,  3.80297E-02,  3.57326E-02,  3.35958E-02,  3.16216E-02,  2.98064E-02,  2.81433E-02,  2.66226E-02,  2.52338E-02,  2.39656E-02,  2.28070E-02,  2.17476E-02,  2.07773E-02,  1.98871E-02,  1.90688E-02,  1.83148E-02,  1.76185E-02,  1.69741E-02,  1.63762E-02,NA,NA,NA,
NA,NA,NA,  1.64613E-02,  1.70729E-02,  1.77340E-02,  1.84505E-02,  1.92293E-02,  2.00779E-02,  2.10052E-02,  2.20211E-02,  2.31367E-02,  2.43642E-02,  2.57170E-02,  2.72095E-02,  2.88566E-02,  3.06735E-02,  3.26741E-02,  3.48703E-02,  3.72698E-02,  3.98740E-02,  4.26748E-02,  4.56517E-02,  4.87683E-02,NA,NA,NA,NA,NA,NA,NA,NA,NA,NA,NA,NA,NA,NA,NA,NA,NA,  4.79275E-02,  4.48375E-02,  4.18994E-02,  3.91455E-02,  3.65925E-02,  3.42456E-02,  3.21015E-02,  3.01509E-02,  2.83812E-02,  2.67777E-02,  2.53253E-02,  2.40089E-02,  2.28144E-02,  2.17286E-02,  2.07393E-02,  1.98359E-02,  1.90088E-02,  1.82493E-02,  1.75500E-02,  1.69044E-02,  1.63066E-02,NA,NA,NA,
NA,NA,  1.57856E-02,  1.63471E-02,  1.69531E-02,  1.76093E-02,  1.83219E-02,  1.90983E-02,  1.99470E-02,  2.08779E-02,  2.19020E-02,  2.30323E-02,  2.42833E-02,  2.56713E-02,  2.72145E-02,  2.89324E-02,  3.08455E-02,  3.29746E-02,  3.53390E-02,  3.79547E-02,  4.08314E-02,  4.39688E-02,  4.73519E-02,NA,NA,NA,NA,NA,NA,NA,NA,NA,NA,NA,NA,NA,NA,NA,NA,NA,NA,NA,  4.65682E-02,  4.32275E-02,  4.01392E-02,  3.73146E-02,  3.47515E-02,  3.24381E-02,  3.03575E-02,  2.84894E-02,  2.68129E-02,  2.53073E-02,  2.39533E-02,  2.27329E-02,  2.16300E-02,  2.06305E-02,  1.97217E-02,  1.88927E-02,  1.81339E-02,  1.74372E-02,  1.67952E-02,  1.62020E-02,  1.56520E-02,NA,NA,
NA,NA,  1.56433E-02,  1.61945E-02,  1.67899E-02,  1.74351E-02,  1.81370E-02,  1.89033E-02,  1.97431E-02,  2.06670E-02,  2.16875E-02,  2.28191E-02,  2.40786E-02,  2.54853E-02,  2.70613E-02,  2.88313E-02,  3.08221E-02,  3.30626E-02,  3.55816E-02,  3.84061E-02,  4.15578E-02,  4.50484E-02,NA,NA,NA,NA,NA,NA,NA,NA,NA,NA,NA,NA,NA,NA,NA,NA,NA,NA,NA,NA,NA,  4.43944E-02,  4.09486E-02,  3.78437E-02,  3.50656E-02,  3.25913E-02,  3.03928E-02,  2.84407E-02,  2.67063E-02,  2.51625E-02,  2.37848E-02,  2.25515E-02,  2.14435E-02,  2.04442E-02,  1.95393E-02,  1.87166E-02,  1.79658E-02,  1.72778E-02,  1.66450E-02,  1.60609E-02,  1.55199E-02,NA,NA,
NA,  1.49686E-02,  1.54666E-02,  1.60027E-02,  1.65819E-02,  1.72100E-02,  1.78936E-02,  1.86410E-02,  1.94615E-02,  2.03665E-02,  2.13694E-02,  2.24861E-02,  2.37356E-02,  2.51398E-02,  2.67250E-02,  2.85209E-02,  3.05619E-02,  3.28856E-02,  3.55327E-02,  3.85442E-02,  4.19582E-02,NA,NA,NA,NA,NA,NA,NA,NA,NA,NA,NA,NA,NA,NA,NA,NA,NA,NA,NA,NA,NA,NA,NA,  4.14950E-02,  3.81122E-02,  3.51319E-02,  3.25151E-02,  3.02202E-02,  2.82062E-02,  2.64353E-02,  2.48733E-02,  2.34902E-02,  2.22602E-02,  2.11613E-02,  2.01746E-02,  1.92844E-02,  1.84774E-02,  1.77425E-02,  1.70701E-02,  1.64523E-02,  1.58825E-02,  1.53550E-02,  1.48648E-02,NA,
NA,  1.47755E-02,  1.52554E-02,  1.57716E-02,  1.63289E-02,  1.69329E-02,  1.75903E-02,  1.83092E-02,  1.90991E-02,  1.99718E-02,  2.09412E-02,  2.20242E-02,  2.32413E-02,  2.46171E-02,  2.61812E-02,  2.79688E-02,  3.00214E-02,  3.23868E-02,  3.51189E-02,  3.82758E-02,NA,NA,NA,NA,NA,NA,NA,NA,NA,NA,NA,NA,NA,NA,NA,NA,NA,NA,NA,NA,NA,NA,NA,NA,NA,  3.80401E-02,  3.48861E-02,  3.21592E-02,  2.98007E-02,  2.77562E-02,  2.59776E-02,  2.44230E-02,  2.30571E-02,  2.18500E-02,  2.07768E-02,  1.98171E-02,  1.89538E-02,  1.81728E-02,  1.74625E-02,  1.68131E-02,  1.62167E-02,  1.56666E-02,  1.51570E-02,  1.46833E-02,NA,
  1.41248E-02,  1.45527E-02,  1.50104E-02,  1.55018E-02,  1.60312E-02,  1.66042E-02,  1.72269E-02,  1.79072E-02,  1.86545E-02,  1.94802E-02,  2.03984E-02,  2.14264E-02,  2.25855E-02,  2.39022E-02,  2.54086E-02,  2.71446E-02,  2.91585E-02,  3.15080E-02,  3.42615E-02,NA,NA,NA,NA,NA,NA,NA,NA,NA,NA,NA,NA,NA,NA,NA,NA,NA,NA,NA,NA,NA,NA,NA,NA,NA,NA,NA,  3.42580E-02,  3.14707E-02,  2.90951E-02,  2.70621E-02,  2.53125E-02,  2.37972E-02,  2.24753E-02,  2.13138E-02,  2.02855E-02,  1.93687E-02,  1.85456E-02,  1.78017E-02,  1.71253E-02,  1.65068E-02,  1.59383E-02,  1.54133E-02,  1.49264E-02,  1.44730E-02,NA,
  1.38968E-02,  1.43013E-02,  1.47327E-02,  1.51944E-02,  1.56902E-02,  1.62250E-02,  1.68046E-02,  1.74361E-02,  1.81281E-02,  1.88915E-02,  1.97397E-02,  2.06895E-02,  2.17623E-02,  2.29848E-02,  2.43908E-02,  2.60232E-02,  2.79355E-02,  3.01945E-02,NA,NA,NA,NA,NA,NA,NA,NA,NA,NA,NA,NA,NA,NA,NA,NA,NA,NA,NA,NA,NA,NA,NA,NA,NA,NA,NA,NA,  3.31747E-02,  3.03973E-02,  2.80669E-02,  2.60986E-02,  2.44232E-02,  2.29846E-02,  2.17378E-02,  2.06474E-02,  1.96851E-02,  1.88285E-02,  1.80597E-02,  1.73646E-02,  1.67318E-02,  1.61522E-02,  1.56182E-02,  1.51239E-02,  1.46643E-02,  1.42352E-02,  1.38331E-02,
  1.36453E-02,  1.40232E-02,  1.44244E-02,  1.48516E-02,  1.53082E-02,  1.57981E-02,  1.63262E-02,  1.68986E-02,  1.75228E-02,  1.82083E-02,  1.89672E-02,  1.98148E-02,  2.07709E-02,  2.18613E-02,  2.31193E-02,  2.45884E-02,  2.63249E-02,  2.84018E-02,NA,NA,NA,NA,NA,NA,NA,NA,NA,NA,NA,NA,NA,NA,NA,NA,NA,NA,NA,NA,NA,NA,NA,NA,NA,NA,NA,NA,NA,  2.88928E-02,  2.66859E-02,  2.48472E-02,  2.32986E-02,  2.19793E-02,  2.08421E-02,  1.98505E-02,  1.89764E-02,  1.81979E-02,  1.74981E-02,  1.68636E-02,  1.62840E-02,  1.57511E-02,  1.52582E-02,  1.48000E-02,  1.43722E-02,  1.39711E-02,  1.35938E-02,
  1.33722E-02,  1.37206E-02,  1.40880E-02,  1.44765E-02,  1.48885E-02,  1.53272E-02,  1.57960E-02,  1.62997E-02,  1.68442E-02,  1.74368E-02,  1.80873E-02,  1.88085E-02,  1.96174E-02,  2.05365E-02,  2.15961E-02,  2.28372E-02,  2.43149E-02,NA,NA,NA,NA,NA,NA,NA,NA,NA,NA,NA,NA,NA,NA,NA,NA,NA,NA,NA,NA,NA,NA,NA,NA,NA,NA,NA,NA,NA,NA,NA,  2.49336E-02,  2.32989E-02,  2.19360E-02,  2.07824E-02,  1.97911E-02,  1.89271E-02,  1.81638E-02,  1.74815E-02,  1.68649E-02,  1.63026E-02,  1.57855E-02,  1.53069E-02,  1.48612E-02,  1.44442E-02,  1.40523E-02,  1.36828E-02,  1.33333E-02,
  1.30800E-02,  1.33961E-02,  1.37266E-02,  1.40727E-02,  1.44357E-02,  1.48174E-02,  1.52201E-02,  1.56465E-02,  1.61003E-02,  1.65862E-02,  1.71109E-02,  1.76833E-02,  1.83156E-02,  1.90253E-02,  1.98365E-02,  2.07838E-02,  2.19158E-02,NA,NA,NA,NA,NA,NA,NA,NA,NA,NA,NA,NA,NA,NA,NA,NA,NA,NA,NA,NA,NA,NA,NA,NA,NA,NA,NA,NA,NA,NA,NA,  2.28085E-02,  2.14589E-02,  2.03437E-02,  1.94033E-02,  1.85945E-02,  1.78862E-02,  1.72558E-02,  1.66868E-02,  1.61669E-02,  1.56874E-02,  1.52414E-02,  1.48240E-02,  1.44311E-02,  1.40598E-02,  1.37077E-02,  1.33728E-02,  1.30535E-02,
  1.27714E-02,  1.30532E-02,  1.33442E-02,  1.36447E-02,  1.39549E-02,  1.42752E-02,  1.46060E-02,  1.49479E-02,  1.53019E-02,  1.56697E-02,  1.60535E-02,  1.64574E-02,  1.68876E-02,  1.73536E-02,  1.78707E-02,  1.84624E-02,  1.91651E-02,NA,NA,NA,NA,NA,NA,NA,NA,NA,NA,NA,NA,NA,NA,NA,NA,NA,NA,NA,NA,NA,NA,NA,NA,NA,NA,NA,NA,NA,NA,NA,  2.03317E-02,  1.93492E-02,  1.85428E-02,  1.78612E-02,  1.72693E-02,  1.67428E-02,  1.62650E-02,  1.58245E-02,  1.54133E-02,  1.50259E-02,  1.46583E-02,  1.43079E-02,  1.39725E-02,  1.36508E-02,  1.33416E-02,  1.30439E-02,  1.27571E-02,
  1.24494E-02,  1.26953E-02,  1.29450E-02,  1.31977E-02,  1.34524E-02,  1.37078E-02,  1.39625E-02,  1.42147E-02,  1.44623E-02,  1.47031E-02,  1.49349E-02,  1.51554E-02,  1.53633E-02,  1.55586E-02,  1.57444E-02,  1.59291E-02,NA,NA,NA,NA,NA,NA,NA,NA,NA,NA,NA,NA,NA,NA,NA,NA,NA,NA,NA,NA,NA,NA,NA,NA,NA,NA,NA,NA,NA,NA,NA,NA,NA,  1.70113E-02,  1.65685E-02,  1.61858E-02,  1.58400E-02,  1.55170E-02,  1.52081E-02,  1.49085E-02,  1.46154E-02,  1.43274E-02,  1.40440E-02,  1.37652E-02,  1.34910E-02,  1.32219E-02,  1.29579E-02,  1.26996E-02,  1.24470E-02,
  1.21174E-02,  1.23264E-02,  1.25337E-02,  1.27372E-02,  1.29348E-02,  1.31235E-02,  1.32997E-02,  1.34591E-02,  1.35964E-02,  1.37053E-02,  1.37783E-02,  1.38064E-02,  1.37797E-02,  1.36870E-02,  1.35171E-02,  1.32601E-02,NA,NA,NA,NA,NA,NA,NA,NA,NA,NA,NA,NA,NA,NA,NA,NA,NA,NA,NA,NA,NA,NA,NA,NA,NA,NA,NA,NA,NA,NA,NA,NA,NA,  1.45064E-02,  1.44699E-02,  1.44160E-02,  1.43379E-02,  1.42340E-02,  1.41055E-02,  1.39552E-02,  1.37866E-02,  1.36029E-02,  1.34075E-02,  1.32033E-02,  1.29928E-02,  1.27781E-02,  1.25611E-02,  1.23433E-02,  1.21260E-02,
  1.17788E-02,  1.19507E-02,  1.21152E-02,  1.22693E-02,  1.24093E-02,  1.25308E-02,  1.26281E-02,  1.26942E-02,  1.27206E-02,  1.26966E-02,  1.26094E-02,  1.24431E-02,  1.21785E-02,  1.17928E-02,  1.12593E-02,  1.05475E-02,NA,NA,NA,NA,NA,NA,NA,NA,NA,NA,NA,NA,NA,NA,NA,NA,NA,NA,NA,NA,NA,NA,NA,NA,NA,NA,NA,NA,NA,NA,NA,NA,NA,  1.19131E-02,  1.23077E-02,  1.25994E-02,  1.28002E-02,  1.29230E-02,  1.29802E-02,  1.29831E-02,  1.29417E-02,  1.28645E-02,  1.27587E-02,  1.26303E-02,  1.24843E-02,  1.23250E-02,  1.21556E-02,  1.19791E-02,  1.17976E-02,
  1.14371E-02,  1.15722E-02,  1.16944E-02,  1.17998E-02,  1.18832E-02,  1.19387E-02,  1.19586E-02,  1.19335E-02,  1.18514E-02,  1.16980E-02,  1.14549E-02,  1.10995E-02,  1.06039E-02,  9.93371E-03,  9.04671E-03,NA,NA,NA,NA,NA,NA,NA,NA,NA,NA,NA,NA,NA,NA,NA,NA,NA,NA,NA,NA,NA,NA,NA,NA,NA,NA,NA,NA,NA,NA,NA,NA,NA,NA,NA,  1.01507E-02,  1.07883E-02,  1.12671E-02,  1.16154E-02,  1.18569E-02,  1.20118E-02,  1.20965E-02,  1.21247E-02,  1.21076E-02,  1.20544E-02,  1.19726E-02,  1.18682E-02,  1.17462E-02,  1.16107E-02,  1.14650E-02,
  1.10959E-02,  1.11952E-02,  1.12764E-02,  1.13346E-02,  1.13636E-02,  1.13559E-02,  1.13019E-02,  1.11899E-02,  1.10054E-02,  1.07300E-02,  1.03407E-02,  9.80909E-03,  9.09914E-03,  8.16609E-03,  6.95419E-03,NA,NA,NA,NA,NA,NA,NA,NA,NA,NA,NA,NA,NA,NA,NA,NA,NA,NA,NA,NA,NA,NA,NA,NA,NA,NA,NA,NA,NA,NA,NA,NA,NA,NA,NA,  8.07054E-03,  9.03681E-03,  9.78018E-03,  1.03432E-02,  1.07607E-02,  1.10608E-02,  1.12664E-02,  1.13960E-02,  1.14645E-02,  1.14840E-02,  1.14643E-02,  1.14134E-02,  1.13376E-02,  1.12423E-02,  1.11316E-02,
  1.07584E-02,  1.08235E-02,  1.08657E-02,  1.08793E-02,  1.08572E-02,  1.07903E-02,  1.06678E-02,  1.04758E-02,  1.01975E-02,  9.81144E-03,  9.29084E-03,  8.60217E-03,  7.70320E-03,  6.54092E-03,  5.04885E-03,NA,NA,NA,NA,NA,NA,NA,NA,NA,NA,NA,NA,NA,NA,NA,NA,NA,NA,NA,NA,NA,NA,NA,NA,NA,NA,NA,NA,NA,NA,NA,NA,NA,NA,NA,  6.13508E-03,  7.39624E-03,  8.37845E-03,  9.13668E-03,  9.71503E-03,  1.01488E-02,  1.04664E-02,  1.06904E-02,  1.08390E-02,  1.09270E-02,  1.09661E-02,  1.09660E-02,  1.09344E-02,  1.08775E-02,  1.08006E-02,
  1.04277E-02,  1.04607E-02,  1.04666E-02,  1.04391E-02,  1.03699E-02,  1.02493E-02,  1.00650E-02,  9.80182E-03,  9.44088E-03,  8.95856E-03,  8.32532E-03,  7.50410E-03,  6.44833E-03,  5.09952E-03,NA,NA,NA,NA,NA,NA,NA,NA,NA,NA,NA,NA,NA,NA,NA,NA,NA,NA,NA,NA,NA,NA,NA,NA,NA,NA,NA,NA,NA,NA,NA,NA,NA,NA,NA,NA,NA,  5.91097E-03,  7.09612E-03,  8.02239E-03,  8.74095E-03,  9.29258E-03,  9.70983E-03,  1.00187E-02,  1.02401E-02,  1.03907E-02,  1.04840E-02,  1.05311E-02,  1.05407E-02,  1.05200E-02,  1.04750E-02,
  1.01065E-02,  1.01100E-02,  1.00829E-02,  1.00181E-02,  9.90702E-03,  9.73898E-03,  9.50091E-03,  9.17661E-03,  8.74599E-03,  8.18406E-03,  7.45966E-03,  6.53383E-03,  5.35785E-03,  3.87076E-03,NA,NA,NA,NA,NA,NA,NA,NA,NA,NA,NA,NA,NA,NA,NA,NA,NA,NA,NA,NA,NA,NA,NA,NA,NA,NA,NA,NA,NA,NA,NA,NA,NA,NA,NA,NA,NA,  4.61519E-03,  5.96004E-03,  7.02166E-03,  7.85550E-03,  8.50583E-03,  9.00797E-03,  9.39021E-03,  9.67526E-03,  9.88139E-03,  1.00234E-02,  1.01131E-02,  1.01604E-02,  1.01730E-02,  1.01576E-02,
  9.79728E-03,  9.77424E-03,  9.71767E-03,  9.62017E-03,  9.47271E-03,  9.26421E-03,  8.98112E-03,  8.60672E-03,  8.12042E-03,  7.49672E-03,  6.70401E-03,  5.70307E-03,  4.44517E-03,  2.86979E-03,NA,NA,NA,NA,NA,NA,NA,NA,NA,NA,NA,NA,NA,NA,NA,NA,NA,NA,NA,NA,NA,NA,NA,NA,NA,NA,NA,NA,NA,NA,NA,NA,NA,NA,NA,NA,NA,  3.53073E-03,  4.98823E-03,  6.14937E-03,  7.07105E-03,  7.79886E-03,  8.36942E-03,  8.81213E-03,  9.15072E-03,  9.40433E-03,  9.58850E-03,  9.71585E-03,  9.79666E-03,  9.83935E-03,  9.85083E-03,
  9.50193E-03,  9.45551E-03,  9.37339E-03,  9.24797E-03,  9.07005E-03,  8.82843E-03,  8.50943E-03,  8.09634E-03,  7.56867E-03,  6.90126E-03,  6.06317E-03,  5.01632E-03,  3.71387E-03,  2.09832E-03,NA,NA,NA,NA,NA,NA,NA,NA,NA,NA,NA,NA,NA,NA,NA,NA,NA,NA,NA,NA,NA,NA,NA,NA,NA,NA,NA,NA,NA,NA,NA,NA,NA,NA,NA,NA,NA,  2.66644E-03,  4.18928E-03,  5.41357E-03,  6.39489E-03,  7.17823E-03,  7.79997E-03,  8.28958E-03,  8.67093E-03,  8.96344E-03,  9.18293E-03,  9.34233E-03,  9.45222E-03,  9.52130E-03,  9.55673E-03,
  9.22199E-03,  9.15550E-03,  9.05185E-03,  8.90342E-03,  8.70106E-03,  8.43368E-03,  8.08788E-03,  7.64734E-03,  7.09227E-03,  6.39855E-03,  5.53683E-03,  4.47136E-03,  3.15873E-03,  1.54633E-03,NA,NA,NA,NA,NA,NA,NA,NA,NA,NA,NA,NA,NA,NA,NA,NA,NA,NA,NA,NA,NA,NA,NA,NA,NA,NA,NA,NA,NA,NA,NA,NA,NA,NA,NA,NA,NA,  2.01901E-03,  3.56287E-03,  4.81560E-03,  5.82931E-03,  6.64667E-03,  7.30254E-03,  7.82544E-03,  8.23867E-03,  8.56132E-03,  8.80906E-03,  8.99477E-03,  9.12906E-03,  9.22070E-03,  9.27696E-03,
  8.95852E-03,  8.87532E-03,  8.75415E-03,  8.58758E-03,  8.36667E-03,  8.08071E-03,  7.71682E-03,  7.25949E-03,  6.69006E-03,  5.98604E-03,  5.12034E-03,  4.06044E-03,  2.76736E-03,  1.19466E-03,NA,NA,NA,NA,NA,NA,NA,NA,NA,NA,NA,NA,NA,NA,NA,NA,NA,NA,NA,NA,NA,NA,NA,NA,NA,NA,NA,NA,NA,NA,NA,NA,NA,NA,NA,NA,NA,  1.57495E-03,  3.10086E-03,  4.35091E-03,  5.37208E-03,  6.20344E-03,  6.87734E-03,  7.42051E-03,  7.85507E-03,  8.19929E-03,  8.46827E-03,  8.67456E-03,  8.82854E-03,  8.93886E-03,  9.01273E-03,
  8.71219E-03,  8.61553E-03,  8.48077E-03,  8.30073E-03,  8.06688E-03,  7.76905E-03,  7.39515E-03,  6.93075E-03,  6.35865E-03,  5.65839E-03,  4.80563E-03,  3.77158E-03,  2.52229E-03,  1.01805E-03,NA,NA,NA,NA,NA,NA,NA,NA,NA,NA,NA,NA,NA,NA,NA,NA,NA,NA,NA,NA,NA,NA,NA,NA,NA,NA,NA,NA,NA,NA,NA,NA,NA,NA,NA,NA,NA,  1.31319E-03,  2.78914E-03,  4.01017E-03,  5.01720E-03,  5.84483E-03,  6.52220E-03,  7.07371E-03,  7.51977E-03,  7.87745E-03,  8.16099E-03,  8.38231E-03,  8.55138E-03,  8.67656E-03,  8.76484E-03,
  8.48323E-03,  8.37626E-03,  8.23159E-03,  8.04245E-03,  7.80082E-03,  7.49724E-03,  7.12055E-03,  6.65761E-03,  6.09290E-03,  5.40822E-03,  4.58223E-03,  3.59007E-03,  2.40298E-03,  9.88051E-04,NA,NA,NA,NA,NA,NA,NA,NA,NA,NA,NA,NA,NA,NA,NA,NA,NA,NA,NA,NA,NA,NA,NA,NA,NA,NA,NA,NA,NA,NA,NA,NA,NA,NA,NA,NA,NA,  1.20799E-03,  2.60954E-03,  3.78064E-03,  4.75579E-03,  5.56475E-03,  6.23304E-03,  6.78235E-03,  7.23110E-03,  7.59485E-03,  7.88676E-03,  8.11793E-03,  8.29773E-03,  8.43410E-03,  8.53371E-03,
NA,  8.15716E-03,  8.00600E-03,  7.81173E-03,  7.56694E-03,  7.26298E-03,  6.88975E-03,  6.43547E-03,  5.88645E-03,  5.22680E-03,  4.43824E-03,  3.49981E-03,  2.38779E-03,  1.07562E-03,NA,NA,NA,NA,NA,NA,NA,NA,NA,NA,NA,NA,NA,NA,NA,NA,NA,NA,NA,NA,NA,NA,NA,NA,NA,NA,NA,NA,NA,NA,NA,NA,NA,NA,NA,NA,NA,  1.23160E-03,  2.54174E-03,  3.64751E-03,  4.57711E-03,  5.35546E-03,  6.00432E-03,  6.54255E-03,  6.98636E-03,  7.34969E-03,  7.64442E-03,  7.88071E-03,  8.06723E-03,  8.21136E-03,NA,
NA,  7.95759E-03,  7.80298E-03,  7.60709E-03,  7.36316E-03,  7.06341E-03,  6.69884E-03,  6.25908E-03,  5.73225E-03,  5.10477E-03,  4.36128E-03,  3.48453E-03,  2.45540E-03,  1.25307E-03,NA,NA,NA,NA,NA,NA,NA,NA,NA,NA,NA,NA,NA,NA,NA,NA,NA,NA,NA,NA,NA,NA,NA,NA,NA,NA,NA,NA,NA,NA,NA,NA,NA,NA,NA,NA,NA,  1.35653E-03,  2.56497E-03,  3.59515E-03,  4.46947E-03,  5.20824E-03,  5.82959E-03,  6.34954E-03,  6.78209E-03,  7.13945E-03,  7.43219E-03,  7.66944E-03,  7.85906E-03,  8.00784E-03,NA,
NA,  7.77657E-03,  7.62120E-03,  7.42671E-03,  7.18704E-03,  6.89528E-03,  6.54352E-03,  6.12280E-03,  5.62297E-03,  5.03265E-03,  4.33918E-03,  3.52864E-03,  2.58599E-03,  1.49537E-03,NA,NA,NA,NA,NA,NA,NA,NA,NA,NA,NA,NA,NA,NA,NA,NA,NA,NA,NA,NA,NA,NA,NA,NA,NA,NA,NA,NA,NA,NA,NA,NA,NA,NA,NA,NA,NA,  1.55713E-03,  2.65925E-03,  3.60810E-03,  4.42096E-03,  5.11397E-03,  5.70189E-03,  6.19805E-03,  6.61431E-03,  6.96118E-03,  7.24789E-03,  7.48251E-03,  7.67209E-03,  7.82275E-03,NA,
NA,NA,  7.45911E-03,  7.26855E-03,  7.03590E-03,  6.75511E-03,  6.41934E-03,  6.02094E-03,  5.55140E-03,  5.00132E-03,  4.36047E-03,  3.61785E-03,  2.76193E-03,  1.78092E-03,  6.63269E-04,NA,NA,NA,NA,NA,NA,NA,NA,NA,NA,NA,NA,NA,NA,NA,NA,NA,NA,NA,NA,NA,NA,NA,NA,NA,NA,NA,NA,NA,NA,NA,NA,NA,NA,NA,  6.71887E-04,  1.81067E-03,  2.80638E-03,  3.67188E-03,  4.42013E-03,  5.06364E-03,  5.61418E-03,  6.08260E-03,  6.47879E-03,  6.81161E-03,  7.08902E-03,  7.31804E-03,  7.50490E-03,NA,NA,
NA,NA,  7.31499E-03,  7.13041E-03,  6.90696E-03,  6.63939E-03,  6.32189E-03,  5.94800E-03,  5.51069E-03,  5.00233E-03,  4.41481E-03,  3.73961E-03,  2.96810E-03,  2.09178E-03,  1.10280E-03,NA,NA,NA,NA,NA,NA,NA,NA,NA,NA,NA,NA,NA,NA,NA,NA,NA,NA,NA,NA,NA,NA,NA,NA,NA,NA,NA,NA,NA,NA,NA,NA,NA,NA,NA,  1.08697E-03,  2.09784E-03,  2.99036E-03,  3.77341E-03,  4.45639E-03,  5.04874E-03,  5.55964E-03,  5.99778E-03,  6.37122E-03,  6.68737E-03,  6.95294E-03,  7.17398E-03,  7.35590E-03,NA,NA,
NA,NA,NA,  7.01008E-03,  6.79745E-03,  6.54471E-03,  6.24693E-03,  5.89879E-03,  5.49454E-03,  5.02810E-03,  4.49313E-03,  3.88319E-03,  3.19198E-03,  2.41360E-03,NA,NA,NA,NA,NA,NA,NA,NA,NA,NA,NA,NA,NA,NA,NA,NA,NA,NA,NA,NA,NA,NA,NA,NA,NA,NA,NA,NA,NA,NA,NA,NA,NA,NA,NA,NA,NA,  2.40283E-03,  3.19773E-03,  3.90135E-03,  4.52028E-03,  5.06147E-03,  5.53190E-03,  5.93839E-03,  6.28743E-03,  6.58508E-03,  6.83696E-03,  7.04819E-03,NA,NA,NA,
NA,NA,NA,  6.90537E-03,  6.70470E-03,  6.46779E-03,  6.19055E-03,  5.86861E-03,  5.49736E-03,  5.07201E-03,  4.58771E-03,  4.03971E-03,  3.42354E-03,  2.73530E-03,NA,NA,NA,NA,NA,NA,NA,NA,NA,NA,NA,NA,NA,NA,NA,NA,NA,NA,NA,NA,NA,NA,NA,NA,NA,NA,NA,NA,NA,NA,NA,NA,NA,NA,NA,NA,NA,  2.71321E-03,  3.41747E-03,  4.04615E-03,  4.60365E-03,  5.09492E-03,  5.52517E-03,  5.89963E-03,  6.22345E-03,  6.50151E-03,  6.73844E-03,  6.93853E-03,NA,NA,NA,
NA,NA,NA,NA,  6.62617E-03,  6.40562E-03,  6.14916E-03,  5.85325E-03,  5.51423E-03,  5.12841E-03,  4.69216E-03,  4.20204E-03,  3.65502E-03,  3.04868E-03,NA,NA,NA,NA,NA,NA,NA,NA,NA,NA,NA,NA,NA,NA,NA,NA,NA,NA,NA,NA,NA,NA,NA,NA,NA,NA,NA,NA,NA,NA,NA,NA,NA,NA,NA,NA,NA,  3.01954E-03,  3.64089E-03,  4.19999E-03,  4.69961E-03,  5.14314E-03,  5.53435E-03,  5.87719E-03,  6.17564E-03,  6.43361E-03,  6.65486E-03,NA,NA,NA,NA,
NA,NA,NA,NA,  6.55956E-03,  6.35549E-03,  6.11960E-03,  5.84905E-03,  5.54101E-03,  5.19264E-03,  4.80131E-03,  4.36461E-03,  3.88059E-03,  3.34792E-03,NA,NA,NA,NA,NA,NA,NA,NA,NA,NA,NA,NA,NA,NA,NA,NA,NA,NA,NA,NA,NA,NA,NA,NA,NA,NA,NA,NA,NA,NA,NA,NA,NA,NA,NA,NA,NA,  3.31496E-03,  3.86135E-03,  4.35669E-03,  4.80254E-03,  5.20111E-03,  5.55503E-03,  5.86723E-03,  6.14074E-03,  6.37861E-03,  6.58386E-03,NA,NA,NA,NA,
NA,NA,NA,NA,NA,  6.31496E-03,  6.09909E-03,  5.85290E-03,  5.57420E-03,  5.26089E-03,  4.91109E-03,  4.52321E-03,  4.09607E-03,  3.62913E-03,NA,NA,NA,NA,NA,NA,NA,NA,NA,NA,NA,NA,NA,NA,NA,NA,NA,NA,NA,NA,NA,NA,NA,NA,NA,NA,NA,NA,NA,NA,NA,NA,NA,NA,NA,NA,NA,  3.59472E-03,  4.07396E-03,  4.51147E-03,  4.90794E-03,  5.26470E-03,  5.58352E-03,  5.86648E-03,  6.11585E-03,  6.33400E-03,NA,NA,NA,NA,NA,
NA,NA,NA,NA,NA,NA,  6.08526E-03,  5.86216E-03,  5.61096E-03,  5.33014E-03,  5.01841E-03,  4.67476E-03,  4.29863E-03,  3.88997E-03,NA,NA,NA,NA,NA,NA,NA,NA,NA,NA,NA,NA,NA,NA,NA,NA,NA,NA,NA,NA,NA,NA,NA,NA,NA,NA,NA,NA,NA,NA,NA,NA,NA,NA,NA,NA,NA,  3.85579E-03,  4.27532E-03,  4.66080E-03,  5.01234E-03,  5.33061E-03,  5.61673E-03,  5.87213E-03,  6.09849E-03,NA,NA,NA,NA,NA,NA,
NA,NA,NA,NA,NA,NA,  6.07611E-03,  5.87468E-03,  5.64903E-03,  5.39807E-03,  5.12096E-03,  4.81715E-03,  4.48648E-03,  4.12925E-03,NA,NA,NA,NA,NA,NA,NA,NA,NA,NA,NA,NA,NA,NA,NA,NA,NA,NA,NA,NA,NA,NA,NA,NA,NA,NA,NA,NA,NA,NA,NA,NA,NA,NA,NA,NA,NA,  4.09643E-03,  4.46316E-03,  4.80215E-03,  5.11310E-03,  5.39624E-03,  5.65219E-03,  5.88189E-03,  6.08653E-03,NA,NA,NA,NA,NA,NA,
NA,NA,NA,NA,NA,NA,NA,  5.88873E-03,  5.68662E-03,  5.46292E-03,  5.21712E-03,  4.94900E-03,  4.65867E-03,  4.34667E-03,NA,NA,NA,NA,NA,NA,NA,NA,NA,NA,NA,NA,NA,NA,NA,NA,NA,NA,NA,NA,NA,NA,NA,NA,NA,NA,NA,NA,NA,NA,NA,NA,NA,NA,NA,NA,NA,  4.31594E-03,  4.63618E-03,  4.93382E-03,  5.20833E-03,  5.45961E-03,  5.68793E-03,  5.89387E-03,NA,NA,NA,NA,NA,NA,NA,
NA,NA,NA,NA,NA,NA,NA,NA,  5.72238E-03,  5.52342E-03,  5.30580E-03,  5.06952E-03,  4.81488E-03,  4.54253E-03,NA,NA,NA,NA,NA,NA,NA,NA,NA,NA,NA,NA,NA,NA,NA,NA,NA,NA,NA,NA,NA,NA,NA,NA,NA,NA,NA,NA,NA,NA,NA,NA,NA,NA,NA,NA,NA,  4.51431E-03,  4.79375E-03,  5.05478E-03,  5.29673E-03,  5.51927E-03,  5.72245E-03,NA,NA,NA,NA,NA,NA,NA,NA,
NA,NA,NA,NA,NA,NA,NA,NA,NA,  5.57871E-03,  5.38635E-03,  5.17838E-03,  4.95522E-03,  4.71758E-03,NA,NA,NA,NA,NA,NA,NA,NA,NA,NA,NA,NA,NA,NA,NA,NA,NA,NA,NA,NA,NA,NA,NA,NA,NA,NA,NA,NA,NA,NA,NA,NA,NA,NA,NA,NA,NA,  4.69206E-03,  4.93578E-03,  5.16450E-03,  5.37745E-03,  5.57420E-03,NA,NA,NA,NA,NA,NA,NA,NA,NA,
NA,NA,NA,NA,NA,NA,NA,NA,NA,NA,  5.45846E-03,  5.27560E-03,  5.08015E-03,  4.87285E-03,NA,NA,NA,NA,NA,NA,NA,NA,NA,NA,NA,NA,NA,NA,NA,NA,NA,NA,NA,NA,NA,NA,NA,NA,NA,NA,NA,NA,NA,NA,NA,NA,NA,NA,NA,NA,NA,  4.85008E-03,  5.06257E-03,  5.26282E-03,  5.45003E-03,NA,NA,NA,NA,NA,NA,NA,NA,NA,NA,
NA,NA,NA,NA,NA,NA,NA,NA,NA,NA,NA,  5.36141E-03,  5.19034E-03,  5.00954E-03,NA,NA,NA,NA,NA,NA,NA,NA,NA,NA,NA,NA,NA,NA,NA,NA,NA,NA,NA,NA,NA,NA,NA,NA,NA,NA,NA,NA,NA,NA,NA,NA,NA,NA,NA,NA,  4.79524E-03,  4.98945E-03,  5.17468E-03,  5.34988E-03,NA,NA,NA,NA,NA,NA,NA,NA,NA,NA,NA,
NA,NA,NA,NA,NA,NA,NA,NA,NA,NA,NA,NA,NA,  5.12893E-03,  4.96415E-03,NA,NA,NA,NA,NA,NA,NA,NA,NA,NA,NA,NA,NA,NA,NA,NA,NA,NA,NA,NA,NA,NA,NA,NA,NA,NA,NA,NA,NA,NA,NA,NA,NA,NA,NA,  4.94271E-03,  5.11140E-03,NA,NA,NA,NA,NA,NA,NA,NA,NA,NA,NA,NA,NA,
NA,NA,NA,NA,NA,NA,NA,NA,NA,NA,NA,NA,NA,NA,  5.08909E-03,NA,NA,NA,NA,NA,NA,NA,NA,NA,NA,NA,NA,NA,NA,NA,NA,NA,NA,NA,NA,NA,NA,NA,NA,NA,NA,NA,NA,NA,NA,NA,NA,NA,NA,NA,  5.07065E-03,NA,NA,NA,NA,NA,NA,NA,NA,NA,NA,NA,NA,NA,NA,
NA,NA,NA,NA,NA,NA,NA,NA,NA,NA,NA,NA,NA,NA,NA,NA,NA,NA,NA,NA,NA,NA,NA,NA,NA,NA,NA,NA,NA,NA,NA,NA,NA,NA,NA,NA,NA,NA,NA,NA,NA,NA,NA,NA,NA,NA,NA,NA,NA,NA,NA,NA,NA,NA,NA,NA,NA,NA,NA,NA,NA,NA,NA,NA,NA,
NA,NA,NA,NA,NA,NA,NA,NA,NA,NA,NA,NA,NA,NA,NA,NA,NA,NA,NA,NA,NA,NA,NA,NA,NA,NA,NA,NA,NA,NA,NA,NA,NA,NA,NA,NA,NA,NA,NA,NA,NA,NA,NA,NA,NA,NA,NA,NA,NA,NA,NA,NA,NA,NA,NA,NA,NA,NA,NA,NA,NA,NA,NA,NA,NA,
NA,NA,NA,NA,NA,NA,NA,NA,NA,NA,NA,NA,NA,NA,NA,NA,NA,NA,NA,NA,NA,NA,NA,NA,NA,NA,NA,NA,NA,NA,NA,NA,NA,NA,NA,NA,NA,NA,NA,NA,NA,NA,NA,NA,NA,NA,NA,NA,NA,NA,NA,NA,NA,NA,NA,NA,NA,NA,NA,NA,NA,NA,NA,NA,NA,
NA,NA,NA,NA,NA,NA,NA,NA,NA,NA,NA,NA,NA,NA,NA,NA,NA,NA,NA,NA,NA,NA,NA,NA,NA,NA,NA,NA,NA,NA,NA,NA,NA,NA,NA,NA,NA,NA,NA,NA,NA,NA,NA,NA,NA,NA,NA,NA,NA,NA,NA,NA,NA,NA,NA,NA,NA,NA,NA,NA,NA,NA,NA,NA,NA,
NA,NA,NA,NA,NA,NA,NA,NA,NA,NA,NA,NA,NA,NA,NA,NA,NA,NA,NA,NA,NA,NA,NA,NA,NA,NA,NA,NA,NA,NA,NA,NA,NA,NA,NA,NA,NA,NA,NA,NA,NA,NA,NA,NA,NA,NA,NA,NA,NA,NA,NA,NA,NA,NA,NA,NA,NA,NA,NA,NA,NA,NA,NA,NA,NA,
NA,NA,NA,NA,NA,NA,NA,NA,NA,NA,NA,NA,NA,NA,NA,NA,NA,NA,NA,NA,NA,NA,NA,NA,NA,NA,NA,NA,NA,NA,NA,NA,NA,NA,NA,NA,NA,NA,NA,NA,NA,NA,NA,NA,NA,NA,NA,NA,NA,NA,NA,NA,NA,NA,NA,NA,NA,NA,NA,NA,NA,NA,NA,NA,NA,
NA,NA,NA,NA,NA,NA,NA,NA,NA,NA,NA,NA,NA,NA,NA,NA,NA,NA,NA,NA,NA,NA,NA,NA,NA,NA,NA,NA,NA,NA,NA,NA,NA,NA,NA,NA,NA,NA,NA,NA,NA,NA,NA,NA,NA,NA,NA,NA,NA,NA,NA,NA,NA,NA,NA,NA,NA,NA,NA,NA,NA,NA,NA,NA,NA,
NA,NA,NA,NA,NA,NA,NA,NA,NA,NA,NA,NA,NA,NA,NA,NA,NA,NA,NA,NA,NA,NA,NA,NA,NA,NA,NA,NA,NA,NA,NA,NA,NA,NA,NA,NA,NA,NA,NA,NA,NA,NA,NA,NA,NA,NA,NA,NA,NA,NA,NA,NA,NA,NA,NA,NA,NA,NA,NA,NA,NA,NA,NA,NA,NA,
NA,NA,NA,NA,NA,NA,NA,NA,NA,NA,NA,NA,NA,NA,NA,NA,NA,NA,NA,NA,NA,NA,NA,NA,NA,NA,NA,NA,NA,NA,NA,NA,NA,NA,NA,NA,NA,NA,NA,NA,NA,NA,NA,NA,NA,NA,NA,NA,NA,NA,NA,NA,NA,NA,NA,NA,NA,NA,NA,NA,NA,NA,NA,NA,NA,
NA,NA,NA,NA,NA,NA,NA,NA,NA,NA,NA,NA,NA,NA,NA,NA,NA,NA,NA,NA,NA,NA,NA,NA,NA,NA,NA,NA,NA,NA,NA,NA,NA,NA,NA,NA,NA,NA,NA,NA,NA,NA,NA,NA,NA,NA,NA,NA,NA,NA,NA,NA,NA,NA,NA,NA,NA,NA,NA,NA,NA,NA,NA,NA,NA,
NA,NA,NA,NA,NA,NA,NA,NA,NA,NA,NA,NA,NA,NA,NA,NA,NA,NA,NA,NA,NA,NA,NA,NA,NA,NA,NA,NA,NA,NA,NA,NA,NA,NA,NA,NA,NA,NA,NA,NA,NA,NA,NA,NA,NA,NA,NA,NA,NA,NA,NA,NA,NA,NA,NA,NA,NA,NA,NA,NA,NA,NA,NA,NA,NA,
NA,NA,NA,NA,NA,NA,NA,NA,NA,NA,NA,NA,NA,NA,NA,NA,NA,NA,NA,NA,NA,NA,NA,NA,NA,NA,NA,NA,NA,NA,NA,NA,NA,NA,NA,NA,NA,NA,NA,NA,NA,NA,NA,NA,NA,NA,NA,NA,NA,NA,NA,NA,NA,NA,NA,NA,NA,NA,NA,NA,NA,NA,NA,NA,NA,
NA,NA,NA,NA,NA,NA,NA,NA,NA,NA,NA,NA,NA,NA,NA,NA,NA,NA,NA,NA,NA,NA,NA,NA,NA,NA,NA,NA,NA,NA,NA,NA,NA,NA,NA,NA,NA,NA,NA,NA,NA,NA,NA,NA,NA,NA,NA,NA,NA,NA,NA,NA,NA,NA,NA,NA,NA,NA,NA,NA,NA,NA,NA,NA,NA,
NA,NA,NA,NA,NA,NA,NA,NA,NA,NA,NA,NA,NA,NA,NA,NA,NA,NA,NA,NA,NA,NA,NA,NA,NA,NA,NA,NA,NA,NA,NA,NA,NA,NA,NA,NA,NA,NA,NA,NA,NA,NA,NA,NA,NA,NA,NA,NA,NA,NA,NA,NA,NA,NA,NA,NA,NA,NA,NA,NA,NA,NA,NA,NA,NA,
NA,NA,NA,NA,NA,NA,NA,NA,NA,NA,NA,NA,NA,NA,NA,NA,NA,NA,NA,NA,NA,NA,NA,NA,NA,NA,NA,NA,NA,NA,NA,NA,NA,NA,NA,NA,NA,NA,NA,NA,NA,NA,NA,NA,NA,NA,NA,NA,NA,NA,NA,NA,NA,NA,NA,NA,NA,NA,NA,NA,NA,NA,NA,NA,NA,
NA,NA,NA,NA,NA,NA,NA,NA,NA,NA,NA,NA,NA,NA,NA,NA,NA,NA,NA,NA,NA,NA,NA,NA,NA,NA,NA,NA,NA,NA,NA,NA,NA,NA,NA,NA,NA,NA,NA,NA,NA,NA,NA,NA,NA,NA,NA,NA,NA,NA,NA,NA,NA,NA,NA,NA,NA,NA,NA,NA,NA,NA,NA,NA,NA,
NA,NA,NA,NA,NA,NA,NA,NA,NA,NA,NA,NA,NA,NA,NA,NA,NA,NA,NA,NA,NA,NA,NA,NA,NA,NA,NA,NA,NA,NA,NA,NA,NA,NA,NA,NA,NA,NA,NA,NA,NA,NA,NA,NA,NA,NA,NA,NA,NA,NA,NA,NA,NA,NA,NA,NA,NA,NA,NA,NA,NA,NA,NA,NA,NA,
NA,NA,NA,NA,NA,NA,NA,NA,NA,NA,NA,NA,NA,NA,NA,NA,NA,NA,NA,NA,NA,NA,NA,NA,NA,NA,NA,NA,NA,NA,NA,NA,NA,NA,NA,NA,NA,NA,NA,NA,NA,NA,NA,NA,NA,NA,NA,NA,NA,NA,NA,NA,NA,NA,NA,NA,NA,NA,NA,NA,NA,NA,NA,NA,NA,
NA,NA,NA,NA,NA,NA,NA,NA,NA,NA,NA,NA,NA,NA,NA,NA,NA,NA,NA,NA,NA,NA,NA,NA,NA,NA,NA,NA,NA,NA,NA,NA,NA,NA,NA,NA,NA,NA,NA,NA,NA,NA,NA,NA,NA,NA,NA,NA,NA,NA,NA,NA,NA,NA,NA,NA,NA,NA,NA,NA,NA,NA,NA,NA,NA,
NA,NA,NA,NA,NA,NA,NA,NA,NA,NA,NA,NA,NA,NA,NA,NA,NA,NA,NA,NA,NA,NA,NA,NA,NA,NA,NA,NA,NA,NA,NA,NA,NA,NA,NA,NA,NA,NA,NA,NA,NA,NA,NA,NA,NA,NA,NA,NA,NA,NA,NA,NA,NA,NA,NA,NA,NA,NA,NA,NA,NA,NA,NA,NA,NA,
NA,NA,NA,NA,NA,NA,NA,NA,NA,NA,NA,NA,NA,NA,NA,NA,NA,NA,NA,NA,NA,NA,NA,NA,NA,NA,NA,NA,NA,NA,NA,NA,NA,NA,NA,NA,NA,NA,NA,NA,NA,NA,NA,NA,NA,NA,NA,NA,NA,NA,NA,NA,NA,NA,NA,NA,NA,NA,NA,NA,NA,NA,NA,NA,NA,
NA,NA,NA,NA,NA,NA,NA,NA,NA,NA,NA,NA,NA,NA,NA,NA,NA,NA,NA,NA,NA,NA,NA,NA,NA,NA,NA,NA,NA,NA,NA,NA,NA,NA,NA,NA,NA,NA,NA,NA,NA,NA,NA,NA,NA,NA,NA,NA,NA,NA,NA,NA,NA,NA,NA,NA,NA,NA,NA,NA,NA,NA,NA,NA,NA,
NA,NA,NA,NA,NA,NA,NA,NA,NA,NA,NA,NA,NA,NA,NA,NA,NA,NA,NA,NA,NA,NA,NA,NA,NA,NA,NA,NA,NA,NA,NA,NA,NA,NA,NA,NA,NA,NA,NA,NA,NA,NA,NA,NA,NA,NA,NA,NA,NA,NA,NA,NA,NA,NA,NA,NA,NA,NA,NA,NA,NA,NA,NA,NA,NA,
NA,NA,NA,NA,NA,NA,NA,NA,NA,NA,NA,NA,NA,NA,NA,NA,NA,NA,NA,NA,NA,NA,NA,NA,NA,NA,NA,NA,NA,NA,NA,NA,NA,NA,NA,NA,NA,NA,NA,NA,NA,NA,NA,NA,NA,NA,NA,NA,NA,NA,NA,NA,NA,NA,NA,NA,NA,NA,NA,NA,NA,NA,NA,NA,NA,
NA,NA,NA,NA,NA,NA,NA,NA,NA,NA,NA,NA,NA,NA,NA,NA,NA,NA,NA,NA,NA,NA,NA,NA,NA,NA,NA,NA,NA,NA,NA,NA,NA,NA,NA,NA,NA,NA,NA,NA,NA,NA,NA,NA,NA,NA,NA,NA,NA,NA,NA,NA,NA,NA,NA,NA,NA,NA,NA,NA,NA,NA,NA,NA,NA,
NA,NA,NA,NA,NA,NA,NA,NA,NA,NA,NA,NA,NA,NA,NA,NA,NA,NA,NA,NA,NA,NA,NA,NA,NA,NA,NA,NA,NA,NA,NA,NA,NA,NA,NA,NA,NA,NA,NA,NA,NA,NA,NA,NA,NA,NA,NA,NA,NA,NA,NA,NA,NA,NA,NA,NA,NA,NA,NA,NA,NA,NA,NA,NA,NA,
NA,NA,NA,NA,NA,NA,NA,NA,NA,NA,NA,NA,NA,NA,NA,NA,NA,NA,NA,NA,NA,NA,NA,NA,NA,NA,NA,NA,NA,NA,NA,NA,NA,NA,NA,NA,NA,NA,NA,NA,NA,NA,NA,NA,NA,NA,NA,NA,NA,NA,NA,NA,NA,NA,NA,NA,NA,NA,NA,NA,NA,NA,NA,NA,NA,
NA,NA,NA,NA,NA,NA,NA,NA,NA,NA,NA,NA,NA,NA,NA,NA,NA,NA,NA,NA,NA,NA,NA,NA,NA,NA,NA,NA,NA,NA,NA,NA,NA,NA,NA,NA,NA,NA,NA,NA,NA,NA,NA,NA,NA,NA,NA,NA,NA,NA,NA,NA,NA,NA,NA,NA,NA,NA,NA,NA,NA,NA,NA,NA,NA,
NA,NA,NA,NA,NA,NA,NA,NA,NA,NA,NA,NA,NA,NA,NA,NA,NA,NA,NA,NA,NA,NA,NA,NA,NA,NA,NA,NA,NA,NA,NA,NA,NA,NA,NA,NA,NA,NA,NA,NA,NA,NA,NA,NA,NA,NA,NA,NA,NA,NA,NA,NA,NA,NA,NA,NA,NA,NA,NA,NA,NA,NA,NA,NA,NA,
NA,NA,NA,NA,NA,NA,NA,NA,NA,NA,NA,NA,NA,NA,NA,NA,NA,NA,NA,NA,NA,NA,NA,NA,NA,NA,NA,NA,NA,NA,NA,NA,NA,NA,NA,NA,NA,NA,NA,NA,NA,NA,NA,NA,NA,NA,NA,NA,NA,NA,NA,NA,NA,NA,NA,NA,NA,NA,NA,NA,NA,NA,NA,NA,NA,
NA,NA,NA,NA,NA,NA,NA,NA,NA,NA,NA,NA,NA,NA,NA,NA,NA,NA,NA,NA,NA,NA,NA,NA,NA,NA,NA,NA,NA,NA,NA,NA,NA,NA,NA,NA,NA,NA,NA,NA,NA,NA,NA,NA,NA,NA,NA,NA,NA,NA,NA,NA,NA,NA,NA,NA,NA,NA,NA,NA,NA,NA,NA,NA,NA,
