NA,NA,NA,NA,NA,NA,NA,NA,NA,NA,NA,NA,NA,NA,NA,NA,NA,NA,NA, -2.75792E-03, -2.72203E-03, -2.67839E-03, -2.62652E-03, -2.56609E-03, -2.49697E-03, -2.41934E-03, -2.33368E-03, -2.24085E-03, -2.14214E-03, -2.03926E-03, -1.93437E-03, -1.83000E-03, -1.72899E-03, -1.63440E-03, -1.54933E-03, -1.47678E-03, -1.41948E-03, -1.37969E-03, -1.35911E-03, -1.35872E-03, -1.37879E-03, -1.41883E-03, -1.47769E-03, -1.55368E-03, -1.64464E-03, -1.74813E-03,NA,NA,NA,NA,NA,NA,NA,NA,NA,NA,NA,NA,NA,NA,NA,NA,NA,NA,NA,NA,NA,NA,NA,NA,NA,NA,NA,NA,NA,NA,NA,NA,NA,NA,NA,NA,NA,NA,NA,NA,NA,NA,NA,NA,NA,NA,
NA,NA,NA,NA,NA,NA,NA,NA,NA,NA,NA,NA,NA,NA,NA,NA,NA, -2.79384E-03, -2.76898E-03, -2.73674E-03, -2.69626E-03, -2.64671E-03, -2.58739E-03, -2.51776E-03, -2.43753E-03, -2.34672E-03, -2.24576E-03, -2.13553E-03, -2.01746E-03, -1.89355E-03, -1.76636E-03, -1.63900E-03, -1.51502E-03, -1.39827E-03, -1.29274E-03, -1.20230E-03, -1.13047E-03, -1.08021E-03, -1.05368E-03, -1.05213E-03, -1.07580E-03, -1.12399E-03, -1.19512E-03, -1.28686E-03, -1.39638E-03, -1.52049E-03, -1.65589E-03, -1.79931E-03,NA,NA,NA,NA,NA,NA,NA,NA,NA,NA,NA,NA,NA,NA,NA,NA,NA,NA,NA,NA,NA,NA,NA,NA,NA,NA,NA,NA,NA,NA,NA,NA,NA,NA,NA,NA,NA,NA,NA,NA,NA,NA,NA,NA,
NA,NA,NA,NA,NA,NA,NA,NA,NA,NA,NA,NA,NA,NA,NA, -2.80921E-03, -2.79531E-03, -2.77521E-03, -2.74785E-03, -2.71212E-03, -2.66691E-03, -2.61112E-03, -2.54376E-03, -2.46401E-03, -2.37129E-03, -2.26544E-03, -2.14673E-03, -2.01603E-03, -1.87488E-03, -1.72558E-03, -1.57117E-03, -1.41547E-03, -1.26292E-03, -1.11843E-03, -9.87138E-04, -8.74091E-04, -7.83912E-04, -7.20464E-04, -6.86564E-04, -6.83782E-04, -7.12353E-04, -7.71209E-04, -8.58125E-04, -9.69946E-04, -1.10287E-03, -1.25272E-03, -1.41524E-03, -1.58631E-03, -1.76209E-03, -1.93917E-03,NA,NA,NA,NA,NA,NA,NA,NA,NA,NA,NA,NA,NA,NA,NA,NA,NA,NA,NA,NA,NA,NA,NA,NA,NA,NA,NA,NA,NA,NA,NA,NA,NA,NA,NA,NA,NA,NA,NA,NA,NA,NA,
NA,NA,NA,NA,NA,NA,NA,NA,NA,NA,NA,NA,NA, -2.80307E-03, -2.79834E-03, -2.78906E-03, -2.77418E-03, -2.75255E-03, -2.72288E-03, -2.68379E-03, -2.63385E-03, -2.57160E-03, -2.49569E-03, -2.40489E-03, -2.29828E-03, -2.17534E-03, -2.03612E-03, -1.88136E-03, -1.71269E-03, -1.53267E-03, -1.34494E-03, -1.15414E-03, -9.65849E-04, -7.86367E-04, -6.22375E-04, -4.80521E-04, -3.66935E-04, -2.86750E-04, -2.43675E-04, -2.39712E-04, -2.75023E-04, -3.48001E-04, -4.55491E-04, -5.93143E-04, -7.55822E-04, -9.38018E-04, -1.13422E-03, -1.33921E-03, -1.54826E-03, -1.75727E-03, -1.96280E-03, -2.16208E-03,NA,NA,NA,NA,NA,NA,NA,NA,NA,NA,NA,NA,NA,NA,NA,NA,NA,NA,NA,NA,NA,NA,NA,NA,NA,NA,NA,NA,NA,NA,NA,NA,NA,NA,NA,NA,NA,NA,NA,NA,
NA,NA,NA,NA,NA,NA,NA,NA,NA,NA,NA,NA, -2.77951E-03, -2.77825E-03, -2.77329E-03, -2.76363E-03, -2.74806E-03, -2.72523E-03, -2.69358E-03, -2.65141E-03, -2.59689E-03, -2.52814E-03, -2.44330E-03, -2.34065E-03, -2.21872E-03, -2.07653E-03, -1.91371E-03, -1.73076E-03, -1.52926E-03, -1.31205E-03, -1.08337E-03, -8.48873E-04, -6.15587E-04, -3.91620E-04, -1.85747E-04, -6.82182E-06,  1.36914E-04,  2.38544E-04,  2.93107E-04,  2.98031E-04,  2.53306E-04,  1.61375E-04,  2.67631E-05, -1.44460E-04, -3.45296E-04, -5.68414E-04, -8.06658E-04, -1.05342E-03, -1.30290E-03, -1.55020E-03, -1.79135E-03, -2.02329E-03, -2.24375E-03,NA,NA,NA,NA,NA,NA,NA,NA,NA,NA,NA,NA,NA,NA,NA,NA,NA,NA,NA,NA,NA,NA,NA,NA,NA,NA,NA,NA,NA,NA,NA,NA,NA,NA,NA,NA,NA,NA,NA,
NA,NA,NA,NA,NA,NA,NA,NA,NA,NA,NA, -2.74676E-03, -2.74806E-03, -2.74666E-03, -2.74164E-03, -2.73187E-03, -2.71600E-03, -2.69242E-03, -2.65928E-03, -2.61451E-03, -2.55580E-03, -2.48075E-03, -2.38685E-03, -2.27171E-03, -2.13315E-03, -1.96947E-03, -1.77968E-03, -1.56382E-03, -1.32325E-03, -1.06095E-03, -7.81788E-04, -4.92629E-04, -2.02295E-04,  7.87120E-05,  3.38766E-04,  5.65927E-04,  7.48952E-04,  8.78364E-04,  9.47418E-04,  9.52762E-04,  8.94696E-04,  7.76962E-04,  6.06145E-04,  3.90821E-04,  1.40624E-04, -1.34625E-04, -4.25608E-04, -7.23987E-04, -1.02267E-03, -1.31588E-03, -1.59916E-03, -1.86919E-03, -2.12370E-03, -2.36122E-03,NA,NA,NA,NA,NA,NA,NA,NA,NA,NA,NA,NA,NA,NA,NA,NA,NA,NA,NA,NA,NA,NA,NA,NA,NA,NA,NA,NA,NA,NA,NA,NA,NA,NA,NA,NA,NA,NA,
NA,NA,NA,NA,NA,NA,NA,NA,NA, -2.70121E-03, -2.70491E-03, -2.70751E-03, -2.70843E-03, -2.70693E-03, -2.70202E-03, -2.69247E-03, -2.67674E-03, -2.65300E-03, -2.61907E-03, -2.57242E-03, -2.51022E-03, -2.42939E-03, -2.32665E-03, -2.19871E-03, -2.04243E-03, -1.85510E-03, -1.63480E-03, -1.38074E-03, -1.09377E-03, -7.76812E-04, -4.35289E-04, -7.74060E-05,  2.85774E-04,  6.40602E-04,  9.71533E-04,  1.26225E-03,  1.49717E-03,  1.66305E-03,  1.75053E-03,  1.75520E-03,  1.67793E-03,  1.52452E-03,  1.30472E-03,  1.03080E-03,  7.16171E-04,  3.74056E-04,  1.66036E-05, -3.45706E-04, -7.04305E-04, -1.05254E-03, -1.38551E-03, -1.69982E-03, -1.99335E-03, -2.26494E-03, -2.51420E-03,NA,NA,NA,NA,NA,NA,NA,NA,NA,NA,NA,NA,NA,NA,NA,NA,NA,NA,NA,NA,NA,NA,NA,NA,NA,NA,NA,NA,NA,NA,NA,NA,NA,NA,NA,NA,NA,
NA,NA,NA,NA,NA,NA,NA,NA, -2.65194E-03, -2.65465E-03, -2.65700E-03, -2.65864E-03, -2.65902E-03, -2.65738E-03, -2.65273E-03, -2.64372E-03, -2.62867E-03, -2.60550E-03, -2.57167E-03, -2.52418E-03, -2.45957E-03, -2.37394E-03, -2.26308E-03, -2.12253E-03, -1.94787E-03, -1.73501E-03, -1.48060E-03, -1.18258E-03, -8.40803E-04, -4.57698E-04, -3.90081E-05,  4.05663E-04,  8.62544E-04,  1.31387E-03,  1.73867E-03,  2.11435E-03,  2.41887E-03,  2.63337E-03,  2.74455E-03,  2.74646E-03,  2.64106E-03,  2.43751E-03,  2.15046E-03,  1.79776E-03,  1.39823E-03,  9.69790E-04,  5.28235E-04,  8.66118E-05, -3.44924E-04, -7.58925E-04, -1.15028E-03, -1.51580E-03, -1.85378E-03, -2.16364E-03, -2.44562E-03, -2.70050E-03, -2.92947E-03,NA,NA,NA,NA,NA,NA,NA,NA,NA,NA,NA,NA,NA,NA,NA,NA,NA,NA,NA,NA,NA,NA,NA,NA,NA,NA,NA,NA,NA,NA,NA,NA,NA,NA,NA,
NA,NA,NA,NA,NA,NA,NA, -2.59707E-03, -2.59727E-03, -2.59767E-03, -2.59812E-03, -2.59835E-03, -2.59786E-03, -2.59596E-03, -2.59161E-03, -2.58346E-03, -2.56967E-03, -2.54793E-03, -2.51534E-03, -2.46839E-03, -2.40291E-03, -2.31407E-03, -2.19647E-03, -2.04423E-03, -1.85125E-03, -1.61154E-03, -1.31974E-03, -9.71776E-04, -5.65730E-04, -1.02854E-04,  4.11336E-04,  9.66014E-04,  1.54429E-03,  2.12308E-03,  2.67392E-03,  3.16504E-03,  3.56466E-03,  3.84518E-03,  3.98720E-03,  3.98255E-03,  3.83519E-03,  3.55985E-03,  3.17901E-03,  2.71904E-03,  2.20661E-03,  1.66605E-03,  1.11777E-03,  5.77728E-04,  5.76020E-05, -4.34689E-04, -8.94265E-04, -1.31858E-03, -1.70679E-03, -2.05926E-03, -2.37715E-03, -2.66215E-03, -2.91621E-03, -3.14146E-03,NA,NA,NA,NA,NA,NA,NA,NA,NA,NA,NA,NA,NA,NA,NA,NA,NA,NA,NA,NA,NA,NA,NA,NA,NA,NA,NA,NA,NA,NA,NA,NA,NA,NA,
NA,NA,NA,NA,NA,NA, -2.53837E-03, -2.53457E-03, -2.53128E-03, -2.52854E-03, -2.52633E-03, -2.52448E-03, -2.52261E-03, -2.52011E-03, -2.51601E-03, -2.50894E-03, -2.49698E-03, -2.47764E-03, -2.44767E-03, -2.40302E-03, -2.33876E-03, -2.24901E-03, -2.12696E-03, -1.96500E-03, -1.75485E-03, -1.48802E-03, -1.15628E-03, -7.52572E-04, -2.72066E-04,  2.86373E-04,  9.18512E-04,  1.61296E-03,  2.34957E-03,  3.09860E-03,  3.82123E-03,  4.47215E-03,  5.00450E-03,  5.37670E-03,  5.55952E-03,  5.54143E-03,  5.33009E-03,  4.94984E-03,  4.43593E-03,  3.82796E-03,  3.16405E-03,  2.47714E-03,  1.79324E-03,  1.13130E-03,  5.04046E-04, -8.08390E-05, -6.19466E-04, -1.11065E-03, -1.55503E-03, -1.95441E-03, -2.31129E-03, -2.62853E-03, -2.90913E-03, -3.15608E-03,NA,NA,NA,NA,NA,NA,NA,NA,NA,NA,NA,NA,NA,NA,NA,NA,NA,NA,NA,NA,NA,NA,NA,NA,NA,NA,NA,NA,NA,NA,NA,NA,NA,NA,
NA,NA,NA,NA,NA,NA, -2.46878E-03, -2.46016E-03, -2.45227E-03, -2.44530E-03, -2.43939E-03, -2.43451E-03, -2.43046E-03, -2.42677E-03, -2.42261E-03, -2.41667E-03, -2.40705E-03, -2.39111E-03, -2.36533E-03, -2.32514E-03, -2.26481E-03, -2.17732E-03, -2.05427E-03, -1.88593E-03, -1.66137E-03, -1.36877E-03, -9.96046E-04, -5.31751E-04,  3.35117E-05,  7.05172E-04,  1.48222E-03,  2.35426E-03,  3.29851E-03,NA,NA,NA,NA,NA,NA,NA,  7.22286E-03,  6.68569E-03,  5.97945E-03,  5.16453E-03,  4.29571E-03,  3.41716E-03,  2.56109E-03,  1.74886E-03,  9.93018E-04,  2.99674E-04, -3.29534E-04, -8.95842E-04, -1.40221E-03, -1.85254E-03, -2.25114E-03, -2.60240E-03, -2.91063E-03, -3.17990E-03, -3.41402E-03,NA,NA,NA,NA,NA,NA,NA,NA,NA,NA,NA,NA,NA,NA,NA,NA,NA,NA,NA,NA,NA,NA,NA,NA,NA,NA,NA,NA,NA,NA,NA,NA,NA,
NA,NA,NA,NA,NA, -2.40238E-03, -2.38704E-03, -2.37224E-03, -2.35834E-03, -2.34573E-03, -2.33470E-03, -2.32546E-03, -2.31803E-03, -2.31219E-03, -2.30731E-03, -2.30227E-03, -2.29528E-03, -2.28368E-03, -2.26377E-03, -2.23055E-03, -2.17752E-03, -2.09646E-03, -1.97723E-03, -1.80768E-03, -1.57364E-03, -1.25913E-03, -8.46889E-04, -3.19339E-04,  3.39850E-04,  1.14331E-03,  2.09657E-03,NA,NA,NA,NA,NA,NA,NA,NA,NA,NA,NA,NA,  6.77533E-03,  5.62754E-03,  4.49793E-03,  3.42432E-03,  2.42834E-03,  1.51993E-03,  7.01267E-04, -3.01744E-05, -6.79534E-04, -1.25319E-03, -1.75791E-03, -2.20039E-03, -2.58696E-03, -2.92346E-03, -3.21526E-03, -3.46718E-03, -3.68356E-03,NA,NA,NA,NA,NA,NA,NA,NA,NA,NA,NA,NA,NA,NA,NA,NA,NA,NA,NA,NA,NA,NA,NA,NA,NA,NA,NA,NA,NA,NA,NA,NA,
NA,NA,NA,NA, -2.33789E-03, -2.31482E-03, -2.29172E-03, -2.26907E-03, -2.24741E-03, -2.22732E-03, -2.20932E-03, -2.19390E-03, -2.18139E-03, -2.17188E-03, -2.16511E-03, -2.16027E-03, -2.15582E-03, -2.14926E-03, -2.13687E-03, -2.11336E-03, -2.07160E-03, -2.00221E-03, -1.89324E-03, -1.72986E-03, -1.49417E-03, -1.16511E-03, -7.18796E-04, -1.29300E-04,  6.29770E-04,NA,NA,NA,NA,NA,NA,NA,NA,NA,NA,NA,NA,NA,NA,NA,  7.18265E-03,  5.72545E-03,  4.37962E-03,  3.16215E-03,  2.07576E-03,  1.11501E-03,  2.70470E-04, -4.68838E-04, -1.11403E-03, -1.67566E-03, -2.16336E-03, -2.58579E-03, -2.95063E-03, -3.26468E-03, -3.53389E-03, -3.76355E-03, -3.95829E-03,NA,NA,NA,NA,NA,NA,NA,NA,NA,NA,NA,NA,NA,NA,NA,NA,NA,NA,NA,NA,NA,NA,NA,NA,NA,NA,NA,NA,NA,NA,NA,
NA,NA,NA, -2.27776E-03, -2.24638E-03, -2.21407E-03, -2.18134E-03, -2.14882E-03, -2.11722E-03, -2.08731E-03, -2.05993E-03, -2.03588E-03, -2.01590E-03, -2.00053E-03, -1.98996E-03, -1.98390E-03, -1.98126E-03, -1.97993E-03, -1.97641E-03, -1.96539E-03, -1.93931E-03, -1.88783E-03, -1.79728E-03, -1.65009E-03, -1.42420E-03, -1.09269E-03, -6.23526E-04,  2.00779E-05,NA,NA,NA,NA,NA,NA,NA,NA,NA,NA,NA,NA,NA,NA,NA,NA,NA,NA,  5.41351E-03,  3.93479E-03,  2.64577E-03,  1.52802E-03,  5.61603E-04, -2.72619E-04, -9.91962E-04, -1.61164E-03, -2.14482E-03, -2.60282E-03, -2.99536E-03, -3.33081E-03, -3.61637E-03, -3.85829E-03, -4.06199E-03,NA,NA,NA,NA,NA,NA,NA,NA,NA,NA,NA,NA,NA,NA,NA,NA,NA,NA,NA,NA,NA,NA,NA,NA,NA,NA,NA,NA,NA,NA,NA,
NA,NA,NA, -2.18436E-03, -2.14248E-03, -2.09896E-03, -2.05441E-03, -2.00958E-03, -1.96534E-03, -1.92271E-03, -1.88285E-03, -1.84695E-03, -1.81624E-03, -1.79183E-03, -1.77457E-03, -1.76485E-03, -1.76232E-03, -1.76554E-03, -1.77157E-03, -1.77546E-03, -1.76960E-03, -1.74307E-03, -1.68078E-03, -1.56258E-03, -1.36222E-03, -1.04635E-03, -5.73485E-04,NA,NA,NA,NA,NA,NA,NA,NA,NA,NA,NA,NA,NA,NA,NA,NA,NA,NA,NA,NA,  4.72047E-03,  3.20856E-03,  1.92324E-03,  8.29874E-04, -1.01273E-04, -8.95090E-04, -1.57224E-03, -2.14983E-03, -2.64210E-03, -3.06094E-03, -3.41635E-03, -3.71682E-03, -3.96960E-03, -4.18089E-03, -4.35608E-03,NA,NA,NA,NA,NA,NA,NA,NA,NA,NA,NA,NA,NA,NA,NA,NA,NA,NA,NA,NA,NA,NA,NA,NA,NA,NA,NA,NA,NA,NA,
NA,NA, -2.13099E-03, -2.07974E-03, -2.02539E-03, -1.96841E-03, -1.90947E-03, -1.84941E-03, -1.78927E-03, -1.73032E-03, -1.67406E-03, -1.62213E-03, -1.57635E-03, -1.53851E-03, -1.51031E-03, -1.49308E-03, -1.48750E-03, -1.49321E-03, -1.50826E-03, -1.52854E-03, -1.54700E-03, -1.55272E-03, -1.52982E-03, -1.45614E-03,NA,NA,NA,NA,NA,NA,NA,NA,NA,NA,NA,NA,NA,NA,NA,NA,NA,NA,NA,NA,NA,NA,NA,  5.48159E-03,  3.73595E-03,  2.27989E-03,  1.05997E-03,  3.38246E-05, -8.31990E-04, -1.56402E-03, -2.18353E-03, -2.70770E-03, -3.15062E-03, -3.52393E-03, -3.83739E-03, -4.09923E-03, -4.31646E-03, -4.49507E-03, -4.64023E-03,NA,NA,NA,NA,NA,NA,NA,NA,NA,NA,NA,NA,NA,NA,NA,NA,NA,NA,NA,NA,NA,NA,NA,NA,NA,NA,NA,NA,NA,
NA,NA, -2.02805E-03, -1.96346E-03, -1.89445E-03, -1.82145E-03, -1.74514E-03, -1.66642E-03, -1.58648E-03, -1.50682E-03, -1.42927E-03, -1.35599E-03, -1.28941E-03, -1.23219E-03, -1.18705E-03, -1.15655E-03, -1.14276E-03, -1.14682E-03, -1.16837E-03, -1.20480E-03, -1.25036E-03, -1.29502E-03,NA,NA,NA,NA,NA,NA,NA,NA,NA,NA,NA,NA,NA,NA,NA,NA,NA,NA,NA,NA,NA,NA,NA,NA,NA,NA,  4.19455E-03,  2.57500E-03,  1.23587E-03,  1.21254E-04, -8.11014E-04, -1.59328E-03, -2.25075E-03, -2.80343E-03, -3.26746E-03, -3.65603E-03, -3.98010E-03, -4.24883E-03, -4.47001E-03, -4.65023E-03, -4.79517E-03,NA,NA,NA,NA,NA,NA,NA,NA,NA,NA,NA,NA,NA,NA,NA,NA,NA,NA,NA,NA,NA,NA,NA,NA,NA,NA,NA,NA,NA,
NA, -1.98891E-03, -1.91527E-03, -1.83530E-03, -1.74919E-03, -1.65729E-03, -1.56021E-03, -1.45887E-03, -1.35452E-03, -1.24886E-03, -1.14403E-03, -1.04269E-03, -9.47968E-04, -8.63478E-04, -7.93158E-04, -7.41084E-04, -7.11126E-04, -7.06483E-04, -7.29026E-04, -7.78467E-04, -8.51314E-04,NA,NA,NA,NA,NA,NA,NA,NA,NA,NA,NA,NA,NA,NA,NA,NA,NA,NA,NA,NA,NA,NA,NA,NA,NA,NA,NA,NA,  2.78626E-03,  1.34278E-03,  1.50841E-04, -8.39463E-04, -1.66545E-03, -2.35571E-03, -2.93265E-03, -3.41417E-03, -3.81486E-03, -4.14674E-03, -4.41988E-03, -4.64275E-03, -4.82254E-03, -4.96539E-03, -5.07657E-03,NA,NA,NA,NA,NA,NA,NA,NA,NA,NA,NA,NA,NA,NA,NA,NA,NA,NA,NA,NA,NA,NA,NA,NA,NA,NA,NA,NA,
NA, -1.88199E-03, -1.79279E-03, -1.69527E-03, -1.58942E-03, -1.47543E-03, -1.35378E-03, -1.22528E-03, -1.09117E-03, -9.53246E-04, -8.13888E-04, -6.76194E-04, -5.44016E-04, -4.21977E-04, -3.15414E-04, -2.30202E-04, -1.72449E-04, -1.48003E-04, -1.61740E-04, -2.16645E-04,NA,NA,NA,NA,NA,NA,NA,NA,NA,NA,NA,NA,NA,NA,NA,NA,NA,NA,NA,NA,NA,NA,NA,NA,NA,NA,NA,NA,NA,  2.89603E-03,  1.36961E-03,  1.15118E-04, -9.22716E-04, -1.78466E-03, -2.50172E-03, -3.09806E-03, -3.59301E-03, -4.00229E-03, -4.33889E-03, -4.61364E-03, -4.83569E-03, -5.01278E-03, -5.15151E-03, -5.25750E-03,NA,NA,NA,NA,NA,NA,NA,NA,NA,NA,NA,NA,NA,NA,NA,NA,NA,NA,NA,NA,NA,NA,NA,NA,NA,NA,NA,NA,
 -1.86397E-03, -1.76765E-03, -1.66103E-03, -1.54366E-03, -1.41526E-03, -1.27575E-03, -1.12533E-03, -9.64582E-04, -7.94603E-04, -6.17107E-04, -4.34591E-04, -2.50473E-04, -6.92351E-05,  1.03479E-04,  2.60833E-04,  3.94891E-04,  4.96872E-04,  5.57635E-04,  5.68429E-04,NA,NA,NA,NA,NA,NA,NA,NA,NA,NA,NA,NA,NA,NA,NA,NA,NA,NA,NA,NA,NA,NA,NA,NA,NA,NA,NA,NA,NA,NA,  2.89580E-03,  1.31137E-03,  1.06518E-05, -1.06353E-03, -1.95334E-03, -2.69095E-03, -3.30164E-03, -3.80573E-03, -4.21986E-03, -4.55782E-03, -4.83118E-03, -5.04969E-03, -5.22162E-03, -5.35400E-03, -5.45281E-03, -5.52317E-03,NA,NA,NA,NA,NA,NA,NA,NA,NA,NA,NA,NA,NA,NA,NA,NA,NA,NA,NA,NA,NA,NA,NA,NA,NA,NA,NA,
 -1.75965E-03, -1.64661E-03, -1.52071E-03, -1.38116E-03, -1.22729E-03, -1.05861E-03, -8.74890E-04, -6.76317E-04, -4.63605E-04, -2.38189E-04, -2.42970E-06,  2.40157E-04,  4.84654E-04,  7.24521E-04,  9.51426E-04,  1.15520E-03,  1.32399E-03,  1.44469E-03,NA,NA,NA,NA,NA,NA,NA,NA,NA,NA,NA,NA,NA,NA,NA,NA,NA,NA,NA,NA,NA,NA,NA,NA,NA,NA,NA,NA,NA,NA,NA,NA,  1.17091E-03, -1.61204E-04, -1.26173E-03, -2.17209E-03, -2.92449E-03, -3.54466E-03,NA,NA,NA, -5.07331E-03, -5.28538E-03, -5.44952E-03, -5.57318E-03, -5.66268E-03, -5.72341E-03, -5.75994E-03,NA,NA,NA,NA,NA,NA,NA,NA,NA,NA,NA,NA,NA,NA,NA,NA,NA,NA,NA,NA,NA,NA,NA,NA,NA,NA,
 -1.65107E-03, -1.51990E-03, -1.37292E-03, -1.20888E-03, -1.02659E-03, -8.24981E-04, -6.03214E-04, -3.60818E-04, -9.78616E-05,  1.84828E-04,  4.85382E-04,  8.00561E-04,  1.12538E-03,  1.45271E-03,  1.77293E-03,  2.07362E-03,NA,NA,NA,NA,NA,NA,NA,NA,NA,NA,NA,NA,NA,NA,NA,NA,NA,NA,NA,NA,NA,NA,NA,NA,NA,NA,NA,NA,NA,NA,NA,NA,NA,NA,  9.59126E-04, -3.94531E-04,NA,NA,NA,NA,NA,NA,NA,NA,NA,NA,NA, -5.88713E-03, -5.93623E-03, -5.96127E-03, -5.96626E-03,NA,NA,NA,NA,NA,NA,NA,NA,NA,NA,NA,NA,NA,NA,NA,NA,NA,NA,NA,NA,NA,NA,NA,NA,NA,
 -1.53942E-03, -1.38886E-03, -1.21914E-03, -1.02842E-03, -8.14842E-04, -5.76573E-04, -3.11918E-04, -1.94578E-05,  3.01754E-04,  6.51929E-04,  1.03020E-03,  1.43417E-03,  1.85940E-03,  2.29878E-03,NA,NA,NA,NA,NA,NA,NA,NA,NA,NA,NA,NA,NA,NA,NA,NA,NA,NA,NA,NA,NA,NA,NA,NA,NA,NA,NA,NA,NA,NA,NA,NA,NA,NA,NA,NA,NA,NA,NA,NA,NA,NA,NA,NA,NA,NA,NA,NA,NA,NA,NA, -6.17308E-03, -6.16524E-03, -6.14134E-03,NA,NA,NA,NA,NA,NA,NA,NA,NA,NA,NA,NA,NA,NA,NA,NA,NA,NA,NA,NA,NA,NA,NA,NA,
 -1.42619E-03, -1.25519E-03, -1.06128E-03, -8.41918E-04, -5.94407E-04, -3.15934E-04, -3.66555E-06,  3.45121E-04,  7.32838E-04,  1.16130E-03,  1.63134E-03,  2.14221E-03,  2.69096E-03,NA,NA,NA,NA,NA,NA,NA,NA,NA,NA,NA,NA,NA,NA,NA,NA,NA,NA,NA,NA,NA,NA,NA,NA,NA,NA,NA,NA,NA,NA,NA,NA,NA,NA,NA,NA,NA,NA,NA,NA,NA,NA,NA,NA,NA,NA,NA,NA,NA,NA,NA,NA,NA, -6.37259E-03, -6.33503E-03,NA,NA,NA,NA,NA,NA,NA,NA,NA,NA,NA,NA,NA,NA,NA,NA,NA,NA,NA,NA,NA,NA,NA,NA,
 -1.31309E-03, -1.12089E-03, -9.01678E-04, -6.52078E-04, -3.68376E-04, -4.65491E-05,  3.17686E-04,  7.28767E-04,  1.19111E-03,  1.70885E-03,  2.28537E-03,  2.92274E-03,NA,NA,NA,NA,NA,NA,NA,NA,NA,NA,NA,NA,NA,NA,NA,NA,NA,NA,NA,NA,NA,NA,NA,NA,NA,NA,NA,NA,NA,NA,NA,NA,NA,NA,NA,NA,NA,NA,NA,NA,NA,NA,NA,NA,NA,NA,NA,NA,NA,NA,NA,NA,NA,NA,NA, -6.53500E-03, -6.47111E-03,NA,NA,NA,NA,NA,NA,NA,NA,NA,NA,NA,NA,NA,NA,NA,NA,NA,NA,NA,NA,NA,NA,NA,
 -1.20211E-03, -9.88310E-04, -7.43114E-04, -4.62175E-04, -1.40596E-04,  2.27100E-04,  6.46974E-04,  1.12563E-03,  1.67011E-03,  2.28766E-03,  2.98536E-03,NA,NA,NA,NA,NA,NA,NA,NA,NA,NA,NA,NA,NA,NA,NA,NA,NA,NA,NA,NA,NA,NA,NA,NA,NA,NA,NA,NA,NA,NA,NA,NA,NA,NA,NA,NA,NA,NA,NA,NA,NA,NA,NA,NA,NA,NA,NA,NA,NA,NA,NA,NA,NA,NA,NA,NA,NA, -6.66134E-03,NA,NA,NA,NA,NA,NA,NA,NA,NA,NA,NA,NA,NA,NA,NA,NA,NA,NA,NA,NA,NA,NA,NA,
 -1.09540E-03, -8.60067E-04, -5.88745E-04, -2.76017E-04,  8.43578E-05,  4.99536E-04,  9.77682E-04,  1.52803E-03,  2.16089E-03,  2.88757E-03,  3.72013E-03,NA,NA,NA,NA,NA,NA,NA,NA,NA,NA,NA,NA,NA,NA,NA,NA,NA,NA,NA,NA,NA,NA,NA,NA,NA,NA,NA,NA,NA,NA,NA,NA,NA,NA,NA,NA,NA,NA,NA,NA,NA,NA,NA,NA,NA,NA,NA,NA,NA,NA,NA,NA,NA,NA,NA,NA,NA,NA, -6.75325E-03,NA,NA,NA,NA,NA,NA,NA,NA,NA,NA,NA,NA,NA,NA,NA,NA,NA,NA,NA,NA,NA,NA,
 -9.95292E-04, -7.39001E-04, -4.42052E-04, -9.78709E-05,  3.01252E-04,  7.64348E-04,  1.30198E-03,  1.92644E-03,  2.65196E-03,  3.49487E-03,NA,NA,NA,NA,NA,NA,NA,NA,NA,NA,NA,NA,NA,NA,NA,NA,NA,NA,NA,NA,NA,NA,NA,NA,NA,NA,NA,NA,NA,NA,NA,NA,NA,NA,NA,NA,NA,NA,NA,NA,NA,NA,NA,NA,NA,NA,NA,NA,NA,NA,NA,NA,NA,NA,NA,NA,NA,NA,NA, -6.93335E-03, -6.81294E-03,NA,NA,NA,NA,NA,NA,NA,NA,NA,NA,NA,NA,NA,NA,NA,NA,NA,NA,NA,NA,NA,
 -9.04181E-04, -6.28084E-04, -3.06729E-04,  6.76592E-05,  5.04340E-04,  1.01435E-03,  1.61088E-03,  2.30963E-03,  3.12934E-03,  4.09221E-03,NA,NA,NA,NA,NA,NA,NA,NA,NA,NA,NA,NA,NA,NA,NA,NA,NA,NA,NA,NA,NA,NA,NA,NA,NA,NA,NA,NA,NA,NA,NA,NA,NA,NA,NA,NA,NA,NA,NA,NA,NA,NA,NA,NA,NA,NA,NA,NA,NA,NA,NA,NA,NA,NA,NA,NA,NA,NA,NA,NA, -6.97850E-03,NA,NA,NA,NA,NA,NA,NA,NA,NA,NA,NA,NA,NA,NA,NA,NA,NA,NA,NA,NA,NA,
 -8.24456E-04, -5.30313E-04, -1.86549E-04,  2.15805E-04,  6.87572E-04,  1.24185E-03,  1.89455E-03,  2.66503E-03,  3.57688E-03,  4.65893E-03,NA,NA,NA,NA,NA,NA,NA,NA,NA,NA,NA,NA,NA,NA,NA,NA,NA,NA,NA,NA,NA,NA,NA,NA,NA,NA,NA,NA,NA,NA,NA,NA,NA,NA,NA,NA,NA,NA,NA,NA,NA,NA,NA,NA,NA,NA,NA,NA,NA,NA,NA,NA,NA,NA,NA,NA,NA,NA,NA,NA, -7.14270E-03,NA,NA,NA,NA,NA,NA,NA,NA,NA,NA,NA,NA,NA,NA,NA,NA,NA,NA,NA,NA,NA,
 -7.58394E-04, -4.48576E-04, -8.51938E-05,  3.41849E-04,  8.44871E-04,  1.43897E-03,  2.14276E-03,  2.97924E-03,  3.97703E-03,NA,NA,NA,NA,NA,NA,NA,NA,NA,NA,NA,NA,NA,NA,NA,NA,NA,NA,NA,NA,NA,NA,NA,NA,NA,NA,NA,NA,NA,NA,NA,NA,NA,NA,NA,NA,NA,NA,NA,NA,NA,NA,NA,NA,NA,NA,NA,NA,NA,NA,NA,NA,NA,NA,NA,NA,NA,NA,NA,NA,NA, -7.30436E-03, -7.14116E-03,NA,NA,NA,NA,NA,NA,NA,NA,NA,NA,NA,NA,NA,NA,NA,NA,NA,NA,NA,NA,
 -7.08056E-04, -3.85513E-04, -6.06981E-06,  4.41371E-04,  9.70468E-04,  1.59814E-03,  2.34546E-03,  3.23888E-03,  4.31180E-03,NA,NA,NA,NA,NA,NA,NA,NA,NA,NA,NA,NA,NA,NA,NA,NA,NA,NA,NA,NA,NA,NA,NA,NA,NA,NA,NA,NA,NA,NA,NA,NA,NA,NA,NA,NA,NA,NA,NA,NA,NA,NA,NA,NA,NA,NA,NA,NA,NA,NA,NA,NA,NA,NA,NA,NA,NA,NA,NA,NA,NA, -7.46221E-03, -7.28503E-03,NA,NA,NA,NA,NA,NA,NA,NA,NA,NA,NA,NA,NA,NA,NA,NA,NA,NA,NA,NA,
 -6.75175E-04, -3.43374E-04,  4.78898E-05,  5.10517E-04,  1.05926E-03,  1.71253E-03,  2.49349E-03,  3.43150E-03,  4.56413E-03,NA,NA,NA,NA,NA,NA,NA,NA,NA,NA,NA,NA,NA,NA,NA,NA,NA,NA,NA,NA,NA,NA,NA,NA,NA,NA,NA,NA,NA,NA,NA,NA,NA,NA,NA,NA,NA,NA,NA,NA,NA,NA,NA,NA,NA,NA,NA,NA,NA,NA,NA,NA,NA,NA,NA,NA,NA,NA,NA,NA,NA,NA, -7.42389E-03, -7.23936E-03,NA,NA,NA,NA,NA,NA,NA,NA,NA,NA,NA,NA,NA,NA,NA,NA,NA,NA,NA,
 -6.61059E-04, -3.23877E-04,  7.44113E-05,  5.46256E-04,  1.10717E-03,  1.77663E-03,  2.57929E-03,  3.54666E-03,  4.71939E-03,NA,NA,NA,NA,NA,NA,NA,NA,NA,NA,NA,NA,NA,NA,NA,NA,NA,NA,NA,NA,NA,NA,NA,NA,NA,NA,NA,NA,NA,NA,NA,NA,NA,NA,NA,NA,NA,NA,NA,NA,NA,NA,NA,NA,NA,NA,NA,NA,NA,NA,NA,NA,NA,NA,NA,NA,NA,NA,NA,NA,NA,NA, -7.55659E-03, -7.36002E-03,NA,NA,NA,NA,NA,NA,NA,NA,NA,NA,NA,NA,NA,NA,NA,NA,NA,NA,NA,
 -6.66509E-04, -3.28096E-04,  7.20420E-05,  5.46610E-04,  1.11148E-03,  1.78667E-03,  2.59759E-03,  3.57690E-03,  4.76693E-03,NA,NA,NA,NA,NA,NA,NA,NA,NA,NA,NA,NA,NA,NA,NA,NA,NA,NA,NA,NA,NA,NA,NA,NA,NA,NA,NA,NA,NA,NA,NA,NA,NA,NA,NA,NA,NA,NA,NA,NA,NA,NA,NA,NA,NA,NA,NA,NA,NA,NA,NA,NA,NA,NA,NA,NA,NA,NA,NA,NA,NA,NA, -7.68193E-03, -7.47380E-03,NA,NA,NA,NA,NA,NA,NA,NA,NA,NA,NA,NA,NA,NA,NA,NA,NA,NA,NA,
 -6.91754E-04, -3.56376E-04,  4.02685E-05,  5.10820E-04,  1.07109E-03,  1.74101E-03,  2.54596E-03,  3.51859E-03,  4.70131E-03,NA,NA,NA,NA,NA,NA,NA,NA,NA,NA,NA,NA,NA,NA,NA,NA,NA,NA,NA,NA,NA,NA,NA,NA,NA,NA,NA,NA,NA,NA,NA,NA,NA,NA,NA,NA,NA,NA,NA,NA,NA,NA,NA,NA,NA,NA,NA,NA,NA,NA,NA,NA,NA,NA,NA,NA,NA,NA,NA,NA,NA,NA, -7.79878E-03, -7.57969E-03,NA,NA,NA,NA,NA,NA,NA,NA,NA,NA,NA,NA,NA,NA,NA,NA,NA,NA,NA,
 -7.36430E-04, -4.08296E-04, -2.04225E-05,  4.39442E-04,  9.86600E-04,  1.64033E-03,  2.42513E-03,  3.37245E-03,  4.52311E-03,  5.93071E-03,NA,NA,NA,NA,NA,NA,NA,NA,NA,NA,NA,NA,NA,NA,NA,NA,NA,NA,NA,NA,NA,NA,NA,NA,NA,NA,NA,NA,NA,NA,NA,NA,NA,NA,NA,NA,NA,NA,NA,NA,NA,NA,NA,NA,NA,NA,NA,NA,NA,NA,NA,NA,NA,NA,NA,NA,NA,NA,NA,NA,NA, -7.90604E-03, -7.67675E-03, -7.45912E-03,NA,NA,NA,NA,NA,NA,NA,NA,NA,NA,NA,NA,NA,NA,NA,NA,NA,NA,
 -7.99580E-04, -4.82669E-04, -1.08548E-04,  3.34342E-04,  8.60394E-04,  1.48766E-03,  2.23900E-03,  3.14358E-03,  4.23908E-03,  5.57462E-03,NA,NA,NA,NA,NA,NA,NA,NA,NA,NA,NA,NA,NA,NA,NA,NA,NA,NA,NA,NA,NA,NA,NA,NA,NA,NA,NA,NA,NA,NA,NA,NA,NA,NA,NA,NA,NA,NA,NA,NA,NA,NA,NA,NA,NA,NA,NA,NA,NA,NA,NA,NA,NA,NA,NA,NA,NA,NA,NA,NA,NA, -8.00267E-03, -7.76411E-03, -7.53830E-03,NA,NA,NA,NA,NA,NA,NA,NA,NA,NA,NA,NA,NA,NA,NA,NA,NA,NA,
 -8.79702E-04, -5.77599E-04, -2.21703E-04,  1.98602E-04,  6.96449E-04,  1.28821E-03,  1.99443E-03,  2.84115E-03,  3.86163E-03,  5.09878E-03,NA,NA,NA,NA,NA,NA,NA,NA,NA,NA,NA,NA,NA,NA,NA,NA,NA,NA,NA,NA,NA,NA,NA,NA,NA,NA,NA,NA,NA,NA,NA,NA,NA,NA,NA,NA,NA,NA,NA,NA,NA,NA,NA,NA,NA,NA,NA,NA,NA,NA,NA,NA,NA,NA,NA,NA,NA,NA,NA,NA,NA,NA, -7.84094E-03, -7.60789E-03,NA,NA,NA,NA,NA,NA,NA,NA,NA,NA,NA,NA,NA,NA,NA,NA,NA,NA,
 -9.74814E-04, -6.90582E-04, -3.56691E-04,  3.63315E-05,  5.00103E-04,  1.04896E-03,  1.70071E-03,  2.47762E-03,  3.40772E-03,  4.52656E-03,  5.87954E-03,NA,NA,NA,NA,NA,NA,NA,NA,NA,NA,NA,NA,NA,NA,NA,NA,NA,NA,NA,NA,NA,NA,NA,NA,NA,NA,NA,NA,NA,NA,NA,NA,NA,NA,NA,NA,NA,NA,NA,NA,NA,NA,NA,NA,NA,NA,NA,NA,NA,NA,NA,NA,NA,NA,NA,NA,NA,NA,NA,NA,NA,NA, -7.66731E-03,NA,NA,NA,NA,NA,NA,NA,NA,NA,NA,NA,NA,NA,NA,NA,NA,NA,NA,
 -1.08256E-03, -8.18634E-04, -5.09707E-04, -1.47578E-04,  2.77697E-04,  7.78227E-04,  1.36882E-03,  2.06767E-03,  2.89722E-03,  3.88524E-03,  5.06619E-03,  6.48284E-03,NA,NA,NA,NA,NA,NA,NA,NA,NA,NA,NA,NA,NA,NA,NA,NA,NA,NA,NA,NA,NA,NA,NA,NA,NA,NA,NA,NA,NA,NA,NA,NA,NA,NA,NA,NA,NA,NA,NA,NA,NA,NA,NA,NA,NA,NA,NA,NA,NA,NA,NA,NA,NA,NA,NA,NA,NA,NA,NA,NA,NA,NA,NA,NA,NA,NA,NA,NA,NA,NA,NA,NA,NA,NA,NA,NA,NA,NA,NA,NA,
 -1.20032E-03, -9.58453E-04, -6.76556E-04, -3.47752E-04,  3.61722E-05,  4.85042E-04,  1.01063E-03,  1.62706E-03,  2.35125E-03,  3.20344E-03,  4.20767E-03,  5.39226E-03,NA,NA,NA,NA,NA,NA,NA,NA,NA,NA,NA,NA,NA,NA,NA,NA,NA,NA,NA,NA,NA,NA,NA,NA,NA,NA,NA,NA,NA,NA,NA,NA,NA,NA,NA,NA,NA,NA,NA,NA,NA,NA,NA,NA,NA,NA,NA,NA,NA,NA,NA,NA,NA,NA,NA,NA,NA,NA,NA,NA,NA,NA,NA,NA,NA,NA,NA,NA,NA,NA,NA,NA,NA,NA,NA,NA,NA,NA,NA,NA,
 -1.32535E-03, -1.10658E-03, -8.52870E-04, -5.58636E-04, -2.17360E-04,  1.78583E-04,  6.38074E-04,  1.17142E-03,  1.79046E-03,  2.50865E-03,  3.34091E-03,  4.30323E-03,  5.41161E-03,NA,NA,NA,NA,NA,NA,NA,NA,NA,NA,NA,NA,NA,NA,NA,NA,NA,NA,NA,NA,NA,NA,NA,NA,NA,NA,NA,NA,NA,NA,NA,NA,NA,NA,NA,NA,NA,NA,NA,NA,NA,NA,NA,NA,NA,NA,NA,NA,NA,NA,NA,NA,NA,NA,NA,NA,NA,NA,NA,NA,NA,NA,NA,NA,NA,NA,NA,NA,NA,NA,NA,NA,NA,NA,NA,NA,NA,NA,NA,
 -1.45488E-03, -1.25958E-03, -1.03433E-03, -7.74793E-04, -4.76005E-04, -1.32365E-04,  2.62412E-04,  7.15260E-04,  1.23366E-03,  1.82535E-03,  2.49786E-03,  3.25752E-03,  4.10792E-03,  5.04716E-03,NA,NA,NA,NA,NA,NA,NA,NA,NA,NA,NA,NA,NA,NA,NA,NA,NA,NA,NA,NA,NA,NA,NA,NA,NA,NA,NA,NA,NA,NA,NA,NA,NA,NA,NA,NA,NA,NA,NA,NA,NA,NA,NA,NA,NA,NA,NA,NA,NA,NA,NA,NA,NA,NA,NA,NA,NA,NA,NA,NA,NA,NA,NA,NA,NA,NA,NA,NA,NA,NA,NA,NA,NA,NA,NA,NA,NA,NA,
 -1.58626E-03, -1.41417E-03, -1.21688E-03, -9.91151E-04, -7.33426E-04, -4.39849E-04, -1.06349E-04,  2.71213E-04,  6.96781E-04,  1.17367E-03,  1.70383E-03,  2.28675E-03,  2.91769E-03,  3.58506E-03,  4.26650E-03,  4.92320E-03,NA,NA,NA,NA,NA,NA,NA,NA,NA,NA,NA,NA,NA,NA,NA,NA,NA,NA,NA,NA,NA,NA,NA,NA,NA,NA,NA,NA,NA,NA,NA,NA,NA,NA,NA,NA,NA,NA,NA,NA,NA,NA,NA,NA,NA,NA,NA,NA,NA,NA,NA,NA,NA,NA,NA,NA,NA,NA,NA,NA,NA,NA,NA,NA,NA,NA,NA,NA,NA,NA,NA,NA,NA,NA,NA,NA,
 -1.71702E-03, -1.56733E-03, -1.39683E-03, -1.20321E-03, -9.84095E-04, -7.37075E-04, -4.59856E-04, -1.50480E-04,  1.92348E-04,  5.68751E-04,  9.76923E-04,  1.41203E-03,  1.86462E-03,  2.31840E-03,  2.74712E-03,  3.11060E-03,  3.34960E-03,  3.38002E-03,NA,NA,NA,NA,NA,NA,NA,NA,NA,NA,NA,NA,NA,NA,NA,NA,NA,NA,NA,NA,NA,NA,NA,NA,NA,NA,NA,NA,NA,NA,NA,NA,NA,NA,NA,NA,NA,NA,NA,NA,NA,NA,NA,NA,NA,NA,NA,NA,NA,NA,NA,NA,NA,NA,NA,NA,NA,NA,NA,NA,NA,NA,NA,NA,NA,NA,NA,NA,NA,NA,NA,NA,NA,NA,
NA, -1.71646E-03, -1.57103E-03, -1.40718E-03, -1.22346E-03, -1.01859E-03, -7.91625E-04, -5.42170E-04, -2.70748E-04,  2.07220E-05,  3.28237E-04,  6.44769E-04,  9.58992E-04,  1.25362E-03,  1.50329E-03,  1.67206E-03,  1.71071E-03,  1.55426E-03,  1.12071E-03,  3.12564E-04,NA,NA,NA,NA,NA,NA,NA,NA,NA,NA,NA,NA,NA,NA,NA,NA,NA,NA,NA,NA,NA,NA,NA,NA,NA,NA,NA,NA,NA,NA,NA,NA,NA,NA,NA,NA,NA,NA,NA,NA,NA,NA,NA,NA,NA,NA,NA,NA,NA,NA,NA,NA,NA,NA,NA,NA,NA,NA,NA,NA,NA,NA,NA,NA,NA,NA,NA,NA,NA,NA,NA,NA,
NA, -1.85936E-03, -1.73690E-03, -1.60003E-03, -1.44801E-03, -1.28036E-03, -1.09707E-03, -8.98772E-04, -6.87070E-04, -4.64959E-04, -2.37375E-04, -1.19072E-05,  2.00300E-04,  3.83473E-04,  5.15996E-04,  5.69201E-04,  5.06441E-04,  2.82941E-04, -1.52747E-04, -8.54532E-04, -1.87029E-03,NA,NA,NA,NA,NA,NA,NA,NA,NA,NA,NA,NA,NA,NA,NA,NA,NA,NA,NA,NA,NA,NA,NA,NA,NA,NA,NA,NA,NA,NA,NA,NA,NA,NA,NA,NA,NA,NA,NA,NA,NA,NA,NA,NA,NA,NA,NA,NA,NA,NA,NA,NA,NA,NA,NA,NA,NA,NA,NA,NA,NA,NA,NA,NA,NA,NA,NA,NA,NA,NA,NA,
NA,NA, -1.89249E-03, -1.77957E-03, -1.65528E-03, -1.51972E-03, -1.37342E-03, -1.21757E-03, -1.05426E-03, -8.86819E-04, -7.20160E-04, -5.61296E-04, -4.19852E-04, -3.08617E-04, -2.44024E-04, -2.46363E-04, -3.39466E-04, -5.49377E-04, -9.01384E-04, -1.41452E-03, -2.09250E-03,NA,NA,NA,NA,NA,NA,NA,NA,NA,NA,NA,NA,NA,NA,NA,NA,NA,NA,NA,NA,NA,NA,NA,NA,NA,NA,NA,NA,NA,NA,NA,NA,NA,NA,NA,NA,NA,NA,NA,NA,NA,NA,NA,NA,NA,NA,NA,NA,NA,NA,NA,NA,NA,NA,NA,NA,NA,NA,NA,NA,NA,NA,NA,NA,NA,NA,NA,NA,NA,NA,NA,
NA,NA, -2.03642E-03, -1.94432E-03, -1.84381E-03, -1.73525E-03, -1.61948E-03, -1.49786E-03, -1.37253E-03, -1.24656E-03, -1.12424E-03, -1.01129E-03, -9.15072E-04, -8.44727E-04, -8.11093E-04, -8.26228E-04, -9.02284E-04, -1.04935E-03, -1.27171E-03, -1.56197E-03, -1.89210E-03, -2.20077E-03,NA,NA,NA,NA,NA,NA,NA,NA,NA,NA,NA,NA,NA,NA,NA,NA,NA,NA,NA,NA,NA,NA,NA,NA,NA,NA,NA,NA,NA,NA,NA,NA,NA,NA,NA,NA,NA,NA,NA,NA,NA,NA,NA,NA,NA,NA,NA,NA,NA,NA,NA,NA,NA,NA,NA,NA,NA,NA,NA,NA,NA,NA,NA,NA,NA,NA,NA,NA,NA,NA,
NA,NA,NA, -2.09355E-03, -2.01297E-03, -1.92664E-03, -1.83542E-03, -1.74061E-03, -1.64404E-03, -1.54822E-03, -1.45642E-03, -1.37269E-03, -1.30187E-03, -1.24935E-03, -1.22067E-03, -1.22052E-03, -1.25125E-03, -1.31023E-03, -1.38595E-03, -1.45216E-03, -1.45951E-03, -1.32403E-03,NA,NA,NA,NA,NA,NA,NA,NA,NA,NA,NA,NA,NA,NA,NA,NA,NA,NA,NA,NA,NA,NA,NA,NA,NA,NA,NA,NA,NA,NA,NA,NA,NA,NA,NA,NA,NA,NA,NA,NA,NA,NA,NA,NA,NA,NA,NA,NA,NA,NA,NA,NA,NA,NA,NA,NA,NA,NA,NA,NA,NA,NA,NA,NA,NA,NA,NA,NA,NA,NA,
NA,NA,NA, -2.22708E-03, -2.16290E-03, -2.09444E-03, -2.02246E-03, -1.94799E-03, -1.87239E-03, -1.79739E-03, -1.72508E-03, -1.65776E-03, -1.59778E-03, -1.54711E-03, -1.50661E-03, -1.47495E-03, -1.44676E-03, -1.41001E-03, -1.34214E-03, -1.20463E-03, -9.35428E-04, -4.38701E-04,NA,NA,NA,NA,NA,NA,NA,NA,NA,NA,NA,NA,NA,NA,NA,NA,NA,NA,NA,NA,NA,NA,NA,NA,NA,NA,NA,NA,NA,NA,NA,NA,NA,NA,NA,NA,NA,NA,NA,NA,NA,NA,NA,NA,NA,NA,NA,NA,NA,NA,NA,NA,NA,NA,NA,NA,NA,NA,NA,NA,NA,NA,NA,NA,NA,NA,NA,NA,NA,NA,
NA,NA,NA,NA, -2.29428E-03, -2.23988E-03, -2.18257E-03, -2.12302E-03, -2.06204E-03, -2.00051E-03, -1.93932E-03, -1.87913E-03, -1.82005E-03, -1.76113E-03, -1.69949E-03, -1.62915E-03, -1.53916E-03, -1.41114E-03, -1.21567E-03, -9.07457E-04, -4.18736E-04,  3.49593E-04,NA,NA,NA,NA,NA,NA,NA,NA,NA,NA,NA,NA,NA,NA,NA,NA,NA,NA,NA,NA,NA,NA,NA,NA,NA,NA,NA,NA,NA,NA,NA,NA,NA,NA,NA,NA,NA,NA,NA,NA,NA,NA,NA,NA,NA,NA,NA,NA,NA,NA,NA,NA,NA,NA,NA,NA,NA,NA,NA,NA,NA,NA,NA,NA,NA,NA,NA,NA,NA,NA,
NA,NA,NA,NA,NA, -2.36466E-03, -2.31823E-03, -2.26924E-03, -2.21790E-03, -2.16430E-03, -2.10823E-03, -2.04891E-03, -1.98461E-03, -1.91207E-03, -1.82561E-03, -1.71598E-03, -1.56865E-03, -1.36150E-03, -1.06174E-03, -6.21770E-04,  2.63732E-05,  9.78328E-04,NA,NA,NA,NA,NA,NA,NA,NA,NA,NA,NA,NA,NA,NA,NA,NA,NA,NA,NA,NA,NA,NA,NA,NA,NA,NA,NA,NA,NA,NA,NA,NA,NA,NA,NA,NA,NA,NA,NA,NA,NA,NA,NA,NA,NA,NA,NA,NA,NA,NA,NA,NA,NA,NA,NA,NA,NA,NA,NA,NA,NA,NA,NA,NA,NA,NA,NA,NA,NA,NA,
NA,NA,NA,NA,NA,NA, -2.43219E-03, -2.39036E-03, -2.34496E-03, -2.29536E-03, -2.24042E-03, -2.17821E-03, -2.10557E-03, -2.01757E-03, -1.90666E-03, -1.76156E-03, -1.56582E-03, -1.29581E-03, -9.18139E-04, -3.86286E-04,  3.63758E-04,  1.41925E-03,NA,NA,NA,NA,NA,NA,NA,NA,NA,NA,NA,NA,NA,NA,NA,NA,NA,NA,NA,NA,NA,NA,NA,NA,NA,NA,NA,NA,NA,NA,NA,NA,NA,NA,NA,NA,NA,NA,NA,NA,NA,NA,NA,NA,NA,NA,NA,NA,NA,NA,NA,NA,NA,NA,NA,NA,NA,NA,NA,NA,NA,NA,NA,NA,NA,NA,NA,NA,NA,NA,
NA,NA,NA,NA,NA,NA,NA, -2.49007E-03, -2.44800E-03, -2.39982E-03, -2.34366E-03, -2.27673E-03, -2.19488E-03, -2.09210E-03, -1.95975E-03, -1.78564E-03, -1.55274E-03, -1.23759E-03, -8.08268E-04, -2.21792E-04,  5.79114E-04,  1.67014E-03,NA,NA,NA,NA,NA,NA,NA,NA,NA,NA,NA,NA,NA,NA,NA,NA,NA,NA,NA,NA,NA,NA,NA,NA,NA,NA,NA,NA,NA,NA,NA,NA,NA,NA,NA,NA,NA,NA,NA,NA,NA,NA,NA,NA,NA,NA,NA,NA,NA,NA,NA,NA,NA,NA,NA,NA,NA,NA,NA,NA,NA,NA,NA,NA,NA,NA,NA,NA,NA,NA,
NA,NA,NA,NA,NA,NA,NA, -2.57190E-03, -2.53145E-03, -2.48319E-03, -2.42472E-03, -2.35267E-03, -2.26229E-03, -2.14702E-03, -1.99782E-03, -1.80239E-03, -1.54417E-03, -1.20113E-03, -7.44189E-04, -1.35432E-04,  6.74107E-04,  1.74705E-03,NA,NA,NA,NA,NA,NA,NA,NA,NA,NA,NA,NA,NA,NA,NA,NA,NA,NA,NA,NA,NA,NA,NA,NA,NA,NA,NA,NA,NA,NA,NA,NA,NA,NA,NA,NA,NA,NA,NA,NA,NA,NA,NA,NA,NA,NA,NA,NA,NA,NA,NA,NA,NA,NA,NA,NA,NA,NA,NA,NA,NA,NA,NA,NA,NA,NA,NA,NA,NA,NA,
NA,NA,NA,NA,NA,NA,NA,NA, -2.59923E-03, -2.55021E-03, -2.48926E-03, -2.41267E-03, -2.31545E-03, -2.19089E-03, -2.03007E-03, -1.82123E-03, -1.54901E-03, -1.19356E-03, -7.29493E-04, -1.24684E-04,  6.61004E-04,  1.67708E-03,  2.98373E-03,NA,NA,NA,NA,NA,NA,NA,NA,NA,NA,NA,NA,NA,NA,NA,NA,NA,NA,NA,NA,NA,NA,NA,NA,NA,NA,NA,NA,NA,NA,NA,NA,NA,NA,NA,NA,NA,NA,NA,NA,NA,NA,NA,NA,NA,NA,NA,NA,NA,NA,NA,NA,NA,NA,NA,NA,NA,NA,NA,NA,NA,NA,NA,NA,NA,NA,NA,NA,NA,
NA,NA,NA,NA,NA,NA,NA,NA,NA, -2.60487E-03, -2.54189E-03, -2.46196E-03, -2.36011E-03, -2.22981E-03, -2.06264E-03, -1.84780E-03, -1.57158E-03, -1.21675E-03, -7.61916E-04, -1.80864E-04,  5.58016E-04,  1.49215E-03,  2.66480E-03,NA,NA,NA,NA,NA,NA,NA,NA,NA,NA,NA,NA,NA,NA,NA,NA,NA,NA,NA,NA,NA,NA,NA,NA,NA,NA,NA,NA,NA,NA,NA,NA,NA,NA,NA,NA,NA,NA,NA,NA,NA,NA,NA,NA,NA,NA,NA,NA,NA,NA,NA,NA,NA,NA,NA,NA,NA,NA,NA,NA,NA,NA,NA,NA,NA,NA,NA,NA,NA,
NA,NA,NA,NA,NA,NA,NA,NA,NA, -2.65037E-03, -2.58620E-03, -2.50445E-03, -2.40036E-03, -2.26782E-03, -2.09917E-03, -1.88482E-03, -1.61292E-03, -1.26897E-03, -8.35556E-04, -2.92015E-04,  3.85592E-04,  1.22429E-03,  2.25343E-03,  3.50311E-03,NA,NA,NA,NA,NA,NA,NA,NA,NA,NA,NA,NA,NA,NA,NA,NA,NA,NA,NA,NA,NA,NA,NA,NA,NA,NA,NA,NA,NA,NA,NA,NA,NA,NA,NA,NA,NA,NA,NA,NA,NA,NA,NA,NA,NA,NA,NA,NA,NA,NA,NA,NA,NA,NA,NA,NA,NA,NA,NA,NA,NA,NA,NA,NA,NA,NA,NA,NA,
NA,NA,NA,NA,NA,NA,NA,NA,NA,NA, -2.62490E-03, -2.54295E-03, -2.43895E-03, -2.30738E-03, -2.14146E-03, -1.93293E-03, -1.67182E-03, -1.34632E-03, -9.42650E-04, -4.45102E-04,  1.63752E-04,  9.02479E-04,  1.78970E-03,  2.84224E-03,  4.07210E-03,NA,NA,NA,NA,NA,NA,NA,NA,NA,NA,NA,NA,NA,NA,NA,NA,NA,NA,NA,NA,NA,NA,NA,NA,NA,NA,NA,NA,NA,NA,NA,NA,NA,NA,NA,NA,NA,NA,NA,NA,NA,NA,NA,NA,NA,NA,NA,NA,NA,NA,NA,NA,NA,NA,NA,NA,NA,NA,NA,NA,NA,NA,NA,NA,NA,NA,NA,
NA,NA,NA,NA,NA,NA,NA,NA,NA,NA, -2.65997E-03, -2.57935E-03, -2.47754E-03, -2.34968E-03, -2.18992E-03, -1.99131E-03, -1.74572E-03, -1.44376E-03, -1.07488E-03, -6.27528E-04, -8.95672E-05,  5.51036E-04,  1.30505E-03,  2.18023E-03,  3.17879E-03,  4.29392E-03,NA,NA,NA,NA,NA,NA,NA,NA,NA,NA,NA,NA,NA,NA,NA,NA,NA,NA,NA,NA,NA,NA,NA,NA,NA,NA,NA,NA,NA,NA,NA,NA,NA,NA,NA,NA,NA,NA,NA,NA,NA,NA,NA,NA,NA,NA,NA,NA,NA,NA,NA,NA,NA,NA,NA,NA,NA,NA,NA,NA,NA,NA,NA,NA,NA,NA,
NA,NA,NA,NA,NA,NA,NA,NA,NA,NA,NA, -2.61482E-03, -2.51699E-03, -2.39504E-03, -2.24406E-03, -2.05834E-03, -1.83139E-03, -1.55597E-03, -1.22425E-03, -8.28053E-04, -3.59342E-04,  1.89079E-04,  8.22518E-04,  1.54293E-03,  2.34698E-03,  3.22362E-03,  4.15132E-03,NA,NA,NA,NA,NA,NA,NA,NA,NA,NA,NA,NA,NA,NA,NA,NA,NA,NA,NA,NA,NA,NA,NA,NA,NA,NA,NA,NA,NA,NA,NA,NA,NA,NA,NA,NA,NA,NA,NA,NA,NA,NA,NA,NA,NA,NA,NA,NA,NA,NA,NA,NA,NA,NA,NA,NA,NA,NA,NA,NA,NA,NA,NA,NA,NA,
NA,NA,NA,NA,NA,NA,NA,NA,NA,NA,NA,NA, -2.55755E-03, -2.44318E-03, -2.30283E-03, -2.13192E-03, -1.92541E-03, -1.67786E-03, -1.38364E-03, -1.03724E-03, -6.33676E-04, -1.69191E-04,  3.57920E-04,  9.46156E-04,  1.58943E-03,  2.27550E-03,  2.98437E-03,  3.68713E-03,  4.34559E-03,NA,NA,NA,NA,NA,NA,NA,NA,NA,NA,NA,NA, -2.19221E-03,NA,NA,NA,NA,NA,NA,NA,NA,NA,NA,NA,NA,NA,NA,NA,NA,NA,NA,NA,NA,NA,NA,NA,NA,NA,NA,NA,NA,NA,NA,NA,NA,NA,NA,NA,NA,NA,NA,NA,NA,NA,NA,NA,NA,NA,NA,NA,NA,NA,NA,
NA,NA,NA,NA,NA,NA,NA,NA,NA,NA,NA,NA, -2.59907E-03, -2.49345E-03, -2.36491E-03, -2.20987E-03, -2.02450E-03, -1.80485E-03, -1.54704E-03, -1.24755E-03, -9.03632E-04, -5.13845E-04, -7.87325E-05,  3.98342E-04,  9.10260E-04,  1.44519E-03,  1.98577E-03,  2.50868E-03,  2.98501E-03,  3.38160E-03,  3.66388E-03,NA,NA,NA,NA,NA,NA,NA,NA, -7.44249E-04, -1.65075E-03, -2.52644E-03,NA,NA,NA,NA,NA,NA,NA,NA,NA,NA,NA,NA,NA,NA,NA,NA,NA,NA,NA,NA,NA,NA,NA,NA,NA,NA,NA,NA,NA,NA,NA,NA,NA,NA,NA,NA,NA,NA,NA,NA,NA,NA,NA,NA,NA,NA,NA,NA,NA,NA,
NA,NA,NA,NA,NA,NA,NA,NA,NA,NA,NA,NA,NA, -2.54500E-03, -2.42888E-03, -2.29006E-03, -2.12572E-03, -1.93308E-03, -1.70961E-03, -1.45327E-03, -1.16285E-03, -8.38412E-04, -4.81797E-04, -9.72018E-05,  3.08215E-04,  7.23785E-04,  1.13497E-03,  1.52332E-03,  1.86706E-03,  2.14225E-03,  2.32483E-03,  2.39328E-03,  2.33144E-03,  2.13106E-03,  1.79332E-03,  1.32890E-03,  7.56649E-04,  1.01080E-04, -6.10540E-04, -1.35098E-03, -2.09526E-03, -2.82204E-03, -3.51432E-03,NA,NA,NA,NA,NA,NA,NA,NA,NA,NA,NA,NA,NA,NA,NA,NA,NA,NA,NA,NA,NA,NA,NA,NA,NA,NA,NA,NA,NA,NA,NA,NA,NA,NA,NA,NA,NA,NA,NA,NA,NA,NA,NA,NA,NA,NA,NA,NA,NA,
NA,NA,NA,NA,NA,NA,NA,NA,NA,NA,NA,NA,NA,NA, -2.49337E-03, -2.37058E-03, -2.22655E-03, -2.05942E-03, -1.86766E-03, -1.65027E-03, -1.40709E-03, -1.13909E-03, -8.48771E-04, -5.40528E-04, -2.21041E-04,  1.00446E-04,  4.12016E-04,  6.99234E-04,  9.45694E-04,  1.13401E-03,  1.24723E-03,  1.27061E-03,  1.19338E-03,  1.01032E-03,  7.22595E-04,  3.37820E-04, -1.30744E-04, -6.65713E-04, -1.24741E-03, -1.85572E-03, -2.47162E-03, -3.07830E-03, -3.66179E-03,NA,NA,NA,NA,NA,NA,NA,NA,NA,NA,NA,NA,NA,NA,NA,NA,NA,NA,NA,NA,NA,NA,NA,NA,NA,NA,NA,NA,NA,NA,NA,NA,NA,NA,NA,NA,NA,NA,NA,NA,NA,NA,NA,NA,NA,NA,NA,NA,NA,
NA,NA,NA,NA,NA,NA,NA,NA,NA,NA,NA,NA,NA,NA,NA, -2.44980E-03, -2.32496E-03, -2.18145E-03, -2.01847E-03, -1.83576E-03, -1.63379E-03, -1.41406E-03, -1.17930E-03, -9.33763E-04, -6.83405E-04, -4.36043E-04, -2.01317E-04,  9.52371E-06,  1.84110E-04,  3.09712E-04,  3.74250E-04,  3.67466E-04,  2.82081E-04,  1.14738E-04, -1.33455E-04, -4.56905E-04, -8.46048E-04, -1.28829E-03, -1.76921E-03, -2.27377E-03, -2.78739E-03, -3.29685E-03, -3.79080E-03,NA,NA,NA,NA,NA,NA,NA,NA,NA,NA,NA,NA,NA,NA,NA,NA,NA,NA,NA,NA,NA,NA,NA,NA,NA,NA,NA,NA,NA,NA,NA,NA,NA,NA,NA,NA,NA,NA,NA,NA,NA,NA,NA,NA,NA,NA,NA,NA,NA,
NA,NA,NA,NA,NA,NA,NA,NA,NA,NA,NA,NA,NA,NA,NA,NA, -2.41936E-03, -2.29739E-03, -2.16020E-03, -2.00799E-03, -1.84165E-03, -1.66289E-03, -1.47444E-03, -1.28021E-03, -1.08537E-03, -8.96433E-04, -7.21134E-04, -5.68224E-04, -4.47060E-04, -3.67033E-04, -3.36846E-04, -3.63723E-04, -4.52657E-04, -6.05800E-04, -8.22128E-04, -1.09744E-03, -1.42468E-03, -1.79455E-03, -2.19631E-03, -2.61859E-03, -3.05016E-03, -3.48058E-03, -3.90066E-03, -4.30269E-03,NA,NA,NA,NA,NA,NA,NA,NA,NA,NA,NA,NA,NA,NA,NA,NA,NA,NA,NA,NA,NA,NA,NA,NA,NA,NA,NA,NA,NA,NA,NA,NA,NA,NA,NA,NA,NA,NA,NA,NA,NA,NA,NA,NA,NA,NA,NA,NA,
NA,NA,NA,NA,NA,NA,NA,NA,NA,NA,NA,NA,NA,NA,NA,NA,NA, -2.40601E-03, -2.29167E-03, -2.16607E-03, -2.03029E-03, -1.88611E-03, -1.73610E-03, -1.58374E-03, -1.43345E-03, -1.29060E-03, -1.16137E-03, -1.05257E-03, -9.71305E-04, -9.24552E-04, -9.18644E-04, -9.58725E-04, -1.04825E-03, -1.18859E-03, -1.37881E-03, -1.61569E-03, -1.89392E-03, -2.20653E-03, -2.54538E-03, -2.90179E-03, -3.26705E-03, -3.63288E-03, -3.99184E-03, -4.33753E-03,NA,NA,NA,NA,NA,NA,NA,NA,NA,NA,NA,NA,NA,NA,NA,NA,NA,NA,NA,NA,NA,NA,NA,NA,NA,NA,NA,NA,NA,NA,NA,NA,NA,NA,NA,NA,NA,NA,NA,NA,NA,NA,NA,NA,NA,NA,NA,NA,
NA,NA,NA,NA,NA,NA,NA,NA,NA,NA,NA,NA,NA,NA,NA,NA,NA,NA,NA, -2.30969E-03, -2.19998E-03, -2.08484E-03, -1.96663E-03, -1.84839E-03, -1.73385E-03, -1.62739E-03, -1.53395E-03, -1.45884E-03, -1.40747E-03, -1.38507E-03, -1.39628E-03, -1.44480E-03, -1.53304E-03, -1.66184E-03, -1.83038E-03, -2.03612E-03, -2.27501E-03, -2.54172E-03, -2.83004E-03, -3.13324E-03, -3.44451E-03, -3.75727E-03, -4.06548E-03, -4.36385E-03, -4.64792E-03,NA,NA,NA,NA,NA,NA,NA,NA,NA,NA,NA,NA,NA,NA,NA,NA,NA,NA,NA,NA,NA,NA,NA,NA,NA,NA,NA,NA,NA,NA,NA,NA,NA,NA,NA,NA,NA,NA,NA,NA,NA,NA,NA,NA,NA,NA,NA,
NA,NA,NA,NA,NA,NA,NA,NA,NA,NA,NA,NA,NA,NA,NA,NA,NA,NA,NA,NA, -2.35143E-03, -2.26060E-03, -2.16864E-03, -2.07817E-03, -1.99229E-03, -1.91459E-03, -1.84901E-03, -1.79968E-03, -1.77076E-03, -1.76618E-03, -1.78937E-03, -1.84301E-03, -1.92878E-03, -2.04718E-03, -2.19748E-03, -2.37766E-03, -2.58457E-03, -2.81409E-03, -3.06139E-03, -3.32124E-03, -3.58824E-03, -3.85715E-03, -4.12306E-03, -4.38158E-03, -4.62894E-03, -4.86206E-03,NA,NA,NA,NA,NA,NA,NA,NA,NA,NA,NA,NA,NA,NA,NA,NA,NA,NA,NA,NA,NA,NA,NA,NA,NA,NA,NA,NA,NA,NA,NA,NA,NA,NA,NA,NA,NA,NA,NA,NA,NA,NA,NA,NA,NA,NA,
NA,NA,NA,NA,NA,NA,NA,NA,NA,NA,NA,NA,NA,NA,NA,NA,NA,NA,NA,NA,NA,NA, -2.34475E-03, -2.27684E-03, -2.21395E-03, -2.15900E-03, -2.11511E-03, -2.08553E-03, -2.07347E-03, -2.08189E-03, -2.11335E-03, -2.16978E-03, -2.25237E-03, -2.36141E-03, -2.49621E-03, -2.65516E-03, -2.83578E-03, -3.03483E-03, -3.24854E-03, -3.47276E-03, -3.70321E-03, -3.93568E-03, -4.16617E-03, -4.39105E-03, -4.60712E-03, -4.81172E-03, -5.00272E-03,NA,NA,NA,NA,NA,NA,NA,NA,NA,NA,NA,NA,NA,NA,NA,NA,NA,NA,NA,NA,NA,NA,NA,NA,NA,NA,NA,NA,NA,NA,NA,NA,NA,NA,NA,NA,NA,NA,NA,NA,NA,NA,NA,NA,NA,
NA,NA,NA,NA,NA,NA,NA,NA,NA,NA,NA,NA,NA,NA,NA,NA,NA,NA,NA,NA,NA,NA,NA, -2.44791E-03, -2.40345E-03, -2.36648E-03, -2.33950E-03, -2.32506E-03, -2.32563E-03, -2.34346E-03, -2.38048E-03, -2.43809E-03, -2.51711E-03, -2.61768E-03, -2.73920E-03, -2.88034E-03, -3.03911E-03, -3.21297E-03, -3.39891E-03, -3.59363E-03, -3.79371E-03, -3.99574E-03, -4.19645E-03, -4.39281E-03, -4.58216E-03, -4.76218E-03, -4.93101E-03, -5.08717E-03, -5.22960E-03,NA,NA,NA,NA,NA,NA,NA,NA,NA,NA,NA,NA,NA,NA,NA,NA,NA,NA,NA,NA,NA,NA,NA,NA,NA,NA,NA,NA,NA,NA,NA,NA,NA,NA,NA,NA,NA,NA,NA,NA,NA,NA,NA,
NA,NA,NA,NA,NA,NA,NA,NA,NA,NA,NA,NA,NA,NA,NA,NA,NA,NA,NA,NA,NA,NA,NA,NA,NA, -2.54212E-03, -2.52830E-03, -2.52543E-03, -2.53542E-03, -2.56000E-03, -2.60060E-03, -2.65825E-03, -2.73352E-03, -2.82644E-03, -2.93647E-03, -3.06252E-03, -3.20299E-03, -3.35583E-03, -3.51863E-03, -3.68875E-03, -3.86342E-03, -4.03988E-03, -4.21542E-03, -4.38755E-03, -4.55401E-03, -4.71282E-03, -4.86235E-03, -5.00126E-03, -5.12857E-03, -5.24359E-03, -5.34592E-03,NA,NA,NA,NA,NA,NA,NA,NA,NA,NA,NA,NA,NA,NA,NA,NA,NA,NA,NA,NA,NA,NA,NA,NA,NA,NA,NA,NA,NA,NA,NA,NA,NA,NA,NA,NA,NA,NA,NA,NA,NA,
NA,NA,NA,NA,NA,NA,NA,NA,NA,NA,NA,NA,NA,NA,NA,NA,NA,NA,NA,NA,NA,NA,NA,NA,NA,NA,NA,NA, -2.70960E-03, -2.73892E-03, -2.78165E-03, -2.83856E-03, -2.91003E-03, -2.99602E-03, -3.09605E-03, -3.20921E-03, -3.33421E-03, -3.46936E-03, -3.61273E-03, -3.76219E-03, -3.91548E-03, -4.07033E-03, -4.22453E-03, -4.37599E-03, -4.52280E-03, -4.66327E-03, -4.79598E-03, -4.91974E-03, -5.03364E-03, -5.13702E-03, -5.22946E-03,NA,NA,NA,NA,NA,NA,NA,NA,NA,NA,NA,NA,NA,NA,NA,NA,NA,NA,NA,NA,NA,NA,NA,NA,NA,NA,NA,NA,NA,NA,NA,NA,NA,NA,NA,NA,NA,NA,NA,NA,NA,
NA,NA,NA,NA,NA,NA,NA,NA,NA,NA,NA,NA,NA,NA,NA,NA,NA,NA,NA,NA,NA,NA,NA,NA,NA,NA,NA,NA,NA,NA,NA, -2.98571E-03, -3.05342E-03, -3.13313E-03, -3.22440E-03, -3.32648E-03, -3.43828E-03, -3.55845E-03, -3.68540E-03, -3.81739E-03, -3.95257E-03, -4.08909E-03, -4.22510E-03, -4.35886E-03, -4.48875E-03, -4.61334E-03, -4.73137E-03,NA,NA,NA,NA,NA,NA,NA,NA,NA,NA,NA,NA,NA,NA,NA,NA,NA,NA,NA,NA,NA,NA,NA,NA,NA,NA,NA,NA,NA,NA,NA,NA,NA,NA,NA,NA,NA,NA,NA,NA,NA,NA,NA,NA,NA,
NA,NA,NA,NA,NA,NA,NA,NA,NA,NA,NA,NA,NA,NA,NA,NA,NA,NA,NA,NA,NA,NA,NA,NA,NA,NA,NA,NA,NA,NA,NA,NA,NA,NA,NA,NA,NA,NA,NA,NA,NA,NA,NA,NA,NA,NA,NA,NA,NA,NA,NA,NA,NA,NA,NA,NA,NA,NA,NA,NA,NA,NA,NA,NA,NA,NA,NA,NA,NA,NA,NA,NA,NA,NA,NA,NA,NA,NA,NA,NA,NA,NA,NA,NA,NA,NA,NA,NA,NA,NA,NA,NA,
NA,NA,NA,NA,NA,NA,NA,NA,NA,NA,NA,NA,NA,NA,NA,NA,NA,NA,NA,NA,NA,NA,NA,NA,NA,NA,NA,NA,NA,NA,NA,NA,NA,NA,NA,NA,NA,NA,NA,NA,NA,NA,NA,NA,NA,NA,NA,NA,NA,NA,NA,NA,NA,NA,NA,NA,NA,NA,NA,NA,NA,NA,NA,NA,NA,NA,NA,NA,NA,NA,NA,NA,NA,NA,NA,NA,NA,NA,NA,NA,NA,NA,NA,NA,NA,NA,NA,NA,NA,NA,NA,NA,
NA,NA,NA,NA,NA,NA,NA,NA,NA,NA,NA,NA,NA,NA,NA,NA,NA,NA,NA,NA,NA,NA,NA,NA,NA,NA,NA,NA,NA,NA,NA,NA,NA,NA,NA,NA,NA,NA,NA,NA,NA,NA,NA,NA,NA,NA,NA,NA,NA,NA,NA,NA,NA,NA,NA,NA,NA,NA,NA,NA,NA,NA,NA,NA,NA,NA,NA,NA,NA,NA,NA,NA,NA,NA,NA,NA,NA,NA,NA,NA,NA,NA,NA,NA,NA,NA,NA,NA,NA,NA,NA,NA,
NA,NA,NA,NA,NA,NA,NA,NA,NA,NA,NA,NA,NA,NA,NA,NA,NA,NA,NA,NA,NA,NA,NA,NA,NA,NA,NA,NA,NA,NA,NA,NA,NA,NA,NA,NA,NA,NA,NA,NA,NA,NA,NA,NA,NA,NA,NA,NA,NA,NA,NA,NA,NA,NA,NA,NA,NA,NA,NA,NA,NA,NA,NA,NA,NA,NA,NA,NA,NA,NA,NA,NA,NA,NA,NA,NA,NA,NA,NA,NA,NA,NA,NA,NA,NA,NA,NA,NA,NA,NA,NA,NA,
NA,NA,NA,NA,NA,NA,NA,NA,NA,NA,NA,NA,NA,NA,NA,NA,NA,NA,NA,NA,NA,NA,NA,NA,NA,NA,NA,NA,NA,NA,NA,NA,NA,NA,NA,NA,NA,NA,NA,NA,NA,NA,NA,NA,NA,NA,NA,NA,NA,NA,NA,NA,NA,NA,NA,NA,NA,NA,NA,NA,NA,NA,NA,NA,NA,NA,NA,NA,NA,NA,NA,NA,NA,NA,NA,NA,NA,NA,NA,NA,NA,NA,NA,NA,NA,NA,NA,NA,NA,NA,NA,NA,
NA,NA,NA,NA,NA,NA,NA,NA,NA,NA,NA,NA,NA,NA,NA,NA,NA,NA,NA,NA,NA,NA,NA,NA,NA,NA,NA,NA,NA,NA,NA,NA,NA,NA,NA,NA,NA,NA,NA,NA,NA,NA,NA,NA,NA,NA,NA,NA,NA,NA,NA,NA,NA,NA,NA,NA,NA,NA,NA,NA,NA,NA,NA,NA,NA,NA,NA,NA,NA,NA,NA,NA,NA,NA,NA,NA,NA,NA,NA,NA,NA,NA,NA,NA,NA,NA,NA,NA,NA,NA,NA,NA,
NA,NA,NA,NA,NA,NA,NA,NA,NA,NA,NA,NA,NA,NA,NA,NA,NA,NA,NA,NA,NA,NA,NA,NA,NA,NA,NA,NA,NA,NA,NA,NA,NA,NA,NA,NA,NA,NA,NA,NA,NA,NA,NA,NA,NA,NA,NA,NA,NA,NA,NA,NA,NA,NA,NA,NA,NA,NA,NA,NA,NA,NA,NA,NA,NA,NA,NA,NA,NA,NA,NA,NA,NA,NA,NA,NA,NA,NA,NA,NA,NA,NA,NA,NA,NA,NA,NA,NA,NA,NA,NA,NA,
NA,NA,NA,NA,NA,NA,NA,NA,NA,NA,NA,NA,NA,NA,NA,NA,NA,NA,NA,NA,NA,NA,NA,NA,NA,NA,NA,NA,NA,NA,NA,NA,NA,NA,NA,NA,NA,NA,NA,NA,NA,NA,NA,NA,NA,NA,NA,NA,NA,NA,NA,NA,NA,NA,NA,NA,NA,NA,NA,NA,NA,NA,NA,NA,NA,NA,NA,NA,NA,NA,NA,NA,NA,NA,NA,NA,NA,NA,NA,NA,NA,NA,NA,NA,NA,NA,NA,NA,NA,NA,NA,NA,
