NA,NA,NA,NA,NA,NA,NA,NA,NA,NA,NA,NA,NA,NA,NA,NA,NA,NA,NA,  2.14575E-03,  2.24595E-03,  2.35459E-03,  2.47205E-03,  2.59852E-03,  2.73392E-03,  2.87789E-03,  3.02971E-03,  3.18826E-03,  3.35204E-03,  3.51910E-03,  3.68712E-03,  3.85346E-03,  4.01519E-03,  4.16930E-03,  4.31275E-03,  4.44269E-03,  4.55657E-03,  4.65231E-03,  4.72839E-03,  4.78395E-03,  4.81876E-03,  4.83325E-03,  4.82841E-03,  4.80568E-03,  4.76686E-03,  4.71394E-03,NA,NA,NA,NA,NA,NA,NA,NA,NA,NA,NA,NA,NA,NA,NA,NA,NA,NA,NA,NA,NA,NA,NA,NA,NA,NA,NA,NA,NA,NA,NA,NA,NA,NA,NA,NA,NA,NA,NA,NA,NA,NA,NA,NA,NA,NA,
NA,NA,NA,NA,NA,NA,NA,NA,NA,NA,NA,NA,NA,NA,NA,NA,NA,  2.06126E-03,  2.15155E-03,  2.25023E-03,  2.35813E-03,  2.47597E-03,  2.60435E-03,  2.74362E-03,  2.89388E-03,  3.05484E-03,  3.22580E-03,  3.40556E-03,  3.59240E-03,  3.78406E-03,  3.97774E-03,  4.17018E-03,  4.35779E-03,  4.53675E-03,  4.70322E-03,  4.85356E-03,  4.98455E-03,  5.09353E-03,  5.17864E-03,  5.23884E-03,  5.27399E-03,  5.28476E-03,  5.27257E-03,  5.23942E-03,  5.18771E-03,  5.12007E-03,  5.03918E-03,  4.94768E-03,NA,NA,NA,NA,NA,NA,NA,NA,NA,NA,NA,NA,NA,NA,NA,NA,NA,NA,NA,NA,NA,NA,NA,NA,NA,NA,NA,NA,NA,NA,NA,NA,NA,NA,NA,NA,NA,NA,NA,NA,NA,NA,NA,NA,
NA,NA,NA,NA,NA,NA,NA,NA,NA,NA,NA,NA,NA,NA,NA,  1.99192E-03,  2.07169E-03,  2.15884E-03,  2.25447E-03,  2.35967E-03,  2.47554E-03,  2.60309E-03,  2.74319E-03,  2.89648E-03,  3.06326E-03,  3.24341E-03,  3.43629E-03,  3.64066E-03,  3.85458E-03,  4.07541E-03,  4.29979E-03,  4.52373E-03,  4.74273E-03,  4.95195E-03,  5.14648E-03,  5.32165E-03,  5.47329E-03,  5.59802E-03,  5.69347E-03,  5.75845E-03,  5.79290E-03,  5.79792E-03,  5.77553E-03,  5.72848E-03,  5.66001E-03,  5.57358E-03,  5.47269E-03,  5.36062E-03,  5.24040E-03,  5.11464E-03,NA,NA,NA,NA,NA,NA,NA,NA,NA,NA,NA,NA,NA,NA,NA,NA,NA,NA,NA,NA,NA,NA,NA,NA,NA,NA,NA,NA,NA,NA,NA,NA,NA,NA,NA,NA,NA,NA,NA,NA,NA,NA,
NA,NA,NA,NA,NA,NA,NA,NA,NA,NA,NA,NA,NA,  1.94008E-03,  2.01070E-03,  2.08708E-03,  2.17033E-03,  2.26169E-03,  2.36250E-03,  2.47418E-03,  2.59816E-03,  2.73582E-03,  2.88840E-03,  3.05690E-03,  3.24196E-03,  3.44373E-03,  3.66171E-03,  3.89465E-03,  4.14044E-03,  4.39601E-03,  4.65734E-03,  4.91953E-03,  5.17690E-03,  5.42330E-03,  5.65239E-03,  5.85807E-03,  6.03490E-03,  6.17849E-03,  6.28585E-03,  6.35555E-03,  6.38775E-03,  6.38412E-03,  6.34757E-03,  6.28194E-03,  6.19161E-03,  6.08117E-03,  5.95512E-03,  5.81762E-03,  5.67239E-03,  5.52256E-03,  5.37068E-03,  5.21874E-03,NA,NA,NA,NA,NA,NA,NA,NA,NA,NA,NA,NA,NA,NA,NA,NA,NA,NA,NA,NA,NA,NA,NA,NA,NA,NA,NA,NA,NA,NA,NA,NA,NA,NA,NA,NA,NA,NA,NA,NA,
NA,NA,NA,NA,NA,NA,NA,NA,NA,NA,NA,NA,  1.96832E-03,  2.03651E-03,  2.10959E-03,  2.18868E-03,  2.27509E-03,  2.37031E-03,  2.47599E-03,  2.59392E-03,  2.72595E-03,  2.87393E-03,  3.03960E-03,  3.22446E-03,  3.42961E-03,  3.65562E-03,  3.90226E-03,  4.16839E-03,  4.45176E-03,  4.74886E-03,  5.05491E-03,  5.36385E-03,  5.66855E-03,  5.96107E-03,  6.23314E-03,  6.47674E-03,  6.68464E-03,  6.85108E-03,  6.97218E-03,  7.04623E-03,  7.07378E-03,  7.05738E-03,  7.00123E-03,  6.91070E-03,  6.79175E-03,  6.65048E-03,  6.49272E-03,  6.32372E-03,  6.14802E-03,  5.96932E-03,  5.79054E-03,  5.61382E-03,  5.44065E-03,NA,NA,NA,NA,NA,NA,NA,NA,NA,NA,NA,NA,NA,NA,NA,NA,NA,NA,NA,NA,NA,NA,NA,NA,NA,NA,NA,NA,NA,NA,NA,NA,NA,NA,NA,NA,NA,NA,NA,
NA,NA,NA,NA,NA,NA,NA,NA,NA,NA,NA,  2.00394E-03,  2.07054E-03,  2.14096E-03,  2.21626E-03,  2.29770E-03,  2.38681E-03,  2.48537E-03,  2.59538E-03,  2.71908E-03,  2.85883E-03,  3.01708E-03,  3.19621E-03,  3.39841E-03,  3.62544E-03,  3.87846E-03,  4.15774E-03,  4.46238E-03,  4.79012E-03,  5.13704E-03,  5.49747E-03,  5.86398E-03,  6.22754E-03,  6.57785E-03,  6.90404E-03,  7.19533E-03,  7.44206E-03,  7.63645E-03,  7.77344E-03,  7.85100E-03,  7.87026E-03,  7.83515E-03,  7.75180E-03,  7.62774E-03,  7.47117E-03,  7.29022E-03,  7.09241E-03,  6.88435E-03,  6.67152E-03,  6.45825E-03,  6.24778E-03,  6.04235E-03,  5.84337E-03,  5.65157E-03,NA,NA,NA,NA,NA,NA,NA,NA,NA,NA,NA,NA,NA,NA,NA,NA,NA,NA,NA,NA,NA,NA,NA,NA,NA,NA,NA,NA,NA,NA,NA,NA,NA,NA,NA,NA,NA,NA,
NA,NA,NA,NA,NA,NA,NA,NA,NA,  1.98279E-03,  2.04704E-03,  2.11332E-03,  2.18230E-03,  2.25484E-03,  2.33207E-03,  2.41542E-03,  2.50663E-03,  2.60778E-03,  2.72132E-03,  2.84997E-03,  2.99675E-03,  3.16483E-03,  3.35744E-03,  3.57766E-03,  3.82818E-03,  4.11103E-03,  4.42725E-03,  4.77648E-03,  5.15662E-03,  5.56343E-03,  5.99033E-03,  6.42822E-03,  6.86563E-03,  7.28919E-03,  7.68433E-03,  8.03650E-03,  8.33242E-03,  8.56149E-03,  8.71689E-03,  8.79626E-03,  8.80172E-03,  8.73931E-03,  8.61804E-03,  8.44864E-03,  8.24240E-03,  8.01018E-03,  7.76169E-03,  7.50517E-03,  7.24717E-03,  6.99261E-03,  6.74496E-03,  6.50642E-03,  6.27816E-03,  6.06057E-03,  5.85342E-03,NA,NA,NA,NA,NA,NA,NA,NA,NA,NA,NA,NA,NA,NA,NA,NA,NA,NA,NA,NA,NA,NA,NA,NA,NA,NA,NA,NA,NA,NA,NA,NA,NA,NA,NA,NA,NA,
NA,NA,NA,NA,NA,NA,NA,NA,  2.03052E-03,  2.09698E-03,  2.16464E-03,  2.23388E-03,  2.30535E-03,  2.37992E-03,  2.45878E-03,  2.54350E-03,  2.63604E-03,  2.73882E-03,  2.85473E-03,  2.98711E-03,  3.13972E-03,  3.31667E-03,  3.52222E-03,  3.76065E-03,  4.03590E-03,  4.35129E-03,  4.70899E-03,  5.10960E-03,  5.55152E-03,  6.03045E-03,  6.53890E-03,  7.06587E-03,  7.59685E-03,  8.11428E-03,  8.59856E-03,  9.02961E-03,  9.38891E-03,  9.66163E-03,  9.83843E-03,  9.91652E-03,  9.89971E-03,  9.79742E-03,  9.62304E-03,  9.39196E-03,  9.11985E-03,  8.82121E-03,  8.50854E-03,  8.19194E-03,  7.87909E-03,  7.57540E-03,  7.28436E-03,  7.00791E-03,  6.74673E-03,  6.50061E-03,  6.26870E-03,  6.04971E-03,  5.84213E-03,NA,NA,NA,NA,NA,NA,NA,NA,NA,NA,NA,NA,NA,NA,NA,NA,NA,NA,NA,NA,NA,NA,NA,NA,NA,NA,NA,NA,NA,NA,NA,NA,NA,NA,NA,
NA,NA,NA,NA,NA,NA,NA,  2.08207E-03,  2.15246E-03,  2.22339E-03,  2.29502E-03,  2.36764E-03,  2.44183E-03,  2.51841E-03,  2.59862E-03,  2.68411E-03,  2.77705E-03,  2.88021E-03,  2.99696E-03,  3.13132E-03,  3.28796E-03,  3.47206E-03,  3.68925E-03,  3.94532E-03,  4.24592E-03,  4.59612E-03,  4.99984E-03,  5.45919E-03,  5.97371E-03,  6.53946E-03,  7.14828E-03,  7.78710E-03,  8.43768E-03,  9.07694E-03,  9.67816E-03,  1.02133E-02,  1.06558E-02,  1.09844E-02,  1.11861E-02,  1.12575E-02,  1.12054E-02,  1.10445E-02,  1.07952E-02,  1.04797E-02,  1.01198E-02,  9.73499E-03,  9.34103E-03,  8.95014E-03,  8.57098E-03,  8.20916E-03,  7.86788E-03,  7.54838E-03,  7.25054E-03,  6.97325E-03,  6.71473E-03,  6.47284E-03,  6.24527E-03,  6.02968E-03,NA,NA,NA,NA,NA,NA,NA,NA,NA,NA,NA,NA,NA,NA,NA,NA,NA,NA,NA,NA,NA,NA,NA,NA,NA,NA,NA,NA,NA,NA,NA,NA,NA,NA,
NA,NA,NA,NA,NA,NA,  2.13543E-03,  2.21145E-03,  2.28769E-03,  2.36400E-03,  2.44040E-03,  2.51704E-03,  2.59435E-03,  2.67309E-03,  2.75442E-03,  2.84007E-03,  2.93235E-03,  3.03435E-03,  3.14996E-03,  3.28395E-03,  3.44199E-03,  3.63061E-03,  3.85706E-03,  4.12909E-03,  4.45457E-03,  4.84102E-03,  5.29488E-03,  5.82067E-03,  6.41991E-03,  7.08990E-03,  7.82239E-03,  8.60236E-03,  9.40718E-03,  1.02065E-02,  1.09638E-02,  1.16388E-02,  1.21930E-02,  1.25950E-02,  1.28254E-02,  1.28808E-02,  1.27728E-02,  1.25254E-02,  1.21693E-02,  1.17375E-02,  1.12604E-02,  1.07635E-02,  1.02668E-02,  9.78446E-03,  9.32564E-03,  8.89564E-03,  8.49672E-03,  8.12893E-03,  7.79083E-03,  7.47996E-03,  7.19332E-03,  6.92761E-03,  6.67950E-03,  6.44574E-03,  6.22338E-03,  6.00977E-03,  5.80268E-03,  5.60028E-03,  5.40122E-03,NA,NA,NA,NA,NA,NA,NA,NA,NA,NA,NA,NA,NA,NA,NA,NA,NA,NA,NA,NA,NA,NA,NA,NA,NA,NA,NA,NA,NA,
NA,NA,NA,NA,NA,NA,  2.27142E-03,  2.35488E-03,  2.43822E-03,  2.52113E-03,  2.60340E-03,  2.68500E-03,  2.76614E-03,  2.84739E-03,  2.92980E-03,  3.01503E-03,  3.10551E-03,  3.20455E-03,  3.31656E-03,  3.44710E-03,  3.60296E-03,  3.79223E-03,  4.02412E-03,  4.30884E-03,  4.65714E-03,  5.07983E-03,  5.58691E-03,  6.18654E-03,  6.88359E-03,  7.67799E-03,  8.56264E-03,  9.52128E-03,  1.05266E-02,NA,NA,NA,NA,NA,NA,NA,  1.46744E-02,  1.42972E-02,  1.37878E-02,  1.31948E-02,  1.25604E-02,  1.19183E-02,  1.12923E-02,  1.06981E-02,  1.01445E-02,  9.63541E-03,  9.17126E-03,  8.75010E-03,  8.36849E-03,  8.02216E-03,  7.70643E-03,  7.41652E-03,  7.14780E-03,  6.89593E-03,  6.65701E-03,  6.42767E-03,  6.20509E-03,  5.98704E-03,  5.77187E-03,  5.55851E-03,  5.34637E-03,  5.13532E-03,NA,NA,NA,NA,NA,NA,NA,NA,NA,NA,NA,NA,NA,NA,NA,NA,NA,NA,NA,NA,NA,NA,NA,NA,NA,NA,
NA,NA,NA,NA,NA,  2.32947E-03,  2.42179E-03,  2.51426E-03,  2.60633E-03,  2.69743E-03,  2.78711E-03,  2.87503E-03,  2.96110E-03,  3.04560E-03,  3.12932E-03,  3.21375E-03,  3.30126E-03,  3.39534E-03,  3.50081E-03,  3.62400E-03,  3.77295E-03,  3.95746E-03,  4.18911E-03,  4.48107E-03,  4.84780E-03,  5.30440E-03,  5.86578E-03,  6.54538E-03,  7.35346E-03,  8.29478E-03,  9.36566E-03,NA,NA,NA,NA,NA,NA,NA,NA,NA,NA,NA,NA,  1.48833E-02,  1.40383E-02,  1.32085E-02,  1.24211E-02,  1.16917E-02,  1.10268E-02,  1.04274E-02,  9.89074E-03,  9.41171E-03,  8.98414E-03,  8.60128E-03,  8.25628E-03,  7.94253E-03,  7.65379E-03,  7.38440E-03,  7.12936E-03,  6.88441E-03,  6.64606E-03,  6.41163E-03,  6.17920E-03,  5.94759E-03,  5.71623E-03,  5.48513E-03,  5.25472E-03,  5.02575E-03,NA,NA,NA,NA,NA,NA,NA,NA,NA,NA,NA,NA,NA,NA,NA,NA,NA,NA,NA,NA,NA,NA,NA,NA,
NA,NA,NA,NA,  2.38256E-03,  2.48496E-03,  2.58825E-03,  2.69172E-03,  2.79456E-03,  2.89596E-03,  2.99510E-03,  3.09127E-03,  3.18395E-03,  3.27298E-03,  3.35872E-03,  3.44231E-03,  3.52587E-03,  3.61287E-03,  3.70841E-03,  3.81953E-03,  3.95549E-03,  4.12800E-03,  4.35134E-03,  4.64224E-03,  5.01971E-03,  5.50440E-03,  6.11777E-03,  6.88072E-03,  7.81161E-03,NA,NA,NA,NA,NA,NA,NA,NA,NA,NA,NA,NA,NA,NA,NA,  1.57084E-02,  1.46383E-02,  1.36523E-02,  1.27621E-02,  1.19690E-02,  1.12687E-02,  1.06531E-02,  1.01129E-02,  9.63816E-03,  9.21886E-03,  8.84553E-03,  8.50928E-03,  8.20198E-03,  7.91637E-03,  7.64616E-03,  7.38606E-03,  7.13183E-03,  6.88030E-03,  6.62927E-03,  6.37750E-03,  6.12455E-03,  5.87066E-03,  5.61658E-03,  5.36346E-03,  5.11263E-03,  4.86556E-03,NA,NA,NA,NA,NA,NA,NA,NA,NA,NA,NA,NA,NA,NA,NA,NA,NA,NA,NA,NA,NA,NA,
NA,NA,NA,  2.42776E-03,  2.54090E-03,  2.65611E-03,  2.77262E-03,  2.88952E-03,  3.00575E-03,  3.12015E-03,  3.23150E-03,  3.33859E-03,  3.44034E-03,  3.53596E-03,  3.62518E-03,  3.70849E-03,  3.78753E-03,  3.86546E-03,  3.94739E-03,  4.04087E-03,  4.15632E-03,  4.30742E-03,  4.51144E-03,  4.78926E-03,  5.16537E-03,  5.66736E-03,  6.32517E-03,  7.16981E-03,NA,NA,NA,NA,NA,NA,NA,NA,NA,NA,NA,NA,NA,NA,NA,NA,NA,NA,  1.49780E-02,  1.39010E-02,  1.29641E-02,  1.21539E-02,  1.14551E-02,  1.08523E-02,  1.03308E-02,  9.87681E-03,  9.47753E-03,  9.12142E-03,  8.79810E-03,  8.49845E-03,  8.21467E-03,  7.94031E-03,  7.67027E-03,  7.40084E-03,  7.12960E-03,  6.85531E-03,  6.57778E-03,  6.29763E-03,  6.01611E-03,  5.73491E-03,  5.45591E-03,  5.18106E-03,  4.91222E-03,  4.65105E-03,NA,NA,NA,NA,NA,NA,NA,NA,NA,NA,NA,NA,NA,NA,NA,NA,NA,NA,NA,NA,
NA,NA,NA,  2.58639E-03,  2.71391E-03,  2.84434E-03,  2.97676E-03,  3.11007E-03,  3.24294E-03,  3.37382E-03,  3.50100E-03,  3.62266E-03,  3.73699E-03,  3.84237E-03,  3.93758E-03,  4.02219E-03,  4.09693E-03,  4.16423E-03,  4.22883E-03,  4.29843E-03,  4.38435E-03,  4.50220E-03,  4.67237E-03,  4.92047E-03,  5.27737E-03,  5.77907E-03,  6.46615E-03,NA,NA,NA,NA,NA,NA,NA,NA,NA,NA,NA,NA,NA,NA,NA,NA,NA,NA,NA,NA,  1.50937E-02,  1.40009E-02,  1.30754E-02,  1.22920E-02,  1.16280E-02,  1.10627E-02,  1.05777E-02,  1.01567E-02,  9.78493E-03,  9.44948E-03,  9.13908E-03,  8.84416E-03,  8.55692E-03,  8.27131E-03,  7.98306E-03,  7.68957E-03,  7.38976E-03,  7.08382E-03,  6.77300E-03,  6.45926E-03,  6.14505E-03,  5.83298E-03,  5.52566E-03,  5.22552E-03,  4.93464E-03,  4.65476E-03,NA,NA,NA,NA,NA,NA,NA,NA,NA,NA,NA,NA,NA,NA,NA,NA,NA,NA,NA,
NA,NA,  2.61875E-03,  2.75824E-03,  2.90258E-03,  3.05102E-03,  3.20256E-03,  3.35588E-03,  3.50939E-03,  3.66113E-03,  3.80883E-03,  3.94995E-03,  4.08177E-03,  4.20156E-03,  4.30686E-03,  4.39584E-03,  4.46782E-03,  4.52393E-03,  4.56793E-03,  4.60705E-03,  4.65306E-03,  4.72316E-03,  4.84094E-03,  5.03704E-03,NA,NA,NA,NA,NA,NA,NA,NA,NA,NA,NA,NA,NA,NA,NA,NA,NA,NA,NA,NA,NA,NA,NA,  1.63186E-02,  1.50646E-02,  1.40238E-02,  1.31589E-02,  1.24383E-02,  1.18349E-02,  1.13253E-02,  1.08889E-02,  1.05077E-02,  1.01657E-02,  9.84916E-03,  9.54652E-03,  9.24838E-03,  8.94762E-03,  8.63939E-03,  8.32101E-03,  7.99172E-03,  7.65241E-03,  7.30521E-03,  6.95313E-03,  6.59965E-03,  6.24839E-03,  5.90282E-03,  5.56605E-03,  5.24070E-03,  4.92886E-03,  4.63205E-03,NA,NA,NA,NA,NA,NA,NA,NA,NA,NA,NA,NA,NA,NA,NA,NA,NA,NA,
NA,NA,  2.78641E-03,  2.94382E-03,  3.10773E-03,  3.27741E-03,  3.45179E-03,  3.62943E-03,  3.80845E-03,  3.98651E-03,  4.16074E-03,  4.32776E-03,  4.48377E-03,  4.62466E-03,  4.74630E-03,  4.84494E-03,  4.91783E-03,  4.96398E-03,  4.98525E-03,  4.98757E-03,  4.98226E-03,  4.98755E-03,NA,NA,NA,NA,NA,NA,NA,NA,NA,NA,NA,NA,NA,NA,NA,NA,NA,NA,NA,NA,NA,NA,NA,NA,NA,NA,  1.61381E-02,  1.49891E-02,  1.40509E-02,  1.32825E-02,  1.26501E-02,  1.21250E-02,  1.16822E-02,  1.13000E-02,  1.09591E-02,  1.06428E-02,  1.03371E-02,  1.00308E-02,  9.71544E-03,  9.38568E-03,  9.03885E-03,  8.67484E-03,  8.29556E-03,  7.90452E-03,  7.50618E-03,  7.10546E-03,  6.70732E-03,  6.31631E-03,  5.93643E-03,  5.57092E-03,  5.22224E-03,  4.89209E-03,  4.58145E-03,  4.29072E-03,NA,NA,NA,NA,NA,NA,NA,NA,NA,NA,NA,NA,NA,NA,NA,NA,
NA,  2.79664E-03,  2.96551E-03,  3.14340E-03,  3.32995E-03,  3.52451E-03,  3.72604E-03,  3.93305E-03,  4.14346E-03,  4.35456E-03,  4.56288E-03,  4.76416E-03,  4.95334E-03,  5.12466E-03,  5.27187E-03,  5.38865E-03,  5.46929E-03,  5.50964E-03,  5.50842E-03,  5.46886E-03,  5.40058E-03,NA,NA,NA,NA,NA,NA,NA,NA,NA,NA,NA,NA,NA,NA,NA,NA,NA,NA,NA,NA,NA,NA,NA,NA,NA,NA,NA,NA,  1.59627E-02,  1.49648E-02,  1.41615E-02,  1.35126E-02,  1.29843E-02,  1.25473E-02,  1.21754E-02,  1.18458E-02,  1.15383E-02,  1.12359E-02,  1.09250E-02,  1.05958E-02,  1.02423E-02,  9.86215E-03,  9.45628E-03,  9.02823E-03,  8.58345E-03,  8.12850E-03,  7.67029E-03,  7.21552E-03,  6.77018E-03,  6.33931E-03,  5.92685E-03,  5.53563E-03,  5.16746E-03,  4.82324E-03,  4.50314E-03,  4.20672E-03,NA,NA,NA,NA,NA,NA,NA,NA,NA,NA,NA,NA,NA,NA,NA,
NA,  2.96627E-03,  3.15584E-03,  3.35695E-03,  3.56949E-03,  3.79299E-03,  4.02657E-03,  4.26880E-03,  4.51753E-03,  4.76979E-03,  5.02159E-03,  5.26779E-03,  5.50198E-03,  5.71648E-03,  5.90245E-03,  6.05028E-03,  6.15023E-03,  6.19356E-03,  6.17414E-03,  6.09054E-03,NA,NA,NA,NA,NA,NA,NA,NA,NA,NA,NA,NA,NA,NA,NA,NA,NA,NA,NA,NA,NA,NA,NA,NA,NA,NA,NA,NA,NA,  1.69394E-02,  1.59004E-02,  1.50789E-02,  1.44296E-02,  1.39140E-02,  1.34982E-02,  1.31517E-02,  1.28470E-02,  1.25596E-02,  1.22688E-02,  1.19582E-02,  1.16160E-02,  1.12357E-02,  1.08154E-02,  1.03578E-02,  9.86901E-03,  9.35725E-03,  8.83207E-03,  8.30310E-03,  7.77936E-03,  7.26862E-03,  6.77717E-03,  6.30968E-03,  5.86932E-03,  5.45787E-03,  5.07598E-03,  4.72339E-03,  4.39916E-03,  4.10188E-03,NA,NA,NA,NA,NA,NA,NA,NA,NA,NA,NA,NA,NA,NA,
  2.94587E-03,  3.14424E-03,  3.35682E-03,  3.58406E-03,  3.82617E-03,  4.08305E-03,  4.35412E-03,  4.63821E-03,  4.93331E-03,  5.23639E-03,  5.54313E-03,  5.84761E-03,  6.14211E-03,  6.41685E-03,  6.66001E-03,  6.85786E-03,  6.99540E-03,  7.05749E-03,  7.03081E-03,NA,NA,NA,NA,NA,NA,NA,NA,NA,NA,NA,NA,NA,NA,NA,NA,NA,NA,NA,NA,NA,NA,NA,NA,NA,NA,NA,NA,NA,NA,  1.79205E-02,  1.68619E-02,  1.60418E-02,  1.54113E-02,  1.49279E-02,  1.45533E-02,  1.42516E-02,  1.39898E-02,  1.37380E-02,  1.34704E-02,  1.31665E-02,  1.28123E-02,  1.24004E-02,  1.19303E-02,  1.14073E-02,  1.08412E-02,  1.02446E-02,  9.63105E-03,  9.01407E-03,  8.40564E-03,  7.81575E-03,  7.25210E-03,  6.72009E-03,  6.22302E-03,  5.76244E-03,  5.33848E-03,  4.95018E-03,  4.59588E-03,  4.27339E-03,  3.98027E-03,NA,NA,NA,NA,NA,NA,NA,NA,NA,NA,NA,NA,NA,
  3.10912E-03,  3.32957E-03,  3.56750E-03,  3.82381E-03,  4.09925E-03,  4.39422E-03,  4.70871E-03,  5.04205E-03,  5.39268E-03,  5.75784E-03,  6.13321E-03,  6.51242E-03,  6.88663E-03,  7.24404E-03,  7.56953E-03,  7.84452E-03,  8.04736E-03,  8.15433E-03,NA,NA,NA,NA,NA,NA,NA,NA,NA,NA,NA,NA,NA,NA,NA,NA,NA,NA,NA,NA,NA,NA,NA,NA,NA,NA,NA,NA,NA,NA,NA,NA,  1.78587E-02,  1.70609E-02,  1.64712E-02,  1.60439E-02,  1.57356E-02,  1.55044E-02,NA,NA,NA,  1.45981E-02,  1.42327E-02,  1.37824E-02,  1.32485E-02,  1.26405E-02,  1.19741E-02,  1.12681E-02,  1.05420E-02,  9.81447E-03,  9.10134E-03,  8.41528E-03,  7.76546E-03,  7.15782E-03,  6.59552E-03,  6.07947E-03,  5.60886E-03,  5.18170E-03,  4.79521E-03,  4.44620E-03,  4.13126E-03,NA,NA,NA,NA,NA,NA,NA,NA,NA,NA,NA,NA,NA,
  3.27665E-03,  3.52091E-03,  3.78644E-03,  4.07476E-03,  4.38730E-03,  4.72525E-03,  5.08941E-03,  5.48000E-03,  5.89632E-03,  6.33638E-03,  6.79640E-03,  7.27014E-03,  7.74819E-03,  8.21709E-03,  8.65850E-03,  9.04850E-03,NA,NA,NA,NA,NA,NA,NA,NA,NA,NA,NA,NA,NA,NA,NA,NA,NA,NA,NA,NA,NA,NA,NA,NA,NA,NA,NA,NA,NA,NA,NA,NA,NA,NA,  1.89047E-02,  1.81498E-02,NA,NA,NA,NA,NA,NA,NA,NA,NA,NA,NA,  1.41040E-02,  1.33047E-02,  1.24553E-02,  1.15841E-02,  1.07164E-02,  9.87313E-03,  9.06990E-03,  8.31726E-03,  7.62128E-03,  6.98438E-03,  6.40618E-03,  5.88439E-03,  5.41544E-03,  4.99503E-03,  4.61856E-03,  4.28144E-03,  3.97924E-03,NA,NA,NA,NA,NA,NA,NA,NA,NA,NA,NA,NA,
  3.44688E-03,  3.71649E-03,  4.01169E-03,  4.33479E-03,  4.68810E-03,  5.07388E-03,  5.49411E-03,  5.95033E-03,  6.44328E-03,  6.97242E-03,  7.53534E-03,  8.12688E-03,  8.73805E-03,  9.35470E-03,NA,NA,NA,NA,NA,NA,NA,NA,NA,NA,NA,NA,NA,NA,NA,NA,NA,NA,NA,NA,NA,NA,NA,NA,NA,NA,NA,NA,NA,NA,NA,NA,NA,NA,NA,NA,NA,NA,NA,NA,NA,NA,NA,NA,NA,NA,NA,NA,NA,NA,NA,  1.38395E-02,  1.27788E-02,  1.17322E-02,  1.07265E-02,  9.78045E-03,  8.90551E-03,  8.10694E-03,  7.38543E-03,  6.73844E-03,  6.16130E-03,  5.64816E-03,  5.19267E-03,  4.78843E-03,  4.42929E-03,  4.10957E-03,  3.82412E-03,NA,NA,NA,NA,NA,NA,NA,NA,NA,NA,NA,
  3.61789E-03,  3.91411E-03,  4.24075E-03,  4.60107E-03,  4.99852E-03,  5.43672E-03,  5.91925E-03,  6.44953E-03,  7.03043E-03,  7.66379E-03,  8.34974E-03,  9.08559E-03,  9.86446E-03,NA,NA,NA,NA,NA,NA,NA,NA,NA,NA,NA,NA,NA,NA,NA,NA,NA,NA,NA,NA,NA,NA,NA,NA,NA,NA,NA,NA,NA,NA,NA,NA,NA,NA,NA,NA,NA,NA,NA,NA,NA,NA,NA,NA,NA,NA,NA,NA,NA,NA,NA,NA,NA,  1.41493E-02,  1.28729E-02,  1.16642E-02,  1.05446E-02,  9.52510E-03,  8.60855E-03,  7.79238E-03,  7.07046E-03,  6.43462E-03,  5.87585E-03,  5.38505E-03,  4.95351E-03,  4.57321E-03,  4.23699E-03,  3.93851E-03,  3.67232E-03,NA,NA,NA,NA,NA,NA,NA,NA,NA,NA,
  3.78746E-03,  4.11116E-03,  4.47056E-03,  4.87004E-03,  5.31445E-03,  5.80909E-03,  6.35963E-03,  6.97196E-03,  7.65195E-03,  8.40498E-03,  9.23521E-03,  1.01445E-02,NA,NA,NA,NA,NA,NA,NA,NA,NA,NA,NA,NA,NA,NA,NA,NA,NA,NA,NA,NA,NA,NA,NA,NA,NA,NA,NA,NA,NA,NA,NA,NA,NA,NA,NA,NA,NA,NA,NA,NA,NA,NA,NA,NA,NA,NA,NA,NA,NA,NA,NA,NA,NA,NA,NA,  1.41461E-02,  1.26843E-02,  1.13552E-02,  1.01665E-02,  9.11629E-03,  8.19619E-03,  7.39452E-03,  6.69813E-03,  6.09372E-03,  5.56865E-03,  5.11137E-03,  4.71165E-03,  4.36060E-03,  4.05062E-03,  3.77529E-03,NA,NA,NA,NA,NA,NA,NA,NA,NA,NA,
  3.95305E-03,  4.30461E-03,  4.69750E-03,  5.13740E-03,  5.63079E-03,  6.18499E-03,  6.80823E-03,  7.50956E-03,  8.29883E-03,  9.18628E-03,  1.01820E-02,NA,NA,NA,NA,NA,NA,NA,NA,NA,NA,NA,NA,NA,NA,NA,NA,NA,NA,NA,NA,NA,NA,NA,NA,NA,NA,NA,NA,NA,NA,NA,NA,NA,NA,NA,NA,NA,NA,NA,NA,NA,NA,NA,NA,NA,NA,NA,NA,NA,NA,NA,NA,NA,NA,NA,NA,NA,  1.37765E-02,  1.21973E-02,  1.08142E-02,  9.61581E-03,  8.58465E-03,  7.70085E-03,  6.94439E-03,  6.29638E-03,  5.73978E-03,  5.25968E-03,  4.84330E-03,  4.47988E-03,  4.16045E-03,  3.87762E-03,  3.62534E-03,NA,NA,NA,NA,NA,NA,NA,NA,NA,
  4.11189E-03,  4.49109E-03,  4.91747E-03,  5.39817E-03,  5.94148E-03,  6.55709E-03,  7.25619E-03,  8.05174E-03,  8.95851E-03,  9.99315E-03,  1.11739E-02,NA,NA,NA,NA,NA,NA,NA,NA,NA,NA,NA,NA,NA,NA,NA,NA,NA,NA,NA,NA,NA,NA,NA,NA,NA,NA,NA,NA,NA,NA,NA,NA,NA,NA,NA,NA,NA,NA,NA,NA,NA,NA,NA,NA,NA,NA,NA,NA,NA,NA,NA,NA,NA,NA,NA,NA,NA,NA,  1.30458E-02,  1.14448E-02,  1.00873E-02,  8.94205E-03,  7.97763E-03,  7.16494E-03,  6.47811E-03,  5.89488E-03,  5.39648E-03,  4.96737E-03,  4.59481E-03,  4.26850E-03,  3.98015E-03,  3.72311E-03,  3.49208E-03,NA,NA,NA,NA,NA,NA,NA,NA,
  4.26104E-03,  4.66698E-03,  5.12602E-03,  5.64681E-03,  6.23966E-03,  6.91683E-03,  7.69292E-03,  8.58534E-03,  9.61481E-03,  1.08058E-02,NA,NA,NA,NA,NA,NA,NA,NA,NA,NA,NA,NA,NA,NA,NA,NA,NA,NA,NA,NA,NA,NA,NA,NA,NA,NA,NA,NA,NA,NA,NA,NA,NA,NA,NA,NA,NA,NA,NA,NA,NA,NA,NA,NA,NA,NA,NA,NA,NA,NA,NA,NA,NA,NA,NA,NA,NA,NA,NA,  1.38611E-02,  1.20252E-02,  1.05050E-02,  9.24934E-03,  8.21146E-03,  7.35089E-03,  6.63348E-03,  6.03103E-03,  5.52063E-03,  5.08391E-03,  4.70623E-03,  4.37608E-03,  4.08439E-03,  3.82408E-03,  3.58965E-03,NA,NA,NA,NA,NA,NA,NA,NA,
  4.39750E-03,  4.82854E-03,  5.31843E-03,  5.87742E-03,  6.51786E-03,  7.25474E-03,  8.10635E-03,  9.09501E-03,  1.02481E-02,  1.15993E-02,NA,NA,NA,NA,NA,NA,NA,NA,NA,NA,NA,NA,NA,NA,NA,NA,NA,NA,NA,NA,NA,NA,NA,NA,NA,NA,NA,NA,NA,NA,NA,NA,NA,NA,NA,NA,NA,NA,NA,NA,NA,NA,NA,NA,NA,NA,NA,NA,NA,NA,NA,NA,NA,NA,NA,NA,NA,NA,NA,NA,  1.25121E-02,  1.08376E-02,  9.48488E-03,  8.38829E-03,  7.49384E-03,  6.75810E-03,  6.14663E-03,  5.63237E-03,  5.19429E-03,  4.81614E-03,  4.48544E-03,  4.19266E-03,  3.93051E-03,  3.69346E-03,NA,NA,NA,NA,NA,NA,NA,NA,
  4.51833E-03,  4.97204E-03,  5.48999E-03,  6.08395E-03,  6.76832E-03,  7.56083E-03,  8.48349E-03,  9.56376E-03,  1.08361E-02,  1.23442E-02,NA,NA,NA,NA,NA,NA,NA,NA,NA,NA,NA,NA,NA,NA,NA,NA,NA,NA,NA,NA,NA,NA,NA,NA,NA,NA,NA,NA,NA,NA,NA,NA,NA,NA,NA,NA,NA,NA,NA,NA,NA,NA,NA,NA,NA,NA,NA,NA,NA,NA,NA,NA,NA,NA,NA,NA,NA,NA,NA,NA,  1.28525E-02,  1.10495E-02,  9.62633E-03,  8.49517E-03,  7.58734E-03,  6.84989E-03,  6.24235E-03,  5.73400E-03,  5.30168E-03,  4.92803E-03,  4.60011E-03,  4.30829E-03,  4.04542E-03,  3.80618E-03,  3.58664E-03,NA,NA,NA,NA,NA,NA,NA,
  4.62075E-03,  5.09396E-03,  5.63618E-03,  6.26056E-03,  6.98342E-03,  7.82508E-03,  8.81109E-03,  9.97391E-03,  1.13551E-02,NA,NA,NA,NA,NA,NA,NA,NA,NA,NA,NA,NA,NA,NA,NA,NA,NA,NA,NA,NA,NA,NA,NA,NA,NA,NA,NA,NA,NA,NA,NA,NA,NA,NA,NA,NA,NA,NA,NA,NA,NA,NA,NA,NA,NA,NA,NA,NA,NA,NA,NA,NA,NA,NA,NA,NA,NA,NA,NA,NA,NA,  1.29873E-02,  1.11048E-02,  9.65376E-03,  8.52277E-03,  7.62887E-03,  6.91050E-03,  6.32221E-03,  5.83069E-03,  5.41160E-03,  5.04732E-03,  4.72510E-03,  4.43576E-03,  4.17269E-03,  3.93114E-03,  3.70767E-03,  3.49977E-03,NA,NA,NA,NA,NA,NA,
  4.70232E-03,  5.19116E-03,  5.75290E-03,  6.40192E-03,  7.15614E-03,  8.03812E-03,  9.07658E-03,  1.03084E-02,  1.17814E-02,NA,NA,NA,NA,NA,NA,NA,NA,NA,NA,NA,NA,NA,NA,NA,NA,NA,NA,NA,NA,NA,NA,NA,NA,NA,NA,NA,NA,NA,NA,NA,NA,NA,NA,NA,NA,NA,NA,NA,NA,NA,NA,NA,NA,NA,NA,NA,NA,NA,NA,NA,NA,NA,NA,NA,NA,NA,NA,NA,NA,NA,  1.28592E-02,  1.09737E-02,  9.55429E-03,  8.46880E-03,  7.62234E-03,  6.94710E-03,  6.39480E-03,  5.93127E-03,  5.53249E-03,  5.18165E-03,  4.86710E-03,  4.58077E-03,  4.31711E-03,  4.07226E-03,  3.84357E-03,  3.62914E-03,  3.42762E-03,NA,NA,NA,NA,NA,
  4.76106E-03,  5.26104E-03,  5.83679E-03,  6.50355E-03,  7.28050E-03,  8.19193E-03,  9.26896E-03,  1.05520E-02,  1.20940E-02,NA,NA,NA,NA,NA,NA,NA,NA,NA,NA,NA,NA,NA,NA,NA,NA,NA,NA,NA,NA,NA,NA,NA,NA,NA,NA,NA,NA,NA,NA,NA,NA,NA,NA,NA,NA,NA,NA,NA,NA,NA,NA,NA,NA,NA,NA,NA,NA,NA,NA,NA,NA,NA,NA,NA,NA,NA,NA,NA,NA,NA,NA,  1.06401E-02,  9.32806E-03,  8.34217E-03,  7.58089E-03,  6.97431E-03,  6.47454E-03,  6.04910E-03,  5.67613E-03,  5.34114E-03,  5.03460E-03,  4.75033E-03,  4.48434E-03,  4.23409E-03,  3.99791E-03,  3.77471E-03,  3.56372E-03,  3.36434E-03,NA,NA,NA,NA,
  4.79553E-03,  5.30175E-03,  5.88537E-03,  6.56217E-03,  7.35207E-03,  8.28042E-03,  9.37985E-03,  1.06929E-02,  1.22760E-02,NA,NA,NA,NA,NA,NA,NA,NA,NA,NA,NA,NA,NA,NA,NA,NA,NA,NA,NA,NA,NA,NA,NA,NA,NA,NA,NA,NA,NA,NA,NA,NA,NA,NA,NA,NA,NA,NA,NA,NA,NA,NA,NA,NA,NA,NA,NA,NA,NA,NA,NA,NA,NA,NA,NA,NA,NA,NA,NA,NA,NA,NA,  1.01127E-02,  8.99488E-03,  8.16733E-03,  7.52977E-03,  7.01598E-03,  6.58280E-03,  6.20258E-03,  5.85800E-03,  5.53850E-03,  5.23787E-03,  4.95259E-03,  4.68081E-03,  4.42158E-03,  4.17450E-03,  3.93937E-03,  3.71605E-03,  3.50442E-03,NA,NA,NA,NA,
  4.80499E-03,  5.31228E-03,  5.89728E-03,  6.57591E-03,  7.36828E-03,  8.30003E-03,  9.40424E-03,  1.07241E-02,  1.23170E-02,NA,NA,NA,NA,NA,NA,NA,NA,NA,NA,NA,NA,NA,NA,NA,NA,NA,NA,NA,NA,NA,NA,NA,NA,NA,NA,NA,NA,NA,NA,NA,NA,NA,NA,NA,NA,NA,NA,NA,NA,NA,NA,NA,NA,NA,NA,NA,NA,NA,NA,NA,NA,NA,NA,NA,NA,NA,NA,NA,NA,NA,NA,  9.43471E-03,  8.60077E-03,  7.98850E-03,  7.50892E-03,  7.10673E-03,  6.74866E-03,  6.41560E-03,  6.09731E-03,  5.78894E-03,  5.48876E-03,  5.19669E-03,  4.91344E-03,  4.63998E-03,  4.37722E-03,  4.12594E-03,  3.88665E-03,  3.65964E-03,  3.44499E-03,NA,NA,NA,
  4.78938E-03,  5.29253E-03,  5.87236E-03,  6.54451E-03,  7.32870E-03,  8.25007E-03,  9.34101E-03,  1.06438E-02,  1.22143E-02,NA,NA,NA,NA,NA,NA,NA,NA,NA,NA,NA,NA,NA,NA,NA,NA,NA,NA,NA,NA,NA,NA,NA,NA,NA,NA,NA,NA,NA,NA,NA,NA,NA,NA,NA,NA,NA,NA,NA,NA,NA,NA,NA,NA,NA,NA,NA,NA,NA,NA,NA,NA,NA,NA,NA,NA,NA,NA,NA,NA,NA,NA,  8.69258E-03,  8.22343E-03,  7.87291E-03,  7.57477E-03,  7.29274E-03,  7.00914E-03,  6.71728E-03,  6.41662E-03,  6.10970E-03,  5.80028E-03,  5.49231E-03,  5.18936E-03,  4.89441E-03,  4.60974E-03,  4.33699E-03,  4.07726E-03,  3.83114E-03,  3.59886E-03,  3.38037E-03,NA,NA,
  4.74939E-03,  5.24336E-03,  5.81168E-03,  6.46932E-03,  7.23508E-03,  8.13282E-03,  9.19315E-03,  1.04559E-02,  1.19733E-02,  1.38154E-02,NA,NA,NA,NA,NA,NA,NA,NA,NA,NA,NA,NA,NA,NA,NA,NA,NA,NA,NA,NA,NA,NA,NA,NA,NA,NA,NA,NA,NA,NA,NA,NA,NA,NA,NA,NA,NA,NA,NA,NA,NA,NA,NA,NA,NA,NA,NA,NA,NA,NA,NA,NA,NA,NA,NA,NA,NA,NA,NA,NA,NA,  8.02193E-03,  7.97591E-03,  7.91277E-03,  7.80098E-03,  7.63174E-03,  7.40868E-03,  7.14131E-03,  6.84110E-03,  6.51931E-03,  6.18589E-03,  5.84908E-03,  5.51535E-03,  5.18956E-03,  4.87519E-03,  4.57456E-03,  4.28912E-03,  4.01961E-03,  3.76623E-03,  3.52884E-03,NA,NA,
  4.68639E-03,  5.16651E-03,  5.71750E-03,  6.35328E-03,  7.09126E-03,  7.95336E-03,  8.96753E-03,  1.01697E-02,  1.16069E-02,  1.33409E-02,NA,NA,NA,NA,NA,NA,NA,NA,NA,NA,NA,NA,NA,NA,NA,NA,NA,NA,NA,NA,NA,NA,NA,NA,NA,NA,NA,NA,NA,NA,NA,NA,NA,NA,NA,NA,NA,NA,NA,NA,NA,NA,NA,NA,NA,NA,NA,NA,NA,NA,NA,NA,NA,NA,NA,NA,NA,NA,NA,NA,NA,  7.61058E-03,  8.00816E-03,  8.22545E-03,  8.27765E-03,  8.19164E-03,  7.99762E-03,  7.72441E-03,  7.39712E-03,  7.03640E-03,  6.65852E-03,  6.27579E-03,  5.89722E-03,  5.52915E-03,  5.17582E-03,  4.83988E-03,  4.52279E-03,  4.22514E-03,  3.94690E-03,  3.68763E-03,  3.44659E-03,NA,
  4.60237E-03,  5.06453E-03,  5.59310E-03,  6.20068E-03,  6.90288E-03,  7.71922E-03,  8.67427E-03,  9.79929E-03,  1.11344E-02,  1.27319E-02,NA,NA,NA,NA,NA,NA,NA,NA,NA,NA,NA,NA,NA,NA,NA,NA,NA,NA,NA,NA,NA,NA,NA,NA,NA,NA,NA,NA,NA,NA,NA,NA,NA,NA,NA,NA,NA,NA,NA,NA,NA,NA,NA,NA,NA,NA,NA,NA,NA,NA,NA,NA,NA,NA,NA,NA,NA,NA,NA,NA,NA,NA,  8.50639E-03,  8.95155E-03,  9.10866E-03,  9.04767E-03,  8.82944E-03,  8.50387E-03,  8.11016E-03,  7.67802E-03,  7.22925E-03,  6.77938E-03,  6.33909E-03,  5.91537E-03,  5.51258E-03,  5.13308E-03,  4.77789E-03,  4.44706E-03,  4.14004E-03,  3.85584E-03,  3.59324E-03,NA,
  4.49984E-03,  4.94064E-03,  5.44262E-03,  6.01688E-03,  6.67700E-03,  7.43975E-03,  8.32594E-03,  9.36162E-03,  1.05796E-02,  1.20214E-02,  1.37403E-02,NA,NA,NA,NA,NA,NA,NA,NA,NA,NA,NA,NA,NA,NA,NA,NA,NA,NA,NA,NA,NA,NA,NA,NA,NA,NA,NA,NA,NA,NA,NA,NA,NA,NA,NA,NA,NA,NA,NA,NA,NA,NA,NA,NA,NA,NA,NA,NA,NA,NA,NA,NA,NA,NA,NA,NA,NA,NA,NA,NA,NA,NA,  1.02504E-02,  1.04067E-02,  1.02777E-02,  9.95658E-03,  9.51415E-03,  9.00220E-03,  8.45759E-03,  7.90580E-03,  7.36382E-03,  6.84250E-03,  6.34830E-03,  5.88464E-03,  5.45286E-03,  5.05290E-03,  4.68381E-03,  4.34412E-03,  4.03203E-03,  3.74561E-03,  3.48289E-03,
  4.38170E-03,  4.79852E-03,  5.27079E-03,  5.80799E-03,  6.42159E-03,  7.12546E-03,  7.93655E-03,  8.87555E-03,  9.96788E-03,  1.12448E-02,  1.27448E-02,  1.45149E-02,NA,NA,NA,NA,NA,NA,NA,NA,NA,NA,NA,NA,NA,NA,NA,NA,NA,NA,NA,NA,NA,NA,NA,NA,NA,NA,NA,NA,NA,NA,NA,NA,NA,NA,NA,NA,NA,NA,NA,NA,NA,NA,NA,NA,NA,NA,NA,NA,NA,NA,NA,NA,NA,NA,NA,NA,NA,NA,NA,NA,NA,NA,NA,  1.19548E-02,  1.14247E-02,  1.07824E-02,  1.00883E-02,  9.38246E-03,  8.69075E-03,  8.02886E-03,  7.40564E-03,  6.82531E-03,  6.28909E-03,  5.79628E-03,  5.34501E-03,  4.93280E-03,  4.55680E-03,  4.21412E-03,  3.90188E-03,  3.61734E-03,
  4.25106E-03,  4.64211E-03,  5.08264E-03,  5.58050E-03,  6.14502E-03,  6.78728E-03,  7.52045E-03,  8.36016E-03,  9.32494E-03,  1.04366E-02,  1.17207E-02,  1.32062E-02,NA,NA,NA,NA,NA,NA,NA,NA,NA,NA,NA,NA,NA,NA,NA,NA,NA,NA,NA,NA,NA,NA,NA,NA,NA,NA,NA,NA,NA,NA,NA,NA,NA,NA,NA,NA,NA,NA,NA,NA,NA,NA,NA,NA,NA,NA,NA,NA,NA,NA,NA,NA,NA,NA,NA,NA,NA,NA,NA,NA,NA,NA,NA,NA,NA,  1.23230E-02,  1.13727E-02,  1.04512E-02,  9.57975E-03,  8.76885E-03,  8.02250E-03,  7.34058E-03,  6.72054E-03,  6.15851E-03,  5.65000E-03,  5.19034E-03,  4.77494E-03,  4.39943E-03,  4.05977E-03,  3.75226E-03,
  4.11114E-03,  4.47546E-03,  4.88327E-03,  5.34087E-03,  5.85559E-03,  6.43588E-03,  7.09146E-03,  7.83343E-03,  8.67433E-03,  9.62797E-03,  1.07092E-02,  1.19327E-02,  1.33119E-02,NA,NA,NA,NA,NA,NA,NA,NA,NA,NA,NA,NA,NA,NA,NA,NA,NA,NA,NA,NA,NA,NA,NA,NA,NA,NA,NA,NA,NA,NA,NA,NA,NA,NA,NA,NA,NA,NA,NA,NA,NA,NA,NA,NA,NA,NA,NA,NA,NA,NA,NA,NA,NA,NA,NA,NA,NA,NA,NA,NA,NA,NA,NA,NA,NA,  1.28451E-02,  1.16513E-02,  1.05600E-02,  9.57177E-03,  8.68234E-03,  7.88477E-03,  7.17101E-03,  6.53281E-03,  5.96220E-03,  5.45172E-03,  4.99458E-03,  4.58466E-03,  4.21654E-03,  3.88539E-03,
  3.96509E-03,  4.30248E-03,  4.67758E-03,  5.09528E-03,  5.56107E-03,  6.08109E-03,  6.66209E-03,  7.31132E-03,  8.03638E-03,  8.84472E-03,  9.74298E-03,  1.07357E-02,  1.18230E-02,  1.29978E-02,NA,NA,NA,NA,NA,NA,NA,NA,NA,NA,NA,NA,NA,NA,NA,NA,NA,NA,NA,NA,NA,NA,NA,NA,NA,NA,NA,NA,NA,NA,NA,NA,NA,NA,NA,NA,NA,NA,NA,NA,NA,NA,NA,NA,NA,NA,NA,NA,NA,NA,NA,NA,NA,NA,NA,NA,NA,NA,NA,NA,NA,NA,NA,NA,NA,NA,  1.16089E-02,  1.04186E-02,  9.36940E-03,  8.44491E-03,  7.62989E-03,  6.91054E-03,  6.27456E-03,  5.71119E-03,  5.21104E-03,  4.76600E-03,  4.36906E-03,  4.01415E-03,
  3.81590E-03,  4.12686E-03,  4.47011E-03,  4.84931E-03,  5.26839E-03,  5.73152E-03,  6.24300E-03,  6.80704E-03,  7.42739E-03,  8.10682E-03,  8.84621E-03,  9.64320E-03,  1.04902E-02,  1.13715E-02,  1.22592E-02,  1.31077E-02,NA,NA,NA,NA,NA,NA,NA,NA,NA,NA,NA,NA,NA,NA,NA,NA,NA,NA,NA,NA,NA,NA,NA,NA,NA,NA,NA,NA,NA,NA,NA,NA,NA,NA,NA,NA,NA,NA,NA,NA,NA,NA,NA,NA,NA,NA,NA,NA,NA,NA,NA,NA,NA,NA,NA,NA,NA,NA,NA,NA,NA,NA,NA,NA,  1.26940E-02,  1.12835E-02,  1.00631E-02,  9.00468E-03,  8.08425E-03,  7.28141E-03,  6.57890E-03,  5.96221E-03,  5.41909E-03,  4.93923E-03,  4.51392E-03,  4.13580E-03,
  3.66627E-03,  3.95186E-03,  4.26483E-03,  4.60779E-03,  4.98339E-03,  5.39424E-03,  5.84273E-03,  6.33077E-03,  6.85939E-03,  7.42814E-03,  8.03426E-03,  8.67146E-03,  9.32823E-03,  9.98563E-03,  1.06144E-02,  1.11714E-02,  1.15959E-02,  1.18062E-02,NA,NA,NA,NA,NA,NA,NA,NA,NA,NA,NA,NA,NA,NA,NA,NA,NA,NA,NA,NA,NA,NA,NA,NA,NA,NA,NA,NA,NA,NA,NA,NA,NA,NA,NA,NA,NA,NA,NA,NA,NA,NA,NA,NA,NA,NA,NA,NA,NA,NA,NA,NA,NA,NA,NA,NA,NA,NA,NA,NA,NA,NA,NA,  1.21343E-02,  1.07387E-02,  9.54500E-03,  8.51929E-03,  7.63389E-03,  6.86621E-03,  6.19770E-03,  5.61312E-03,  5.09989E-03,  4.64757E-03,  4.24746E-03,
NA,  3.78029E-03,  4.06507E-03,  4.37467E-03,  4.71074E-03,  5.07471E-03,  5.46758E-03,  5.88968E-03,  6.34025E-03,  6.81692E-03,  7.31500E-03,  7.82648E-03,  8.33878E-03,  8.83324E-03,  9.28321E-03,  9.65216E-03,  9.89196E-03,  9.94185E-03,  9.72927E-03,  9.17330E-03,NA,NA,NA,NA,NA,NA,NA,NA,NA,NA,NA,NA,NA,NA,NA,NA,NA,NA,NA,NA,NA,NA,NA,NA,NA,NA,NA,NA,NA,NA,NA,NA,NA,NA,NA,NA,NA,NA,NA,NA,NA,NA,NA,NA,NA,NA,NA,NA,NA,NA,NA,NA,NA,NA,NA,NA,NA,NA,NA,NA,NA,NA,  1.13687E-02,  1.00451E-02,  8.91914E-03,  7.95583E-03,  7.12706E-03,  6.41032E-03,  5.78740E-03,  5.24347E-03,  4.76642E-03,  4.34629E-03,
NA,  3.61444E-03,  3.87349E-03,  4.15301E-03,  4.45390E-03,  4.77678E-03,  5.12173E-03,  5.48808E-03,  5.87410E-03,  6.27653E-03,  6.69002E-03,  7.10646E-03,  7.51410E-03,  7.89665E-03,  8.23225E-03,  8.49269E-03,  8.64302E-03,  8.64200E-03,  8.44401E-03,  8.00293E-03,  7.27831E-03,NA,NA,NA,NA,NA,NA,NA,NA,NA,NA,NA,NA,NA,NA,NA,NA,NA,NA,NA,NA,NA,NA,NA,NA,NA,NA,NA,NA,NA,NA,NA,NA,NA,NA,NA,NA,NA,NA,NA,NA,NA,NA,NA,NA,NA,NA,NA,NA,NA,NA,NA,NA,NA,NA,NA,NA,NA,NA,NA,NA,NA,  1.19246E-02,  1.04836E-02,  9.26787E-03,  8.23512E-03,  7.35223E-03,  6.59297E-03,  5.93639E-03,  5.36564E-03,  4.86708E-03,  4.42959E-03,
NA,NA,  3.69205E-03,  3.94493E-03,  4.21515E-03,  4.50278E-03,  4.80739E-03,  5.12782E-03,  5.46196E-03,  5.80642E-03,  6.15614E-03,  6.50394E-03,  6.84006E-03,  7.15170E-03,  7.42270E-03,  7.63349E-03,  7.76156E-03,  7.78277E-03,  7.67377E-03,  7.41598E-03,  7.00099E-03,NA,NA,NA,NA,NA,NA,NA,NA,NA,NA,NA,NA,NA,NA,NA,NA,NA,NA,NA,NA,NA,NA,NA,NA,NA,NA,NA,NA,NA,NA,NA,NA,NA,NA,NA,NA,NA,NA,NA,NA,NA,NA,NA,NA,NA,NA,NA,NA,NA,NA,NA,NA,NA,NA,NA,NA,NA,NA,NA,NA,NA,  1.23792E-02,  1.08407E-02,  9.55055E-03,  8.46055E-03,  7.53319E-03,  6.73911E-03,  6.05505E-03,  5.46248E-03,  4.94647E-03,  4.49494E-03,
NA,NA,  3.52204E-03,  3.75176E-03,  3.99573E-03,  4.25374E-03,  4.52514E-03,  4.80868E-03,  5.10232E-03,  5.40308E-03,  5.70675E-03,  6.00771E-03,  6.29878E-03,  6.57109E-03,  6.81428E-03,  7.01691E-03,  7.16756E-03,  7.25654E-03,  7.27865E-03,  7.23718E-03,  7.14909E-03,  7.05143E-03,NA,NA,NA,NA,NA,NA,NA,NA,NA,NA,NA,NA,NA,NA,NA,NA,NA,NA,NA,NA,NA,NA,NA,NA,NA,NA,NA,NA,NA,NA,NA,NA,NA,NA,NA,NA,NA,NA,NA,NA,NA,NA,NA,NA,NA,NA,NA,NA,NA,NA,NA,NA,NA,NA,NA,NA,NA,NA,NA,NA,NA,  1.10991E-02,  9.75446E-03,  8.62257E-03,  7.66273E-03,  6.84323E-03,  6.13915E-03,  5.53070E-03,  5.00201E-03,  4.54030E-03,
NA,NA,NA,  3.57408E-03,  3.79597E-03,  4.02956E-03,  4.27423E-03,  4.52887E-03,  4.79185E-03,  5.06091E-03,  5.33302E-03,  5.60444E-03,  5.87070E-03,  6.12684E-03,  6.36791E-03,  6.58969E-03,  6.79015E-03,  6.97145E-03,  7.14288E-03,  7.32498E-03,  7.55482E-03,  7.89281E-03,NA,NA,NA,NA,NA,NA,NA,NA,NA,NA,NA,NA,NA,NA,NA,NA,NA,NA,NA,NA,NA,NA,NA,NA,NA,NA,NA,NA,NA,NA,NA,NA,NA,NA,NA,NA,NA,NA,NA,NA,NA,NA,NA,NA,NA,NA,NA,NA,NA,NA,NA,NA,NA,NA,NA,NA,NA,NA,NA,NA,NA,  1.12458E-02,  9.87004E-03,  8.71405E-03,  7.73543E-03,  6.90121E-03,  6.18551E-03,  5.56782E-03,  5.03177E-03,  4.56416E-03,
NA,NA,NA,  3.41185E-03,  3.61546E-03,  3.82928E-03,  4.05286E-03,  4.28545E-03,  4.52597E-03,  4.77304E-03,  5.02498E-03,  5.27992E-03,  5.53604E-03,  5.79196E-03,  6.04742E-03,  6.30430E-03,  6.56817E-03,  6.85051E-03,  7.17176E-03,  7.56559E-03,  8.08443E-03,  8.80710E-03,NA,NA,NA,NA,NA,NA,NA,NA,NA,NA,NA,NA,NA,NA,NA,NA,NA,NA,NA,NA,NA,NA,NA,NA,NA,NA,NA,NA,NA,NA,NA,NA,NA,NA,NA,NA,NA,NA,NA,NA,NA,NA,NA,NA,NA,NA,NA,NA,NA,NA,NA,NA,NA,NA,NA,NA,NA,NA,NA,NA,NA,  1.12736E-02,  9.89174E-03,  8.73077E-03,  7.74809E-03,  6.91056E-03,  6.19218E-03,  5.57233E-03,  5.03455E-03,  4.56555E-03,
NA,NA,NA,NA,  3.45321E-03,  3.65129E-03,  3.85857E-03,  4.07473E-03,  4.29936E-03,  4.53200E-03,  4.77226E-03,  5.02007E-03,  5.27595E-03,  5.54158E-03,  5.82060E-03,  6.11969E-03,  6.45026E-03,  6.83068E-03,  7.28943E-03,  7.86933E-03,  8.63340E-03,  9.67315E-03,NA,NA,NA,NA,NA,NA,NA,NA,NA,NA,NA,NA,NA,NA,NA,NA,NA,NA,NA,NA,NA,NA,NA,NA,NA,NA,NA,NA,NA,NA,NA,NA,NA,NA,NA,NA,NA,NA,NA,NA,NA,NA,NA,NA,NA,NA,NA,NA,NA,NA,NA,NA,NA,NA,NA,NA,NA,NA,NA,NA,NA,  1.11809E-02,  9.81838E-03,  8.67175E-03,  7.69987E-03,  6.87059E-03,  6.15860E-03,  5.54376E-03,  5.00996E-03,  4.54416E-03,
NA,NA,NA,NA,NA,  3.49355E-03,  3.68843E-03,  3.89265E-03,  4.10643E-03,  4.33021E-03,  4.56479E-03,  4.81163E-03,  5.07322E-03,  5.35373E-03,  5.65974E-03,  6.00154E-03,  6.39463E-03,  6.86202E-03,  7.43720E-03,  8.16834E-03,  9.12414E-03,  1.04022E-02,NA,NA,NA,NA,NA,NA,NA,NA,NA,NA,NA,NA,NA,NA,NA,NA,NA,NA,NA,NA,NA,NA,NA,NA,NA,NA,NA,NA,NA,NA,NA,NA,NA,NA,NA,NA,NA,NA,NA,NA,NA,NA,NA,NA,NA,NA,NA,NA,NA,NA,NA,NA,NA,NA,NA,NA,NA,NA,NA,NA,NA,  1.09726E-02,  9.65322E-03,  8.53925E-03,  7.59237E-03,  6.78244E-03,  6.08558E-03,  5.48269E-03,  4.95842E-03,  4.50031E-03,
NA,NA,NA,NA,NA,NA,  3.53933E-03,  3.73500E-03,  3.94162E-03,  4.16041E-03,  4.39316E-03,  4.64260E-03,  4.91276E-03,  5.20961E-03,  5.54189E-03,  5.92222E-03,  6.36865E-03,  6.90668E-03,  7.57213E-03,  8.41493E-03,  9.50455E-03,  1.09378E-02,NA,NA,NA,NA,NA,NA,NA,NA,NA,NA,NA,NA,NA,NA,NA,NA,NA,NA,NA,NA,NA,NA,NA,NA,NA,NA,NA,NA,NA,NA,NA,NA,NA,NA,NA,NA,NA,NA,NA,NA,NA,NA,NA,NA,NA,NA,NA,NA,NA,NA,NA,NA,NA,NA,NA,NA,NA,NA,NA,NA,NA,  1.06587E-02,  9.40353E-03,  8.33854E-03,  7.42944E-03,  6.64894E-03,  5.97523E-03,  5.39072E-03,  4.88115E-03,  4.43490E-03,
NA,NA,NA,NA,NA,NA,NA,  3.59772E-03,  3.79970E-03,  4.01592E-03,  4.24898E-03,  4.50255E-03,  4.78176E-03,  5.09380E-03,  5.44873E-03,  5.86043E-03,  6.34807E-03,  6.93786E-03,  7.66552E-03,  8.57961E-03,  9.74608E-03,  1.12548E-02,NA,NA,NA,NA,NA,NA,NA,NA,NA,NA,NA,NA,NA,NA,NA,NA,NA,NA,NA,NA,NA,NA,NA,NA,NA,NA,NA,NA,NA,NA,NA,NA,NA,NA,NA,NA,NA,NA,NA,NA,NA,NA,NA,NA,NA,NA,NA,NA,NA,NA,NA,NA,NA,NA,NA,NA,NA,NA,NA,NA,NA,  1.02540E-02,  9.07991E-03,  8.07739E-03,  7.21684E-03,  6.47442E-03,  5.83082E-03,  5.27032E-03,  4.78005E-03,  4.34942E-03,
NA,NA,NA,NA,NA,NA,NA,  3.47700E-03,  3.67588E-03,  3.89082E-03,  4.12501E-03,  4.38273E-03,  4.66981E-03,  4.99414E-03,  5.36632E-03,  5.80065E-03,  6.31619E-03,  6.93838E-03,  7.70097E-03,  8.64864E-03,  9.84057E-03,  1.13552E-02,NA,NA,NA,NA,NA,NA,NA,NA,NA,NA,NA,NA,NA,NA,NA,NA,NA,NA,NA,NA,NA,NA,NA,NA,NA,NA,NA,NA,NA,NA,NA,NA,NA,NA,NA,NA,NA,NA,NA,NA,NA,NA,NA,NA,NA,NA,NA,NA,NA,NA,NA,NA,NA,NA,NA,NA,NA,NA,NA,NA,NA,  9.77593E-03,  8.69533E-03,  7.76544E-03,  6.96180E-03,  6.26434E-03,  5.65652E-03,  5.12471E-03,  4.65761E-03,  4.24581E-03,
NA,NA,NA,NA,NA,NA,NA,NA,  3.56599E-03,  3.78007E-03,  4.01520E-03,  4.27606E-03,  4.56877E-03,  4.90144E-03,  5.28469E-03,  5.73241E-03,  6.26273E-03,  6.89915E-03,  7.67211E-03,  8.62082E-03,  9.79567E-03,  1.12613E-02,  1.31003E-02,NA,NA,NA,NA,NA,NA,NA,NA,NA,NA,NA,NA,NA,NA,NA,NA,NA,NA,NA,NA,NA,NA,NA,NA,NA,NA,NA,NA,NA,NA,NA,NA,NA,NA,NA,NA,NA,NA,NA,NA,NA,NA,NA,NA,NA,NA,NA,NA,NA,NA,NA,NA,NA,NA,NA,NA,NA,NA,NA,  1.03753E-02,  9.24370E-03,  8.26409E-03,  7.41348E-03,  6.67253E-03,  6.02497E-03,  5.45716E-03,  4.95764E-03,  4.51676E-03,  4.12638E-03,
NA,NA,NA,NA,NA,NA,NA,NA,NA,  3.67946E-03,  3.91473E-03,  4.17704E-03,  4.47257E-03,  4.80924E-03,  5.19722E-03,  5.64949E-03,  6.18258E-03,  6.81738E-03,  7.58021E-03,  8.50400E-03,  9.62965E-03,  1.10075E-02,  1.26989E-02,NA,NA,NA,NA,NA,NA,NA,NA,NA,NA,NA,NA,NA,NA,NA,NA,NA,NA,NA,NA,NA,NA,NA,NA,NA,NA,NA,NA,NA,NA,NA,NA,NA,NA,NA,NA,NA,NA,NA,NA,NA,NA,NA,NA,NA,NA,NA,NA,NA,NA,NA,NA,NA,NA,NA,NA,NA,NA,NA,  9.67632E-03,  8.67645E-03,  7.80078E-03,  7.03267E-03,  6.35761E-03,  5.76298E-03,  5.23795E-03,  4.77318E-03,  4.36070E-03,  3.99367E-03,
NA,NA,NA,NA,NA,NA,NA,NA,NA,  3.58565E-03,  3.81983E-03,  4.08161E-03,  4.37693E-03,  4.71329E-03,  5.10007E-03,  5.54900E-03,  6.07461E-03,  6.69485E-03,  7.43164E-03,  8.31154E-03,  9.36628E-03,  1.06331E-02,  1.21546E-02,  1.39772E-02,NA,NA,NA,NA,NA,NA,NA,NA,NA,NA,NA,NA,NA,NA,NA,NA,NA,NA,NA,NA,NA,NA,NA,NA,NA,NA,NA,NA,NA,NA,NA,NA,NA,NA,NA,NA,NA,NA,NA,NA,NA,NA,NA,NA,NA,NA,NA,NA,NA,NA,NA,NA,NA,NA,NA,NA,NA,  9.94500E-03,  8.96354E-03,  8.09222E-03,  7.31938E-03,  6.63392E-03,  6.02558E-03,  5.48508E-03,  5.00417E-03,  4.57554E-03,  4.19281E-03,  3.85037E-03,
NA,NA,NA,NA,NA,NA,NA,NA,NA,NA,  3.72777E-03,  3.98693E-03,  4.27912E-03,  4.61120E-03,  4.99158E-03,  5.43053E-03,  5.94048E-03,  6.53633E-03,  7.23574E-03,  8.05934E-03,  9.03069E-03,  1.01759E-02,  1.15227E-02,  1.30978E-02,  1.49234E-02,NA,NA,NA,NA,NA,NA,NA,NA,NA,NA,NA,NA,NA,NA,NA,NA,NA,NA,NA,NA,NA,NA,NA,NA,NA,NA,NA,NA,NA,NA,NA,NA,NA,NA,NA,NA,NA,NA,NA,NA,NA,NA,NA,NA,NA,NA,NA,NA,NA,NA,NA,NA,NA,NA,NA,NA,  9.08872E-03,  8.25699E-03,  7.50696E-03,  6.83261E-03,  6.22733E-03,  5.68449E-03,  5.19770E-03,  4.76097E-03,  4.36886E-03,  4.01640E-03,  3.69917E-03,
NA,NA,NA,NA,NA,NA,NA,NA,NA,NA,  3.63662E-03,  3.89119E-03,  4.17760E-03,  4.50197E-03,  4.87166E-03,  5.29542E-03,  5.78359E-03,  6.34819E-03,  7.00302E-03,  7.76351E-03,  8.64642E-03,  9.66909E-03,  1.08481E-02,  1.21967E-02,  1.37216E-02,  1.54169E-02,NA,NA,NA,NA,NA,NA,NA,NA,NA,NA,NA,NA,NA,NA,NA,NA,NA,NA,NA,NA,NA,NA,NA,NA,NA,NA,NA,NA,NA,NA,NA,NA,NA,NA,NA,NA,NA,NA,NA,NA,NA,NA,NA,NA,NA,NA,NA,NA,NA,NA,NA,NA,NA,NA,  9.02440E-03,  8.26977E-03,  7.57288E-03,  6.93403E-03,  6.35136E-03,  5.82180E-03,  5.34159E-03,  4.90672E-03,  4.51317E-03,  4.15704E-03,  3.83467E-03,  3.54269E-03,
NA,NA,NA,NA,NA,NA,NA,NA,NA,NA,NA,  3.79339E-03,  4.07176E-03,  4.38564E-03,  4.74131E-03,  5.14605E-03,  5.60826E-03,  6.13739E-03,  6.74387E-03,  7.43886E-03,  8.23373E-03,  9.13927E-03,  1.01643E-02,  1.13135E-02,  1.25849E-02,  1.39657E-02,  1.54282E-02,NA,NA,NA,NA,NA,NA,NA,NA,NA,NA,NA,NA,NA,NA,NA,NA,NA,NA,NA,NA,NA,NA,NA,NA,NA,NA,NA,NA,NA,NA,NA,NA,NA,NA,NA,NA,NA,NA,NA,NA,NA,NA,NA,NA,NA,NA,NA,NA,NA,NA,NA,NA,  8.75948E-03,  8.11633E-03,  7.50201E-03,  6.92339E-03,  6.38389E-03,  5.88454E-03,  5.42480E-03,  5.00311E-03,  4.61734E-03,  4.26505E-03,  3.94365E-03,  3.65059E-03,  3.38340E-03,
NA,NA,NA,NA,NA,NA,NA,NA,NA,NA,NA,NA,  3.96166E-03,  4.26292E-03,  4.60217E-03,  4.98535E-03,  5.41911E-03,  5.91069E-03,  6.46775E-03,  7.09807E-03,  7.80896E-03,  8.60652E-03,  9.49445E-03,  1.04725E-02,  1.15344E-02,  1.26654E-02,  1.38403E-02,  1.50211E-02,  1.61576E-02,NA,NA,NA,NA,NA,NA,NA,NA,NA,NA,NA,NA,  1.84065E-02,NA,NA,NA,NA,NA,NA,NA,NA,NA,NA,NA,NA,NA,NA,NA,NA,NA,NA,NA,NA,NA,NA,NA,NA,NA,NA,NA,NA,NA,NA,NA,NA,NA,NA,NA,  8.79278E-03,  8.30537E-03,  7.79876E-03,  7.29085E-03,  6.79414E-03,  6.31688E-03,  5.86421E-03,  5.43895E-03,  5.04226E-03,  4.67416E-03,  4.33392E-03,  4.02032E-03,  3.73183E-03,  3.46680E-03,  3.22350E-03,
NA,NA,NA,NA,NA,NA,NA,NA,NA,NA,NA,NA,  3.84782E-03,  4.13496E-03,  4.45623E-03,  4.81638E-03,  5.22057E-03,  5.67422E-03,  6.18277E-03,  6.75140E-03,  7.38451E-03,  8.08503E-03,  8.85352E-03,  9.68702E-03,  1.05777E-02,  1.15116E-02,  1.24672E-02,  1.34154E-02,  1.43202E-02,  1.51412E-02,  1.58390E-02,NA,NA,NA,NA,NA,NA,NA,NA,  1.68037E-02,  1.71430E-02,  1.77864E-02,NA,NA,NA,NA,NA,NA,NA,NA,NA,NA,NA,NA,NA,NA,NA,NA,NA,NA,NA,NA,NA,NA,NA,NA,NA,NA,NA,NA,NA,NA,NA,NA,NA,NA,  8.01052E-03,  7.69874E-03,  7.33866E-03,  6.95074E-03,  6.55075E-03,  6.15046E-03,  5.75828E-03,  5.38001E-03,  5.01938E-03,  4.67859E-03,  4.35871E-03,  4.05996E-03,  3.78204E-03,  3.52423E-03,  3.28557E-03,  3.06497E-03,
NA,NA,NA,NA,NA,NA,NA,NA,NA,NA,NA,NA,NA,  4.00310E-03,  4.30555E-03,  4.64211E-03,  5.01669E-03,  5.43323E-03,  5.89549E-03,  6.40674E-03,  6.96933E-03,  7.58416E-03,  8.25000E-03,  8.96271E-03,  9.71439E-03,  1.04927E-02,  1.12804E-02,  1.20555E-02,  1.27923E-02,  1.34638E-02,  1.40445E-02,  1.45153E-02,  1.48667E-02,  1.51023E-02,  1.52397E-02,  1.53095E-02,  1.53532E-02,  1.54199E-02,  1.55644E-02,  1.58462E-02,  1.63310E-02,  1.70937E-02,  1.82246E-02,NA,NA,NA,NA,NA,NA,NA,NA,NA,NA,NA,NA,NA,NA,NA,NA,NA,NA,NA,NA,NA,NA,NA,NA,NA,NA,NA,NA,NA,NA,NA,  7.22883E-03,  7.15636E-03,  6.99892E-03,  6.77686E-03,  6.50869E-03,  6.21027E-03,  5.89455E-03,  5.57176E-03,  5.24968E-03,  4.93403E-03,  4.62885E-03,  4.33683E-03,  4.05963E-03,  3.79814E-03,  3.55263E-03,  3.32299E-03,  3.10881E-03,  2.90947E-03,
NA,NA,NA,NA,NA,NA,NA,NA,NA,NA,NA,NA,NA,NA,  4.15212E-03,  4.46520E-03,  4.81091E-03,  5.19202E-03,  5.61103E-03,  6.06984E-03,  6.56945E-03,  7.10952E-03,  7.68793E-03,  8.30024E-03,  8.93922E-03,  9.59452E-03,  1.02526E-02,  1.08972E-02,  1.15101E-02,  1.20730E-02,  1.25697E-02,  1.29888E-02,  1.33261E-02,  1.35862E-02,  1.37839E-02,  1.39430E-02,  1.40958E-02,  1.42814E-02,  1.45446E-02,  1.49353E-02,  1.55097E-02,  1.63323E-02,  1.74790E-02,NA,NA,NA,NA,NA,NA,NA,NA,NA,NA,NA,NA,NA,NA,NA,NA,NA,NA,NA,NA,NA,NA,NA,NA,NA,NA,NA,NA,NA,NA,  6.29647E-03,  6.32585E-03,  6.27990E-03,  6.16898E-03,  6.00538E-03,  5.80157E-03,  5.56904E-03,  5.31780E-03,  5.05619E-03,  4.79091E-03,  4.52716E-03,  4.26884E-03,  4.01875E-03,  3.77883E-03,  3.55031E-03,  3.33387E-03,  3.12979E-03,  2.93803E-03,  2.75836E-03,
NA,NA,NA,NA,NA,NA,NA,NA,NA,NA,NA,NA,NA,NA,NA,  4.28797E-03,  4.60608E-03,  4.95396E-03,  5.33317E-03,  5.74468E-03,  6.18862E-03,  6.66398E-03,  7.16830E-03,  7.69733E-03,  8.24480E-03,  8.80231E-03,  9.35944E-03,  9.90418E-03,  1.04238E-02,  1.09059E-02,  1.13403E-02,  1.17205E-02,  1.20452E-02,  1.23198E-02,  1.25565E-02,  1.27749E-02,  1.30005E-02,  1.32648E-02,  1.36043E-02,  1.40603E-02,  1.46794E-02,  1.55147E-02,  1.66269E-02,NA,NA,NA,NA,NA,NA,NA,NA,NA,NA,NA,NA,NA,NA,NA,NA,NA,NA,NA,NA,NA,NA,NA,NA,NA,NA,NA,NA,NA,  5.55349E-03,  5.60952E-03,  5.61817E-03,  5.57723E-03,  5.48988E-03,  5.36235E-03,  5.20215E-03,  5.01701E-03,  4.81419E-03,  4.60009E-03,  4.38016E-03,  4.15883E-03,  3.93959E-03,  3.72510E-03,  3.51734E-03,  3.31767E-03,  3.12699E-03,  2.94582E-03,  2.77439E-03,NA,
NA,NA,NA,NA,NA,NA,NA,NA,NA,NA,NA,NA,NA,NA,NA,NA,  4.40446E-03,  4.72157E-03,  5.06457E-03,  5.43380E-03,  5.82889E-03,  6.24850E-03,  6.69016E-03,  7.15006E-03,  7.62295E-03,  8.10215E-03,  8.57974E-03,  9.04697E-03,  9.49490E-03,  9.91533E-03,  1.03019E-02,  1.06511E-02,  1.09637E-02,  1.12449E-02,  1.15054E-02,  1.17609E-02,  1.20323E-02,  1.23449E-02,  1.27283E-02,  1.32159E-02,  1.38454E-02,  1.46586E-02,  1.57023E-02,  1.70280E-02,NA,NA,NA,NA,NA,NA,NA,NA,NA,NA,NA,NA,NA,NA,NA,NA,NA,NA,NA,NA,NA,NA,NA,NA,NA,NA,NA,  5.06620E-03,  5.07665E-03,  5.07951E-03,  5.06033E-03,  5.01232E-03,  4.93394E-03,  4.82702E-03,  4.69531E-03,  4.54348E-03,  4.37638E-03,  4.19866E-03,  4.01447E-03,  3.82739E-03,  3.64038E-03,  3.45579E-03,  3.27547E-03,  3.10079E-03,  2.93271E-03,  2.77188E-03,  2.61868E-03,NA,
NA,NA,NA,NA,NA,NA,NA,NA,NA,NA,NA,NA,NA,NA,NA,NA,NA,  4.49665E-03,  4.80697E-03,  5.13866E-03,  5.49105E-03,  5.86273E-03,  6.25139E-03,  6.65375E-03,  7.06551E-03,  7.48146E-03,  7.89563E-03,  8.30169E-03,  8.69343E-03,  9.06547E-03,  9.41396E-03,  9.73745E-03,  1.00375E-02,  1.03193E-02,  1.05919E-02,  1.08683E-02,  1.11654E-02,  1.15036E-02,  1.19064E-02,  1.24005E-02,  1.30154E-02,  1.37832E-02,  1.47382E-02,  1.59160E-02,NA,NA,NA,NA,NA,NA,NA,NA,NA,NA,NA,NA,NA,NA,NA,NA,NA,NA,NA,NA,NA,NA,NA,NA,NA,  5.01624E-03,  4.85542E-03,  4.76390E-03,  4.70796E-03,  4.66383E-03,  4.61596E-03,  4.55521E-03,  4.47716E-03,  4.38069E-03,  4.26683E-03,  4.13788E-03,  3.99674E-03,  3.84651E-03,  3.69019E-03,  3.53050E-03,  3.36980E-03,  3.21010E-03,  3.05300E-03,  2.89975E-03,  2.75132E-03,  2.60839E-03,NA,NA,
NA,NA,NA,NA,NA,NA,NA,NA,NA,NA,NA,NA,NA,NA,NA,NA,NA,NA,NA,  4.85987E-03,  5.17503E-03,  5.50551E-03,  5.84926E-03,  6.20351E-03,  6.56483E-03,  6.92917E-03,  7.29210E-03,  7.64907E-03,  7.99580E-03,  8.32884E-03,  8.64601E-03,  8.94703E-03,  9.23398E-03,  9.51163E-03,  9.78769E-03,  1.00729E-02,  1.03807E-02,  1.07276E-02,  1.11320E-02,  1.16148E-02,  1.21985E-02,  1.29068E-02,  1.37638E-02,  1.47928E-02,  1.60143E-02,NA,NA,NA,NA,NA,NA,NA,NA,NA,NA,NA,NA,NA,NA,NA,NA,NA,NA,NA,NA,NA,NA,  5.72212E-03,  5.23273E-03,  4.89710E-03,  4.67152E-03,  4.51973E-03,  4.41320E-03,  4.33054E-03,  4.25664E-03,  4.18156E-03,  4.09934E-03,  4.00704E-03,  3.90383E-03,  3.79027E-03,  3.66775E-03,  3.53810E-03,  3.40332E-03,  3.26535E-03,  3.12600E-03,  2.98685E-03,  2.84924E-03,  2.71426E-03,  2.58280E-03,  2.45551E-03,NA,NA,
NA,NA,NA,NA,NA,NA,NA,NA,NA,NA,NA,NA,NA,NA,NA,NA,NA,NA,NA,NA,  4.88019E-03,  5.17520E-03,  5.48075E-03,  5.79456E-03,  6.11391E-03,  6.43571E-03,  6.75667E-03,  7.07355E-03,  7.38346E-03,  7.68423E-03,  7.97478E-03,  8.25553E-03,  8.52868E-03,  8.79855E-03,  9.07161E-03,  9.35661E-03,  9.66440E-03,  1.00078E-02,  1.04014E-02,  1.08609E-02,  1.14031E-02,  1.20450E-02,  1.28027E-02,  1.36904E-02,  1.47185E-02,  1.58904E-02,NA,NA,NA,NA,NA,NA,NA,NA,NA,NA,NA,NA,NA,NA,NA,NA,NA,NA,NA,  7.17019E-03,  6.29809E-03,  5.63061E-03,  5.13213E-03,  4.76717E-03,  4.50300E-03,  4.31122E-03,  4.16840E-03,  4.05614E-03,  3.96062E-03,  3.87204E-03,  3.78389E-03,  3.69222E-03,  3.59501E-03,  3.49162E-03,  3.38234E-03,  3.26801E-03,  3.14980E-03,  3.02898E-03,  2.90684E-03,  2.78456E-03,  2.66322E-03,  2.54373E-03,  2.42683E-03,NA,NA,NA,
NA,NA,NA,NA,NA,NA,NA,NA,NA,NA,NA,NA,NA,NA,NA,NA,NA,NA,NA,NA,NA,NA,  5.14283E-03,  5.42242E-03,  5.70656E-03,  5.99288E-03,  6.27898E-03,  6.56257E-03,  6.84173E-03,  7.11515E-03,  7.38244E-03,  7.64439E-03,  7.90317E-03,  8.16252E-03,  8.42785E-03,  8.70622E-03,  9.00622E-03,  9.33786E-03,  9.71220E-03,  1.01411E-02,  1.06365E-02,  1.12102E-02,  1.18725E-02,  1.26312E-02,  1.34899E-02,  1.44460E-02,  1.54880E-02,NA,NA,NA,NA,NA,NA,NA,NA,NA,NA,NA,NA,NA,NA,NA,NA,NA,  7.85689E-03,  6.89139E-03,  6.10588E-03,  5.48175E-03,  4.99575E-03,  4.62312E-03,  4.33983E-03,  4.12409E-03,  3.95717E-03,  3.82366E-03,  3.71149E-03,  3.61157E-03,  3.51742E-03,  3.42468E-03,  3.33067E-03,  3.23398E-03,  3.13410E-03,  3.03116E-03,  2.92566E-03,  2.81835E-03,  2.71005E-03,  2.60160E-03,  2.49379E-03,  2.38735E-03,NA,NA,NA,NA,
NA,NA,NA,NA,NA,NA,NA,NA,NA,NA,NA,NA,NA,NA,NA,NA,NA,NA,NA,NA,NA,NA,NA,  5.08301E-03,  5.33731E-03,  5.59371E-03,  5.85046E-03,  6.10594E-03,  6.35891E-03,  6.60865E-03,  6.85517E-03,  7.09940E-03,  7.34336E-03,  7.59026E-03,  7.84451E-03,  8.11175E-03,  8.39871E-03,  8.71305E-03,  9.06306E-03,  9.45736E-03,  9.90439E-03,  1.04118E-02,  1.09857E-02,  1.16296E-02,  1.23430E-02,  1.31202E-02,  1.39484E-02,  1.48059E-02,  1.56612E-02,NA,NA,NA,NA,NA,NA,NA,NA,NA,NA,NA,NA,NA,NA,  8.37230E-03,  7.39794E-03,  6.56288E-03,  5.86429E-03,  5.29206E-03,  4.83146E-03,  4.46560E-03,  4.17715E-03,  3.94969E-03,  3.76852E-03,  3.62109E-03,  3.49713E-03,  3.38857E-03,  3.28932E-03,  3.19501E-03,  3.10267E-03,  3.01044E-03,  2.91732E-03,  2.82290E-03,  2.72720E-03,  2.63054E-03,  2.53337E-03,  2.43623E-03,  2.33967E-03,  2.24421E-03,NA,NA,NA,NA,
NA,NA,NA,NA,NA,NA,NA,NA,NA,NA,NA,NA,NA,NA,NA,NA,NA,NA,NA,NA,NA,NA,NA,NA,NA,  5.23233E-03,  5.46402E-03,  5.69540E-03,  5.92569E-03,  6.15453E-03,  6.38217E-03,  6.60956E-03,  6.83849E-03,  7.07163E-03,  7.31256E-03,  7.56571E-03,  7.83626E-03,  8.12997E-03,  8.45295E-03,  8.81129E-03,  9.21068E-03,  9.65586E-03,  1.01499E-02,  1.06936E-02,  1.12843E-02,  1.19148E-02,  1.25728E-02,  1.32393E-02,  1.38888E-02,  1.44893E-02,  1.50034E-02,NA,NA,NA,NA,NA,NA,NA,NA,NA,NA,  9.65468E-03,  8.66514E-03,  7.75046E-03,  6.92891E-03,  6.20945E-03,  5.59324E-03,  5.07547E-03,  4.64723E-03,  4.29724E-03,  4.01323E-03,  3.78304E-03,  3.59533E-03,  3.44005E-03,  3.30867E-03,  3.19424E-03,  3.09126E-03,  2.99561E-03,  2.90427E-03,  2.81518E-03,  2.72703E-03,  2.63909E-03,  2.55102E-03,  2.46281E-03,  2.37463E-03,  2.28675E-03,  2.19952E-03,NA,NA,NA,NA,NA,
NA,NA,NA,NA,NA,NA,NA,NA,NA,NA,NA,NA,NA,NA,NA,NA,NA,NA,NA,NA,NA,NA,NA,NA,NA,NA,NA,NA,  5.53457E-03,  5.74471E-03,  5.95497E-03,  6.16628E-03,  6.38017E-03,  6.59881E-03,  6.82504E-03,  7.06230E-03,  7.31451E-03,  7.58593E-03,  7.88092E-03,  8.20366E-03,  8.55779E-03,  8.94597E-03,  9.36934E-03,  9.82690E-03,  1.03149E-02,  1.08260E-02,  1.13490E-02,  1.18681E-02,  1.23627E-02,  1.28087E-02,  1.31788E-02,  1.34452E-02,  1.35821E-02,  1.35691E-02,  1.33938E-02,  1.30548E-02,  1.25619E-02,  1.19355E-02,  1.12046E-02,  1.04035E-02,  9.56751E-03,  8.73024E-03,  7.92052E-03,  7.16094E-03,  6.46721E-03,  5.84834E-03,  5.30751E-03,  4.84314E-03,  4.45020E-03,  4.12137E-03,  3.84812E-03,  3.62156E-03,  3.43308E-03,  3.27478E-03,  3.13970E-03,  3.02198E-03,  2.91682E-03,  2.82043E-03,  2.72996E-03,  2.64330E-03,  2.55899E-03,  2.47610E-03,  2.39407E-03,  2.31264E-03,  2.23175E-03,  2.15150E-03,NA,NA,NA,NA,NA,NA,
NA,NA,NA,NA,NA,NA,NA,NA,NA,NA,NA,NA,NA,NA,NA,NA,NA,NA,NA,NA,NA,NA,NA,NA,NA,NA,NA,NA,NA,NA,NA,  5.76283E-03,  5.96185E-03,  6.16568E-03,  6.37653E-03,  6.59701E-03,  6.83003E-03,  7.07865E-03,  7.34592E-03,  7.63457E-03,  7.94675E-03,  8.28369E-03,  8.64524E-03,  9.02949E-03,  9.43226E-03,  9.84669E-03,  1.02629E-02,  1.06679E-02,  1.10457E-02,  1.13778E-02,  1.16444E-02,  1.18257E-02,  1.19040E-02,  1.18656E-02,  1.17029E-02,  1.14156E-02,  1.10112E-02,  1.05046E-02,  9.91647E-03,  9.27129E-03,  8.59485E-03,  7.91199E-03,  7.24467E-03,  6.61078E-03,  6.02346E-03,  5.49111E-03,  5.01774E-03,  4.60369E-03,  4.24641E-03,  3.94135E-03,  3.68271E-03,  3.46410E-03,  3.27905E-03,  3.12144E-03,  2.98568E-03,  2.86691E-03,  2.76104E-03,  2.66471E-03,  2.57529E-03,  2.49075E-03,  2.40960E-03,  2.33080E-03,  2.25366E-03,  2.17775E-03,  2.10286E-03,NA,NA,NA,NA,NA,NA,NA,
NA,NA,NA,NA,NA,NA,NA,NA,NA,NA,NA,NA,NA,NA,NA,NA,NA,NA,NA,NA,NA,NA,NA,NA,NA,NA,NA,NA,NA,NA,NA,NA,NA,NA,NA,  6.16617E-03,  6.37993E-03,  6.60611E-03,  6.84674E-03,  7.10349E-03,  7.37749E-03,  7.66898E-03,  7.97706E-03,  8.29936E-03,  8.63174E-03,  8.96801E-03,  9.29980E-03,  9.61657E-03,  9.90581E-03,  1.01536E-02,  1.03452E-02,  1.04667E-02,  1.05056E-02,  1.04529E-02,  1.03037E-02,  1.00584E-02,  9.72279E-03,  9.30787E-03,  8.82870E-03,  8.30312E-03,  7.75011E-03,  7.18825E-03,  6.63436E-03,  6.10255E-03,  5.60368E-03,  5.14522E-03,  4.73137E-03,  4.36350E-03,  4.04068E-03,  3.76023E-03,  3.51829E-03,  3.31036E-03,  3.13165E-03,  2.97746E-03,  2.84337E-03,  2.72542E-03,  2.62017E-03,  2.52472E-03,  2.43669E-03,  2.35422E-03,  2.27585E-03,  2.20051E-03,  2.12744E-03,  2.05613E-03,NA,NA,NA,NA,NA,NA,NA,NA,
NA,NA,NA,NA,NA,NA,NA,NA,NA,NA,NA,NA,NA,NA,NA,NA,NA,NA,NA,NA,NA,NA,NA,NA,NA,NA,NA,NA,NA,NA,NA,NA,NA,NA,NA,NA,  5.96173E-03,  6.16637E-03,  6.38195E-03,  6.60940E-03,  6.84910E-03,  7.10069E-03,  7.36285E-03,  7.63308E-03,  7.90749E-03,  8.18067E-03,  8.44565E-03,  8.69394E-03,  8.91582E-03,  9.10070E-03,  9.23784E-03,  9.31706E-03,  9.32973E-03,  9.26964E-03,  9.13379E-03,  8.92288E-03,  8.64150E-03,  8.29784E-03,  7.90306E-03,  7.47037E-03,  7.01392E-03,  6.54772E-03,  6.08475E-03,  5.63614E-03,  5.21081E-03,  4.81520E-03,  4.45336E-03,  4.12719E-03,  3.83672E-03,  3.58053E-03,  3.35616E-03,  3.16048E-03,  2.99001E-03,  2.84118E-03,  2.71053E-03,  2.59489E-03,  2.49139E-03,  2.39756E-03,  2.31133E-03,  2.23101E-03,  2.15523E-03,  2.08296E-03,  2.01341E-03,NA,NA,NA,NA,NA,NA,NA,NA,NA,
NA,NA,NA,NA,NA,NA,NA,NA,NA,NA,NA,NA,NA,NA,NA,NA,NA,NA,NA,NA,NA,NA,NA,NA,NA,NA,NA,NA,NA,NA,NA,NA,NA,NA,NA,NA,NA,  5.75759E-03,  5.95000E-03,  6.15085E-03,  6.36005E-03,  6.57688E-03,  6.79983E-03,  7.02643E-03,  7.25318E-03,  7.47545E-03,  7.68748E-03,  7.88249E-03,  8.05292E-03,  8.19074E-03,  8.28797E-03,  8.33727E-03,  8.33252E-03,  8.26949E-03,  8.14633E-03,  7.96389E-03,  7.72579E-03,  7.43828E-03,  7.10973E-03,  6.75004E-03,  6.36990E-03,  5.98001E-03,  5.59040E-03,  5.20990E-03,  4.84578E-03,  4.50354E-03,  4.18690E-03,  3.89794E-03,  3.63726E-03,  3.40428E-03,  3.19750E-03,  3.01481E-03,  2.85371E-03,  2.71153E-03,  2.58560E-03,  2.47338E-03,  2.37253E-03,  2.28099E-03,  2.19696E-03,  2.11895E-03,  2.04571E-03,  1.97626E-03,NA,NA,NA,NA,NA,NA,NA,NA,NA,NA,
NA,NA,NA,NA,NA,NA,NA,NA,NA,NA,NA,NA,NA,NA,NA,NA,NA,NA,NA,NA,NA,NA,NA,NA,NA,NA,NA,NA,NA,NA,NA,NA,NA,NA,NA,NA,NA,NA,NA,  5.72614E-03,  5.90843E-03,  6.09515E-03,  6.28472E-03,  6.47486E-03,  6.66246E-03,  6.84361E-03,  7.01360E-03,  7.16702E-03,  7.29799E-03,  7.40042E-03,  7.46835E-03,  7.49643E-03,  7.48033E-03,  7.41714E-03,  7.30575E-03,  7.14704E-03,  6.94392E-03,  6.70119E-03,  6.42523E-03,  6.12357E-03,  5.80435E-03,  5.47582E-03,  5.14579E-03,  4.82131E-03,  4.50828E-03,  4.21135E-03,  3.93385E-03,  3.67784E-03,  3.44424E-03,  3.23300E-03,  3.04329E-03,  2.87374E-03,  2.72258E-03,  2.58784E-03,  2.46748E-03,  2.35950E-03,  2.26200E-03,  2.17327E-03,  2.09180E-03,  2.01627E-03,  1.94558E-03,NA,NA,NA,NA,NA,NA,NA,NA,NA,NA,NA,
NA,NA,NA,NA,NA,NA,NA,NA,NA,NA,NA,NA,NA,NA,NA,NA,NA,NA,NA,NA,NA,NA,NA,NA,NA,NA,NA,NA,NA,NA,NA,NA,NA,NA,NA,NA,NA,NA,NA,NA,  5.49206E-03,  5.65279E-03,  5.81404E-03,  5.97373E-03,  6.12917E-03,  6.27707E-03,  6.41360E-03,  6.53446E-03,  6.63506E-03,  6.71077E-03,  6.75713E-03,  6.77021E-03,  6.74692E-03,  6.68527E-03,  6.58464E-03,  6.44587E-03,  6.27130E-03,  6.06470E-03,  5.83096E-03,  5.57589E-03,  5.30576E-03,  5.02697E-03,  4.74568E-03,  4.46749E-03,  4.19723E-03,  3.93880E-03,  3.69513E-03,  3.46816E-03,  3.25895E-03,  3.06779E-03,  2.89430E-03,  2.73763E-03,  2.59657E-03,  2.46968E-03,  2.35542E-03,  2.25222E-03,  2.15858E-03,  2.07308E-03,  1.99445E-03,  1.92157E-03,NA,NA,NA,NA,NA,NA,NA,NA,NA,NA,NA,NA,
NA,NA,NA,NA,NA,NA,NA,NA,NA,NA,NA,NA,NA,NA,NA,NA,NA,NA,NA,NA,NA,NA,NA,NA,NA,NA,NA,NA,NA,NA,NA,NA,NA,NA,NA,NA,NA,NA,NA,NA,NA,NA,  5.38425E-03,  5.51853E-03,  5.64752E-03,  5.76849E-03,  5.87833E-03,  5.97361E-03,  6.05077E-03,  6.10624E-03,  6.13669E-03,  6.13922E-03,  6.11162E-03,  6.05253E-03,  5.96164E-03,  5.83973E-03,  5.68871E-03,  5.51154E-03,  5.31205E-03,  5.09475E-03,  4.86452E-03,  4.62638E-03,  4.38520E-03,  4.14547E-03,  3.91114E-03,  3.68548E-03,  3.47102E-03,  3.26956E-03,  3.08219E-03,  2.90938E-03,  2.75107E-03,  2.60677E-03,  2.47567E-03,  2.35675E-03,  2.24886E-03,  2.15079E-03,  2.06134E-03,  1.97937E-03,NA,NA,NA,NA,NA,NA,NA,NA,NA,NA,NA,NA,NA,NA,
NA,NA,NA,NA,NA,NA,NA,NA,NA,NA,NA,NA,NA,NA,NA,NA,NA,NA,NA,NA,NA,NA,NA,NA,NA,NA,NA,NA,NA,NA,NA,NA,NA,NA,NA,NA,NA,NA,NA,NA,NA,NA,NA,  5.10496E-03,  5.21219E-03,  5.31131E-03,  5.39979E-03,  5.47492E-03,  5.53391E-03,  5.57402E-03,  5.59274E-03,  5.58794E-03,  5.55801E-03,  5.50204E-03,  5.41992E-03,  5.31235E-03,  5.18091E-03,  5.02796E-03,  4.85651E-03,  4.67009E-03,  4.47256E-03,  4.26788E-03,  4.05992E-03,  3.85232E-03,  3.64829E-03,  3.45059E-03,  3.26138E-03,  3.08228E-03,  2.91438E-03,  2.75823E-03,  2.61396E-03,  2.48136E-03,  2.35990E-03,  2.24887E-03,  2.14743E-03,  2.05465E-03,NA,NA,NA,NA,NA,NA,NA,NA,NA,NA,NA,NA,NA,NA,NA,NA,
NA,NA,NA,NA,NA,NA,NA,NA,NA,NA,NA,NA,NA,NA,NA,NA,NA,NA,NA,NA,NA,NA,NA,NA,NA,NA,NA,NA,NA,NA,NA,NA,NA,NA,NA,NA,NA,NA,NA,NA,NA,NA,NA,NA,NA,  4.89966E-03,  4.97102E-03,  5.03023E-03,  5.07510E-03,  5.10354E-03,  5.11364E-03,  5.10381E-03,  5.07291E-03,  5.02033E-03,  4.94607E-03,  4.85078E-03,  4.73575E-03,  4.60289E-03,  4.45459E-03,  4.29365E-03,  4.12313E-03,  3.94618E-03,  3.76592E-03,  3.58527E-03,  3.40691E-03,  3.23311E-03,  3.06574E-03,  2.90625E-03,  2.75565E-03,  2.61454E-03,  2.48317E-03,  2.36150E-03,  2.24923E-03,  2.14587E-03,NA,NA,NA,NA,NA,NA,NA,NA,NA,NA,NA,NA,NA,NA,NA,NA,NA,NA,
